index,t,days,siteID,ps1,lpC,sdpC,lsdps1,mld,dmld,N0,light
1,1,1,5,5.74230662798983,4.11295930864902,5.59465068529674,0.81696779046444,166.105081960427,0,16.5627625,30.3788871183849
2,8,8,5,5.74230662798983,4.11295930864902,5.59465068529674,0.81696779046444,166.105081960427,2.60199846088884,16.5627625,30.3788871183849
3,16,16,5,8.93618023631869,6.60860696326884,8.13366099476912,0.776833761437567,186.921069647538,1.11145198005767,16.5627625,30.2550303669724
4,24,24,5,9.68927799047908,8.08467669128732,6.40035942299731,0.601746472893172,195.812685487999,1.11145197539701,16.5627625,44.4110020257221
5,32,32,5,7.83337729025586,6.26287052854935,5.88501100503053,0.668962051378294,204.704301291175,1.11145197500782,16.5627625,36.6817974080301
6,40,40,5,6.84022329956197,4.69360252245408,7.25150798477647,0.867893958018879,213.595917091238,0.477281987286258,16.5627625,53.0669315045521
7,48,48,5,8.52476715940261,7.37661637128518,4.93789951702652,0.537885978469127,217.414172989528,-1.42522794595198,16.5627625,30.3508733103156
8,56,56,5,9.68949573785174,8.27864417475888,5.89296934124093,0.561004772050693,206.012349421912,-1.42522796067928,16.5627625,66.4307973821807
9,64,64,5,8.719784167736,7.27029404851562,5.77413166569051,0.602988803614472,194.610525736478,-1.42522794834859,16.5627625,63.2856775716231
10,72,72,5,14.2462726559542,12.7909220906926,6.98657012300211,0.464240448141276,183.208702149689,1.91903833841712,16.5627625,69.0212631214744
11,80,80,5,11.260403109168,9.30816743024583,7.665807857684,0.617090251287963,198.561008857026,3.03379372023867,16.5627625,92.5031416612607
12,88,88,5,13.2308564006579,11.630439876483,7.17579814198529,0.507791136919974,222.831358618935,3.03379378470285,16.5627625,64.1760717947254
13,96,96,5,12.3091581850623,10.418996660642,7.74344116757156,0.577430188495617,247.101708896558,3.03379374846815,16.5627625,77.0351707967305
14,104,104,5,14.1380170149853,11.1052063594994,11.1392748714676,0.69491491780222,271.372058884303,-6.73110505780407,16.5627625,100.693410281752
15,112,112,5,23.3649963514466,21.1297997545749,11.0276458528603,0.448452149610201,217.523218421871,-8.12609067266192,16.5627625,92.9744305492775
16,120,120,5,17.8910130034015,15.3243525042882,10.779696393684,0.556516468640168,152.514493040575,-8.12609062743276,16.5627625,111.324912698742
17,128,128,5,50.5258733388328,44.9548252462821,25.9217168847545,0.483378622397751,87.5057680211133,-7.1550460826357,16.5627625,98.0815390611954
18,136,136,5,25.6719771347858,22.8765257791664,13.0732371232359,0.480184763344184,30.2653993600276,-0.35773397812621,16.5627625,121.486070874579
19,144,144,5,31.6955579898673,26.3306327879831,21.238848736989,0.609004989104361,27.403527535018,-0.357733977964759,16.5627625,107.610112114147
20,152,152,5,39.420624829299,35.292310034255,19.6167798976843,0.470370190408318,24.5416557112999,-0.357733980382063,16.5627625,112.685456285606
21,160,160,5,43.5512569752998,40.1299882377745,18.3628177203905,0.404511247098325,21.6797838682434,-0.311898508992877,16.5627625,133.945841993058
22,168,168,5,34.3934003577135,30.2845328138524,18.5137064797947,0.50443549025602,19.1845957963004,-0.174392082119991,16.5627625,126.5594932146
23,176,176,5,30.0471106769062,24.8305475860843,20.474176230874,0.61756271447699,17.7894591393405,-0.174392085455146,16.5627625,94.3449747101492
24,184,184,5,26.8398800416706,24.5023724334089,12.0001426646112,0.426893185300238,16.3943224556993,-0.174392086053268,16.5627625,137.211299472243
25,192,192,5,23.8590834490873,22.1237852258493,9.63339602300364,0.388617338497297,14.9991857672731,-0.114387093669633,16.5627625,102.641279909998
26,200,200,5,20.9082936563757,19.4934020303679,8.10946747064755,0.374352387526277,14.0840890179161,-0.0543821022235331,16.5627625,135.843091388289
27,208,208,5,20.5672450281432,19.3617445605341,7.36986423793386,0.347564594758826,13.6490322001278,-0.0543821046904913,16.5627625,106.412367928504
28,216,216,5,16.1431767446879,14.9583783304652,6.55115345699375,0.390450768993806,13.2139753626039,-0.0543821037974603,16.5627625,118.513845259652
29,224,224,5,15.789297985865,14.4763910912571,6.87534920551731,0.416685123328317,12.7789185322242,0.172065742015835,16.5627625,104.087536958826
30,232,232,5,11.804577641214,10.4178823234255,6.29010067153052,0.499927211074258,14.1554444683509,0.307934447602475,16.5627625,65.0119841211411
31,240,240,5,11.8443389275918,10.6039864547714,5.89394657277055,0.470361594408655,16.6189200491707,0.307934445242094,16.5627625,84.9587220249949
32,248,248,5,13.2189057354381,11.4720841082357,7.56740040279946,0.53241232544064,19.0823956111074,0.307934449873871,16.5627625,84.4262172920817
33,256,256,5,16.2061333351417,14.9795638644161,6.69120049323127,0.396744019189916,21.5458712100984,0.521285030825259,16.5627625,76.4364608805216
34,264,264,5,11.2713022592829,9.74876149450874,6.54072861568228,0.53873856664612,25.7161514567005,0.592401883049556,16.5627625,65.454601605743
35,272,272,5,15.5650028738835,13.4507566424893,9.06352723393264,0.54035104907534,30.4553665210969,0.592401887346063,16.5627625,59.3448156150474
36,280,280,5,12.9305589506279,11.3854444541129,6.96135435146436,0.504495160531444,35.1945816198654,0.592401884529329,16.5627625,55.4805675584866
37,288,288,5,14.3000991509151,13.1839055619113,6.00765153743392,0.403161656941681,39.9337966961,1.62388716725425,16.5627625,52.3646140731965
38,296,296,5,15.3532996644369,14.2245821771277,6.23646328026669,0.390791007157729,52.9248940341341,1.62388717060702,16.5627625,51.5311799241266
39,304,304,5,11.4944580598423,9.2404534443718,8.50400898312224,0.660717871498554,65.9159913989902,1.62388718155112,16.5627625,44.1533868917635
40,312,312,5,11.9349599466018,7.9941430151092,13.2307985810988,0.895279569060267,78.9070888513992,1.4670983908201,16.5627625,38.2430367123898
41,320,320,5,7.68971158713618,6.31333208491317,5.3472653643104,0.628044069383788,90.64387597796,0.369576951492993,16.5627625,36.2926863574726
42,328,328,5,10.8501684474165,8.98689339170967,7.34013503004594,0.613862165095563,93.6004915899039,0.369576978799371,16.5627625,34.3889365441585
43,336,336,5,11.1345791801471,9.71676377262308,6.23058786444815,0.521925070545486,96.5571074202989,0.369576968385111,16.5627625,25.1603012578207
44,344,344,5,10.6468707569041,9.00311631434536,6.7209199923314,0.579129085411669,99.5137231673798,1.25253410927953,16.5627625,27.7830943140445
45,352,352,5,10.7816465379251,9.46056382142317,5.89334739796139,0.511298957604094,109.533996041616,2.72412934612071,16.5627625,24.8554038880435
46,360,360,5,23.5152222840059,20.5901593809615,12.971875664714,0.5154312883503,131.327030810582,1.67620906379488,16.5627625,28.6644940025783
47,366,1,5,9.20516709379971,6.81091889923554,8.36929252390133,0.776193174612101,141.384285193351,0,16.5627625,15.1444056331199
48,373,8,5,9.20516709379971,6.81091889923554,8.36929252390133,0.776193174612101,141.384285193351,2.63450379576948,16.5627625,27.0907407296279
49,381,16,5,11.2482120748496,9.39290398762501,7.41068271661881,0.600424316753444,162.460315559507,-0.146012791676672,16.5627625,27.3297188727179
50,389,24,5,11.0173682218325,9.29082479401403,7.02179245779862,0.583858929843278,161.292213226093,-0.146012765131914,16.5627625,28.1813627452239
51,397,32,5,11.616502565932,10.3808583968468,5.83410348660531,0.474263957327772,160.124111105038,-0.146012767785102,16.5627625,44.2839746284076
52,405,40,5,7.65569808173821,6.13039903557397,5.72656533131102,0.666618893383593,158.956008962757,-0.291629753982061,16.5627625,52.4394407238935
53,413,48,5,9.15464921194493,7.93075119685843,5.27852494276202,0.535750130557543,156.622970930901,-0.728480619221067,16.5627625,39.4808511513594
54,421,56,5,9.59072135250705,7.84327207089064,6.7492376675556,0.634255472237432,150.795125977132,-0.728480626899351,16.5627625,47.6027327920358
55,429,64,5,13.8000024555593,11.6539413250408,8.75195187912237,0.581419532080799,144.967280961937,-0.72848061011069,16.5627625,44.5332700911523
56,437,72,5,16.0560767026908,14.2717720972009,8.2759304756947,0.485394234609712,139.139436081052,0.673863108762454,16.5627625,50.0353294595373
57,445,80,5,14.906574062879,13.1596976358803,7.93150105120898,0.499286247123576,144.530340951152,1.14131101455125,16.5627625,70.9368440733407
58,453,88,5,18.818803914119,16.6030466339249,10.0415543903525,0.500540442865727,153.660829067562,1.14131098828382,16.5627625,83.6523758343797
59,461,96,5,12.3422003735271,10.7902488402511,6.8534779266359,0.518423521339291,162.791316973832,1.14131099529152,16.5627625,97.6310631005334
60,469,104,5,23.6968784354337,18.612390579134,18.6736988747804,0.695004760817974,171.921804936164,-3.06582785820382,16.5627625,88.8657167726128
61,477,112,5,40.3783660130885,33.38986708419,27.4574810345969,0.616509000051944,147.395182070534,-3.6668477139622,16.5627625,120.893112851447
62,485,120,5,29.6031689063105,25.9979606889027,16.1215169396483,0.50963381626868,118.060400358836,-3.66684768776514,16.5627625,112.972791440532
63,493,128,5,33.2052423382633,31.1589450804465,12.2301114570761,0.356669033448768,88.725618856715,-3.38421967083177,16.5627625,137.233397416867
64,501,136,5,26.4948986474343,23.7683157088625,13.0496342828328,0.466044610698953,61.6518614900609,-1.40582328853922,16.5627625,114.782700038045
65,509,144,5,34.1144483491282,30.0294760248557,18.3892035986775,0.50505755385206,50.4052751817472,-1.40582329526752,16.5627625,102.788227822024
66,517,152,5,28.8322998407484,25.6956846554494,14.6743689758294,0.479944195487031,39.158688819607,-1.40582329139941,16.5627625,151.188473444864
67,525,160,5,32.335369001925,29.4199052301758,14.7478055847389,0.434718651037278,27.9121024884118,-1.05167626990832,16.5627625,133.853247927133
68,533,168,5,31.6111720993701,28.0756542090896,16.3559764837676,0.487047847775451,19.4986923291452,0.0107648097351172,16.5627625,152.396164444629
69,541,176,5,29.624986427443,25.4375233364158,17.6842576005618,0.552073836919153,19.5848108070261,0.0107648074192275,16.5627625,96.1263317775479
70,549,184,5,23.1653565738599,20.6476086615112,11.783564270336,0.479704913775697,19.67092926638,0.0107648101459432,16.5627625,136.025111930114
71,557,192,5,17.7528154493951,15.1721835263348,10.7856188467407,0.56050049076366,19.7570477475475,-0.0122112294379657,16.5627625,88.4510474653224
72,565,200,5,20.4589478649199,18.535036863417,9.56051174146653,0.444426618788984,19.6593579120438,-0.0351872597903835,16.5627625,121.581146837898
73,573,208,5,15.9822329451475,14.7032025250006,6.80976459773032,0.40844175940934,19.3778598337207,-0.0351872630955383,16.5627625,102.093685540443
74,581,216,5,18.3620745450921,17.0999656422111,7.18384217114898,0.377388174647943,19.0963617289564,-0.0351872635684538,16.5627625,127.102048594504
75,589,224,5,14.2701358886747,12.6125458895965,7.55266468560322,0.496944524128306,18.8148636204088,0.123420455713444,16.5627625,95.7557214175897
76,597,232,5,13.3338802060733,11.6068722285725,7.53951297593731,0.526708313717779,19.8022272661163,0.218585082538846,16.5627625,97.0331360543802
77,605,240,5,13.817246582177,11.7892408563332,8.4458868752526,0.563436314953169,21.5509079264271,0.218585085522166,16.5627625,77.5597399152099
78,613,248,5,11.4206683957898,10.3194151358099,5.41515192689392,0.450327981547522,23.2995886106044,0.218585084349746,16.5627625,74.5686127728296
79,621,256,5,15.4766582099887,14.0126669809293,7.25701541344265,0.445805477876094,25.0482692854024,0.412856849507539,16.5627625,99.293141516112
80,629,264,5,19.779550535563,18.7737240909523,6.56082038753911,0.323080068375274,28.3511240814627,0.477614100155314,16.5627625,100.366881119097
81,637,272,5,15.5138268030725,14.3128980946007,6.48713233093952,0.401423922299148,32.1720368827052,0.477614099501334,16.5627625,85.2673867845354
82,645,280,5,13.356424236041,12.3219553682226,5.58667096276201,0.401534120137033,35.9929496787159,0.47761409967517,16.5627625,71.1415107785114
83,653,288,5,13.272827992104,11.640642539937,7.27090348216551,0.512281749669224,39.8138624761173,0.509306610516378,16.5627625,47.9999529666445
84,661,296,5,13.65075961613,12.0036157841215,7.39249803842479,0.507123751900486,43.8883153602483,0.509306626982148,16.5627625,52.0684461172258
85,669,304,5,15.1866497616056,12.336429882809,10.9033556520241,0.644763635321823,47.9627683761055,0.509306620429788,16.5627625,42.1012261942921
86,677,312,5,12.3163031446293,9.81834409372189,9.32762507611892,0.673307301895,52.0372213395438,0.512528064399943,16.5627625,40.5539447259071
87,685,320,5,6.57917440604524,5.19230886244468,5.11968987945673,0.68808546196334,56.1374458547433,0.535078231975871,16.5627625,36.7863126232258
88,693,328,5,6.8055326358614,5.52262466281606,4.9007599301223,0.646347699947742,60.4180717105503,0.535078240498499,16.5627625,34.1679265427152
89,701,336,5,9.58081937320913,7.51301943950495,7.5816232721574,0.697317254992456,64.6986976345383,0.535078229138412,16.5627625,27.4571777585344
90,709,344,5,8.13053659313963,6.77356439860828,5.39809236494474,0.604316929383643,68.9793234676456,1.43464501534486,16.5627625,28.9684468294799
91,717,352,5,10.8328756016778,4.21451772549717,25.6508423470986,1.37408178893342,80.4564835904045,2.9339230324162,16.5627625,26.2127833667178
92,725,360,5,14.0594429081305,7.0718265352685,24.1581589235915,1.17232714417194,103.927867849734,9.06445275282114,16.5627625,21.7090689839772
93,732,1,5,10.97854909282,8.84325712776836,8.07668121002468,0.657705138016029,167.379037119482,0,16.5627625,17.0751869321229
94,739,8,5,10.97854909282,8.84325712776836,8.07668121002468,0.657705138016029,167.379037119482,-0.879350510728042,16.5627625,16.65890155259
95,747,16,5,10.1016874315906,8.94466798087036,5.30158799179958,0.493244125967601,160.344233033658,-0.658961433793113,16.5627625,33.1411879802313
96,755,24,5,8.22069838326739,5.35002600219309,9.59060826067405,0.926880516364443,155.072541563313,-0.658961440995334,16.5627625,35.5325389670204
97,763,32,5,6.6045826309265,4.7122910044847,6.48590439898749,0.821692817907905,149.80085003535,-0.658961474017953,16.5627625,35.2155278970955
98,771,40,5,11.0696949523315,9.67823175150945,6.14557963996885,0.518328034721177,144.529158243207,-1.26951799357936,16.5627625,44.41484729667
99,779,48,5,13.7681009591371,12.6641613767354,5.87269473540989,0.408847957844496,134.373014294572,-3.10118767009011,16.5627625,51.2601500842885
100,787,56,5,11.5971920340695,9.31253705287,8.60734775741961,0.662421980691576,109.563512933851,-3.10118767467639,16.5627625,52.0211118808397
101,795,64,5,12.8935045031679,11.3812509567639,6.86389631098443,0.499512380448126,84.7540115364396,-3.10118769525655,16.5627625,64.0207637771483
102,803,72,5,13.9888880568619,11.4382459413857,9.84911557008556,0.634508718367889,59.9445099743872,1.18395624210851,16.5627625,66.145299857366
103,811,80,5,21.3827349434628,17.9219666308129,13.9150926590905,0.594233407872477,69.4161599112553,2.61233755119561,16.5627625,76.4828214322586
104,819,88,5,22.318888117907,19.2281455835948,13.1533561340087,0.546000365065899,90.3148603208201,2.61233755756172,16.5627625,79.75839422972
105,827,96,5,27.3298192621499,24.3851772625325,13.8304191968882,0.477499588039454,111.213560781314,2.61233753858752,16.5627625,96.941408657505
106,835,104,5,23.5585000684858,20.0304354466835,14.5852421149508,0.569620581202936,132.112261090014,-1.14801847104809,16.5627625,99.6369690296199
107,843,112,5,22.1513059801029,20.3115736764052,9.63912921575003,0.416426704362414,122.928113321629,-1.68521219786259,16.5627625,118.717978141293
108,851,120,5,16.5927008709892,14.1381959963565,10.1927800576404,0.565831814860792,109.446415738729,-1.6852121893358,16.5627625,95.0786425146661
109,859,128,5,24.2919958523807,22.2416493937341,10.6682545929075,0.419953038506554,95.9647182240423,-1.64349144918015,16.5627625,108.971007006893
110,867,136,5,38.1592627565149,36.2951576523064,12.3860186536081,0.316493893246673,82.8167866306011,-1.35144633892304,16.5627625,104.085034971278
111,875,144,5,34.2814155386555,31.2607952873441,15.4300499555375,0.429508138641864,72.0052159192168,-1.35144630945186,16.5627625,111.999924937061
112,883,152,5,37.0646975499558,33.9486471976799,16.2409042261667,0.41908462576456,61.1936454436019,-1.351446331845,16.5627625,129.284711306826
113,891,160,5,25.7795340648295,23.7165611575308,10.9838748923331,0.408429520750931,50.382074788842,-1.25356026477904,16.5627625,124.950078583545
114,899,168,5,29.022370484372,27.1655330687557,10.9124685141852,0.3636424767507,40.3535926706096,-0.959902042282955,16.5627625,139.790610873476
115,907,176,5,30.3043713715094,28.4893417070322,10.9882915333976,0.35145961264317,32.674376332346,-0.959902056296252,16.5627625,126.408329167189
116,915,184,5,33.3988765579876,31.1190701722501,13.0165082630296,0.37603575188666,24.995159881976,-0.9599020436282,16.5627625,117.501494992258
117,923,192,5,26.7601973004888,24.5797093210535,11.5190577113523,0.412296810464695,17.3159435329504,-0.358990883129752,16.5627625,95.1767038043809
118,931,200,5,24.4507365963774,23.0888595075701,8.52091369716895,0.338556090805761,14.4440164679124,0.241920283371582,16.5627625,92.4167074266261
119,939,208,5,21.841019821672,20.5164876413664,7.97381866784686,0.353725901910028,16.379378734885,0.241920282054283,16.5627625,80.5016394367774
120,947,216,5,18.7109144601723,17.6660682087559,6.52972124358627,0.339002257320942,18.3147409913193,0.241920280287871,16.5627625,120.509410021427
121,955,224,5,16.7124045610097,15.5980688890034,6.42906451198152,0.371494587713079,20.2501032336222,0.584826483765823,16.5627625,115.344790282728
122,963,232,5,16.4806772060403,15.0369021933201,7.39337724997504,0.428208570952735,24.9287151037488,0.790570205336233,16.5627625,91.3940715362216
123,971,240,5,12.7479522433795,11.6875385379949,5.55220599996051,0.416767221276384,31.2532767464387,0.790570209301596,16.5627625,98.8213611599092
124,979,248,5,11.2878977276054,9.94015071601809,6.07406339465827,0.504279626998237,37.5778384208515,0.79057020292928,16.5627625,84.7623568587314
125,987,256,5,9.93889827779806,8.80271140774152,5.21014859089068,0.492740070908004,43.9024000442857,1.03310752158572,16.5627625,81.7063438942567
126,995,264,5,11.1057271617527,9.63860554842517,6.35646389439972,0.532324131086371,52.1672602169715,1.11395329009534,16.5627625,76.1850269700213
127,1003,272,5,14.8900409318755,13.4986407755599,6.93273321758459,0.442952815905236,61.0788865377342,1.11395329270927,16.5627625,64.9692173794196
128,1011,280,5,11.9441415157542,10.6367517813855,6.1012526626768,0.481509615350661,69.9905128794084,1.11395329899876,16.5627625,56.8122153319779
129,1019,288,5,15.0020201399095,13.7591682575649,6.51884512605073,0.41588335804125,78.9021392713985,1.31568890468117,16.5627625,68.1376963516277
130,1027,296,5,17.8207132562996,16.1976462067953,8.17519436850537,0.437025196167581,89.4276505088478,1.31568890401887,16.5627625,47.3383641157284
131,1035,304,5,16.2157736694855,14.9706405220808,6.74975346767685,0.399733579413735,99.9531617409987,1.31568891121698,16.5627625,40.6190523410547
132,1043,312,5,12.425811764866,10.9096412689272,6.77479937697386,0.510154848402303,110.478673030735,1.43722669724374,16.5627625,39.9249139449033
133,1051,320,5,11.5271054155338,9.51034307640944,7.89492438881932,0.62019561984151,121.976486608684,2.28799126983107,16.5627625,43.0061449665815
134,1059,328,5,13.1411813732946,10.0718744896514,11.013121213367,0.729388895319267,140.280416767333,2.28799129591218,16.5627625,29.3380275374494
135,1067,336,5,14.2949474042292,11.2515039430364,11.2026274786375,0.691960031958646,158.58434713463,2.28799131307339,16.5627625,30.7224604632897
136,1075,344,5,9.59946380538632,7.86152717739645,6.72653594828801,0.6320227185186,176.888277639218,1.09944969227742,16.5627625,31.274936423432
137,1083,352,5,9.00031801665569,7.43498266956872,6.14002893255196,0.618164481205504,185.683875177437,-0.881452862438213,16.5627625,19.8724860484456
138,1091,360,5,5.75135648190797,3.91099208219907,6.20121247801084,0.878230796098449,178.632252277931,7.45448520191289,16.5627625,23.4249498812192
139,1097,1,5,10.339302765219,9.22346091420432,5.23737617901915,0.477916516847849,223.359163489409,0,16.5627625,26.3191871833473
140,1104,8,5,10.339302765219,9.22346091420432,5.23737617901915,0.477916516847849,223.359163489409,4.05503033666981,16.5627625,39.2183778522185
141,1112,16,5,11.1432594607556,10.0470601510579,5.34548058059635,0.455092766379836,255.799406182767,0.433730584507163,16.5627625,34.6016271596649
142,1120,24,5,13.7827547641119,12.2441749109446,7.12324683554182,0.486554929060401,259.269250858824,0.433730582479029,16.5627625,34.1662372301265
143,1128,32,5,11.7059310737993,10.2423430802004,6.47763168837928,0.516846655944045,262.739095518657,0.43373062478171,16.5627625,48.0687528213595
144,1136,40,5,9.87061448391738,7.50131726753371,8.44190547634133,0.74092303035951,266.20894051691,-0.0897528124848463,16.5627625,37.8215900440579
145,1144,48,5,7.81828206660178,6.22071716131311,5.95207246501036,0.676135558145153,265.490918017032,-1.66020282164217,16.5627625,45.6603072571815
146,1152,56,5,9.80095136218502,8.22510600019918,6.35087995440745,0.592095050829111,252.209295443894,-1.66020284506186,16.5627625,54.7335266712253
147,1160,64,5,11.6995608573035,9.94954525430171,7.23781159749835,0.569252949917123,238.927672683399,-1.66020286000441,16.5627625,61.6854697971018
148,1168,72,5,12.3692593589632,11.2652822844591,5.60860993208636,0.432408784667576,225.646049803364,-3.67992046018444,16.5627625,54.3488802819345
149,1176,80,5,10.1367360298429,8.81903317621802,5.74455788857299,0.527738209713232,196.206686121888,-4.35315972586476,16.5627625,76.3514647761356
150,1184,88,5,11.575041373161,9.91074855028634,6.98403853758936,0.557191697694024,161.38140831497,-4.35315969048277,16.5627625,89.1577413304739
151,1192,96,5,11.7780991437276,10.2229130320371,6.73927308291276,0.532184602447914,126.556130791108,-4.35315971206873,16.5627625,97.3279624398504
152,1200,104,5,9.05320623596199,7.01926651676352,7.37430454342428,0.71338663766422,91.7308530945583,-2.00928529598653,16.5627625,112.632153754422
153,1208,112,5,35.4587814292563,29.8457974353244,22.7462253787479,0.587072218569266,75.656570726666,-1.67444605845127,16.5627625,122.969293595656
154,1216,120,5,22.4634178097878,19.1449991262957,13.7872188784954,0.565414134289876,62.2610022590559,-1.67444609519923,16.5627625,62.55742768869
155,1224,128,5,31.4370990963612,26.0267888594765,21.2975900403348,0.614593112624519,48.8654334974621,-1.52061838509514,16.5627625,97.613865943915
156,1232,136,5,33.9020520150331,31.2485035427114,14.2649198533162,0.403742629824456,36.7004864167009,-0.443824517279869,16.5627625,101.096823816197
157,1240,144,5,40.6498336121276,38.3404710394282,14.3197120181435,0.342019646840373,33.149890278462,-0.443824520851994,16.5627625,110.567538544555
158,1248,152,5,50.8613950817454,47.8967684935886,18.1699426837894,0.346572217345009,29.599294111646,-0.443824511170397,16.5627625,122.375841021251
159,1256,160,5,46.9037720110682,42.0914119011117,23.0609178073545,0.465305000751438,26.0486980222828,-0.377610522733165,16.5627625,108.69912670353
160,1264,168,5,31.5352903115502,29.3316279369074,12.4515624482461,0.380633315616385,23.0278138404175,-0.178968530455614,16.5627625,141.515400104652
161,1272,176,5,32.6869519122112,30.7662845048914,11.7287666197308,0.348013053518868,21.5960655967726,-0.178968523986014,16.5627625,120.833208377847
162,1280,184,5,31.9341272786094,30.1796252834081,11.0461777082703,0.336179182522272,20.1643174048845,-0.178968530474226,16.5627625,129.428290469694
163,1288,192,5,29.324251464655,27.0050709820957,12.4112678796474,0.405931536569024,18.7325691610907,-0.0756435519984633,16.5627625,155.143238952843
164,1296,200,5,25.063006118801,23.53152634135,9.18824145516272,0.355110773162806,18.127420745103,0.027681421307427,16.5627625,124.656279233009
165,1304,208,5,19.7977767060946,18.3571932792791,7.9956708254268,0.388711054171195,18.3488721155624,0.0276814225554114,16.5627625,118.149549725965
166,1312,216,5,18.4199527250521,16.9791887535591,7.74754949687242,0.40359896225748,18.5703234960057,0.0276814241251993,16.5627625,120.517285420328
167,1320,224,5,18.3991838607937,16.9907978852019,7.64514630216174,0.399084982453691,18.7917748890073,0.112217055927546,16.5627625,110.66117664066
168,1328,232,5,17.5734430481493,15.9729236809328,8.06168182724736,0.437021340372924,19.6895113364276,0.162938442797295,16.5627625,102.346563763498
169,1336,240,5,14.0108772772716,12.3938857208547,7.38674070940296,0.495238755244174,20.993018878806,0.162938441213015,16.5627625,102.638665144937
170,1344,248,5,11.4344970801473,10.4652122574805,5.03400808041642,0.420899530673337,22.2965264085101,0.162938442621379,16.5627625,88.0061178323638
171,1352,256,5,11.3925224722136,10.3974000403583,5.10224420531305,0.427554529679641,23.6000339494812,1.03867574435348,16.5627625,86.1902804478441
172,1360,264,5,11.9016588356263,10.7143052801055,5.75626875040973,0.458471368204772,31.909439904309,1.3305881744913,16.5627625,99.5367834787087
173,1368,272,5,17.666947672334,14.4357979824372,12.4643706463686,0.635585459349797,42.5541453002394,1.33058818492832,16.5627625,61.5106986215584
174,1376,280,5,18.9755990033432,17.485112807274,8.00025087949021,0.404485027306559,53.1988507796659,1.33058817006648,16.5627625,53.1063194998929
175,1384,288,5,15.3152966535133,14.3422699434256,5.73637664876773,0.36232856100646,63.8435561401978,0.673129502650773,16.5627625,66.4956168087036
176,1392,296,5,14.8259693940481,13.4481196634234,6.88108263006566,0.441680965382346,69.2285921614039,0.673129501371756,16.5627625,47.788823114891
177,1400,304,5,11.3312096564555,9.74729815106301,6.71703193263629,0.548763521455721,74.613628172378,0.673129515200866,16.5627625,43.5379492157798
178,1408,312,5,8.96700170876457,7.81153024676722,5.05437808263992,0.525262760125241,79.9986642939849,0.72850638664017,16.5627625,25.8192266374257
179,1416,320,5,11.9530254001605,8.59404845454881,11.5546966144224,0.812298583497681,85.8267153871063,1.11614462926983,16.5627625,38.9468962952725
180,1424,328,5,10.6269504335788,8.43154200768969,8.15273981021887,0.680314036067096,94.7558724212649,1.11614461559389,16.5627625,26.8321269737171
181,1432,336,5,12.1656698073861,10.5728228712655,6.9248907605851,0.529775813424065,103.685029346016,1.11614462124804,16.5627625,34.6301428462296
182,1440,344,5,7.37757137596343,5.92694259863838,5.46840094930141,0.661718980490822,112.614186316,2.35691414331397,16.5627625,26.6717446681804
183,1448,352,5,5.84456631785814,4.31147617955177,5.34899755829405,0.780041086768938,131.469499462512,4.42486342659429,16.5627625,24.2693512683613
184,1456,360,5,14.8798686941295,13.9638268790778,5.47744144891846,0.356480051449364,166.868406875266,0.820550474524453,16.5627625,25.8228271236572
185,1462,1,5,5.68017350632329,4.19419416735215,5.18769103206876,0.778820327529521,171.791709722413,0,16.5627625,24.0558463569845
186,1469,8,5,5.68017350632329,4.19419416735215,5.18769103206876,0.778820327529521,171.791709722413,-0.0911419009582559,16.5627625,32.4722226265819
187,1477,16,5,10.7648807107174,9.17941163406821,6.59451073917894,0.564492584735457,171.062574514747,4.21080410059962,16.5627625,37.5219286755722
188,1485,24,5,12.9095780171858,10.8877687527293,8.2244623894393,0.583659989070776,204.749007319544,4.21080404873516,16.5627625,31.0354203516843
189,1493,32,5,12.6935533633761,11.3491555889816,6.35880131214369,0.473182653298235,238.435439709425,4.21080411953241,16.5627625,37.4995901596577
190,1501,40,5,13.3181850285196,11.7155649333638,7.20045691179244,0.506383457139898,272.121872665685,3.71887251266178,16.5627625,40.8088313989385
191,1509,48,5,7.05436659376346,5.36068588348683,6.03431136203057,0.741019392269002,301.872852766979,2.2430776221636,16.5627625,57.7582494392192
192,1517,56,5,7.18790639067304,6.05042891080833,4.61003626634789,0.586976629786488,319.817473744288,2.24307773855003,16.5627625,68.7211781500042
193,1525,64,5,10.1265943863619,8.18633655366741,7.37364918197147,0.652224777672085,337.762095652688,2.24307761662538,16.5627625,67.0697716319394
194,1533,72,5,12.4359304986019,10.8216057352956,7.04147896944249,0.527342842325841,355.706716585691,-3.39426356342106,16.5627625,56.623348800384
195,1541,80,5,12.7181842190917,11.3819059106378,6.34114834000135,0.47118553460234,328.552608078323,-5.27337727854655,16.5627625,74.7454614185124
196,1549,88,5,9.56821434025448,7.99502276979005,6.29077682436697,0.599378685730797,286.36558984995,-5.2733772710877,16.5627625,79.1974862252032
197,1557,96,5,15.8771531925227,14.2035949222411,7.93120349296171,0.471987444009043,244.178571681248,-5.27337725342158,16.5627625,83.4519393241636
198,1565,104,5,8.3238997190187,6.30720582786936,7.16883192876782,0.744900126553519,201.991553653876,-4.69844112332491,16.5627625,87.0126332311831
199,1573,112,5,14.2737907146104,12.8339418157372,6.94839203753647,0.461154361849418,164.404024667277,-4.61630740936846,16.5627625,53.8047106193337
200,1581,120,5,16.8338532516827,14.5247587289213,9.86220171604373,0.54320758742918,127.473565392329,-4.61630739307652,16.5627625,92.0953436325228
201,1589,128,5,28.0026009483719,24.6657339741383,15.0504182613495,0.50375074176118,90.5431062477167,-4.17933368786342,16.5627625,83.9789982195266
202,1597,136,5,26.9668175382168,23.0317608495293,16.4231658619829,0.561663529645782,57.1084367448093,-1.1205177590665,16.5627625,163.097838575556
203,1605,144,5,21.5748062885884,20.1390928211403,8.29051065497053,0.371115657923738,48.1442946722773,-1.12051777292251,16.5627625,151.397134051941
204,1613,152,5,16.8253880667438,14.332733625462,10.3455297233097,0.566291363322637,39.1801524888973,-1.12051776842525,16.5627625,133.88705434733
205,1621,160,5,21.9511302903792,20.220032850324,9.27563343934596,0.405326519799138,30.2160103414953,-0.912880016174168,16.5627625,155.879889070069
206,1629,168,5,22.2509194956638,20.5690765118117,9.18013787681872,0.396470744579608,22.912970212102,-0.289966758372669,16.5627625,77.6632221726312
207,1637,176,5,24.6085450115552,22.7698497442848,10.0872044213928,0.394097601130721,20.5932361451206,-0.289966762005871,16.5627625,126.694562595903
208,1645,184,5,31.3915047513447,28.5968764530824,14.2131105003709,0.431832861312503,18.2735020490736,-0.289966757372026,16.5627625,91.2494659146632
209,1653,192,5,30.5825526990494,28.3320578457345,12.4292845467378,0.390987783733843,15.9537679900974,-0.149467640765428,16.5627625,105.759692609412
210,1661,200,5,26.072032129152,24.100903358519,10.7580563677223,0.396519483275264,14.758026863974,-0.00896852321612318,16.5627625,94.1213125078807
211,1669,208,5,26.2357761910724,24.5778000501578,9.79783067330048,0.361331936810474,14.686278678245,-0.00896852476108023,16.5627625,109.89876597252
212,1677,216,5,24.2082065704797,21.8822845789459,11.4544224257511,0.449475926001229,14.6145304801564,-0.00896852298122108,16.5627625,111.969556166851
213,1685,224,5,20.9449695557605,18.2947630409088,11.6749713338287,0.520160849355535,14.5427822963066,0.197542562591322,16.5627625,113.531289347359
214,1693,232,5,21.1439967828203,16.9881231091795,15.6681719224927,0.661576247895394,16.1231227970372,0.321449217442427,16.5627625,89.5630103318804
215,1701,240,5,16.6942225129033,13.8892966329024,11.132440119095,0.606538020490665,18.6947165365766,0.321449221707878,16.5627625,95.1741868308712
216,1709,248,5,14.0157105663419,12.4573484683281,7.22646260819423,0.48552692312559,21.2663103102396,0.321449215930579,16.5627625,95.4209686712949
217,1717,256,5,15.7959375354855,14.4981355633566,6.83150358850115,0.414083879530409,23.8379040376843,0.578685646125425,16.5627625,97.2826334891977
218,1725,264,5,14.6046240236983,13.414857286297,6.28586835878548,0.412250766087043,28.4673892066877,0.664431122673886,16.5627625,73.8576062343699
219,1733,272,5,15.9771371232967,14.171808408332,8.31740594940314,0.489702159824597,33.7828381880787,0.664431114163676,16.5627625,79.9423466870258
220,1741,280,5,16.7112094350367,14.9111009829127,8.45559756477294,0.477438477596788,39.0982871013882,0.664431128352875,16.5627625,54.9578980668238
221,1749,288,5,13.0848154469611,11.2101938030541,7.8771629336509,0.556109533045301,44.4137361282112,1.8274050667468,16.5627625,77.5654590176995
222,1757,296,5,11.254733857527,6.18280432654092,17.1190207644531,1.09454728944321,59.0329766621856,1.82740507370485,16.5627625,50.0750123520518
223,1765,304,5,12.6210508669375,9.60863807243651,10.7487414497846,0.738516933455662,73.6522172518244,1.82740506170935,16.5627625,47.3481698725334
224,1773,312,5,14.4422540835167,12.882805251509,7.31797061409053,0.478047540015086,88.2714577454992,1.96131129486694,16.5627625,41.0496012416732
225,1781,320,5,16.0765293698344,14.6235296325898,7.3424747503391,0.4352667116256,103.961948104435,2.89865486674839,16.5627625,42.3199415975193
226,1789,328,5,16.0939120021074,10.737810724065,17.9677851935916,0.899633079492703,127.151187038422,2.89865485599477,16.5627625,31.10465992658
227,1797,336,5,11.0595443222989,9.41927004201966,6.80503914450657,0.566632507672593,150.34042588638,2.89865488032498,16.5627625,34.298070152446
228,1805,344,5,8.18875269282762,6.62134908912721,5.95855170246751,0.651862640168493,173.52966492898,1.55555641616387,16.5627625,26.1969145117141
229,1813,352,5,9.99831812724488,8.56692633121815,6.01632815874311,0.555891855962355,185.974116258291,-0.682940907900537,16.5627625,21.7919967156842
230,1821,360,5,6.63768000631309,5.25492927726337,5.12224043136542,0.683514388637586,180.510588995086,0,16.5627625,30.0869324608205
