tc,P,P_LightMax,P2_LightMin,P3_noZoo,P4_maxMLD,P5_minMLD,P6_LightMaxNZ,P7_LightMinNZ,P8_MaxMLDNZ,P9_MinMLDNZ,P10_ZOnly,P11_Zdyn,P12_Nullcline,P13_ConstHighN,P14_MLDOnlyNUnlim
1,0.0101288113748381,0.0196674923425957,0.0196674923425957,0,0.0046918615338657,0.0046918615338657,0.00489744914973216,0.00489744914973216,-0.00702257712605784,-0.00702257712605784,1.56414831117381E-17,70.7064757253565,0.25074085455146,0.0154871274681856,0
8,0.0114445377603104,0.0177495135995482,0.0177495135995482,0,0.00597538575113594,0.00597538575113594,0.00423556273871657,0.00423556273871657,-0.00565047134161685,-0.00565047134161685,1.56414831117381E-17,71.5179210882991,0.262194397635485,0.0168334345310683,0
16,0.00774510373499325,0.00859925116969216,0.00859925116969216,0,0.0076093627503066,0.0076093627503066,0.000753155910772495,0.000753155910772495,-0.00395880983416486,-0.00395880983416486,1.56414831117381E-17,72.2454861021231,0.267934746759901,0.0123090702035559,0
24,0.0179083495421887,0.00764517456057282,0.00764517456057282,0,0.0275479566763837,0.0275479566763837,7.55690931930229E-06,7.55690931930229E-06,0.0106074691297335,0.0106074691297335,1.56414831117381E-17,72.3682588519522,0.253113462856234,0.0243279392531104,0
32,0.0122369474256174,0.00568595899981889,0.00568595899981889,0,0.0171958630847246,0.0171958630847246,0,0,0.00419239456711142,0.00419239456711142,1.56414831117381E-17,72.2002601254861,0.246381978471514,0.0170158656255194,0
40,0.0216622529099558,0.00283519842996907,0.00283519842996907,0.00170533575290707,0.0351743559941508,0.0351743559941508,0,0,0.0179212544682769,0.0179212544682769,1.56414831117381E-17,71.5569439423061,0.223305475960712,0.0274652556686453,0
48,-0.00543467185066854,-0.00819455019964786,-0.00819455019964786,-0.0135748127162959,0.00448438853638886,0.00448438853638886,-0.0135282157574989,-0.0135282157574989,-0.00200724262403351,-0.00200724262403351,1.56414831117381E-17,71.049675631341,0.199353023225328,-0.00258384275333175,-0.0135748127162959
56,0.0217012069481417,-0.00266353165652079,-0.00266353165652079,-0.000216513133395807,0.0424496523343638,0.0424496523343638,-0.00855598375395509,-0.00855598375395509,0.0266740218509808,0.0266740218509808,1.56414831117381E-17,69.8051067292596,0.176814348431608,0.0285137079353372,-0.0143261153444585
64,0.0248552877844868,0.00169187464289805,0.00169187464289805,0.00300160832643705,0.026634462833346,0.026634462833346,-0.0042223178089019,-0.0042223178089019,0.0203270378789135,0.0203270378789135,1.56414831117381E-17,67.6240714389696,0.212240354452565,0.029732092631462,0.00940200593754459
72,0.0474718976790501,0.0186111394344179,0.0186111394344179,0.0229604346175727,0.0158387451366022,0.0158387451366022,0.0120554212199337,0.0120554212199337,0.0195929673175359,0.0195929673175359,1.56414831117381E-17,65.1878221822761,0.25694391212976,0.0492357171689671,0.0242986646983449
80,0.0493725648296467,0.0125870960436472,0.0125870960436472,0.0247717025634035,0.00913856659061316,0.00913856659061316,0.00857427230676047,0.00857427230676047,0.0241745953004205,0.0241745953004205,1.56414831117381E-17,61.9076111524732,0.290753103745654,0.0463544139881212,0
88,0.028213138333228,0.0088277111189974,0.0088277111189974,0.0123793026325456,-0.0261948742161048,-0.0261948742161048,0.00578700927404013,0.00578700927404013,0.00822629994031347,0.00822629994031347,1.56414831117381E-17,59.0281730691318,0.291701300425218,0.019482322097414,0
96,0.0138389782760962,-0.00811421665224704,-0.00811421665224704,-2.47909409107148E-06,-0.0117474364268818,-0.0117474364268818,-0.00954977000030268,-0.00954977000030268,0.0123418792426787,0.0123418792426787,1.56414831117381E-17,56.536283007755,0.216490319908831,0.00115933531366696,-0.0119438942505926
104,0.0143475796014565,-0.0107846779823233,-0.0107846779823233,0.0032980092811896,0.000291752840568099,0.000291752840568099,-0.00886310295358222,-0.00886310295358222,0.0165571958206584,0.0165571958206584,1.56414831117381E-17,53.1246469945571,0.108510940369735,-0.00341599148046659,-0.0108756837101622
112,0.0200621327015985,-0.000781846027077617,-0.000781846027077617,0.0109027712107856,-0.00982990242119872,-0.00982990242119872,-0.00219725495880341,-0.00219725495880341,0.0101266436647389,0.0101266436647389,1.56414831117381E-17,49.7302533625232,0,-0.0037123524438442,-0.000418902749243098
120,0.0359474080885293,0.0130164802192313,0.0130164802192313,0.0313673393772251,-5.21707451271312E-05,-5.21707451271312E-05,0.0109601179328194,0.0109601179328194,0.0117643355885071,0.0117643355885071,1.56414831117381E-17,46.3569711591388,0,0.00628474503732291,0.0143906233016965
128,0.0261345671949072,0.0380383197272047,0.0380383197272047,0.0530947963337099,-0.00992766355278319,-0.00992766355278319,0.0365745998987528,0.0365745998987528,0.00560633105478426,0.00560633105478426,1.56414831117381E-17,43.452473668372,0,0.00593844941841697,0.0364721527529882
136,0.116975760170549,0.167562104230175,0.167562104230175,0.12218296558272,0.0035223907288028,0.0035223907288028,0.101955164388527,0.101955164388527,0.00878691543358908,0.00878691543358908,1.56414831117381E-17,40.5960584530199,0.221810612661786,0.14044433108521,0.091387597027464
144,-0.0564187880776701,-0.0627936573341854,-0.0627936573341854,0.027414384384854,-0.00836283474598767,-0.00836283474598767,0.0381964578178879,0.0381964578178879,0.00347578343326462,0.00347578343326462,1.56414831117381E-17,38.1680926262344,0.221810612661786,-0.0386994334576339,0.0316623382659074
152,-0.0178702481145389,-0.0235499465909482,-0.0235499465909482,0.0117595489409967,-0.00189951807063179,-0.00189951807063179,0.0151217247381381,0.0151217247381381,0.00349620719094042,0.00349620719094042,1.56414831117381E-17,36.3378095755696,0.221810612661786,-0.0145332547826412,0.0134121666690708
160,-0.00997881082529571,-0.0115791217658744,-0.0115791217658744,0.0104916340985905,0.00367234131991586,0.00367234131991586,0.00721139363940956,0.00721139363940956,0.00556207489037874,0.00556207489037874,1.56414831117381E-17,34.2302507465498,0.221810612661786,-0.00827964056378772,0.00707915123161659
168,-0.0101960890036361,-0.00759440088326209,-0.00759440088326209,0.00309139201237276,-0.00590238461070756,-0.00590238461070756,0.00432697521701857,0.00432697521701857,0.00210730052006498,0.00210730052006498,1.56414831117381E-17,32.4863034580733,0.221810612661786,-0.00918665185251965,0.00453887030663871
176,-0.0116668613121464,-0.00627368957762944,-0.00627368957762944,-0.00624400569213962,-0.0159919912046537,-0.0159919912046537,0.00235738593948397,0.00235738593948397,-0.00427718206207531,-0.00427718206207531,1.56414831117381E-17,32.261473874706,0.221810612661786,-0.012112110881231,0.00255395068200245
184,0.000387751043221122,-0.00402310093193905,-0.00402310093193905,0.0102619227722335,0.0118233181070075,0.0118233181070075,0.00178745179175932,0.00178745179175932,0.0039654944083517,0.0039654944083517,1.56414831117381E-17,31.57290136948,0.221810612661786,-0.00037614974387517,0.00204128980610038
192,-0.00871174035677977,-0.00267701558465597,-0.00267701558465597,-0.00681991420320389,-0.0142754182073579,-0.0142754182073579,0.00152039604619023,0.00152039604619023,-0.00351672306070516,-0.00351672306070516,1.56414831117381E-17,31.3235254036903,0.221810612661786,-0.00950873517018368,0.00190829726769624
200,0.000314326799304604,-0.00231873729901951,-0.00231873729901951,0.00674802556958222,0.00755198911862488,0.00755198911862488,0.000938849487976601,0.000938849487976601,0.00223992970514577,0.00223992970514577,1.56414831117381E-17,31.0620527671042,0.221810612661786,-0.000697433738418627,0.00131235671411584
208,-0.00658194815183027,-0.00201393365820898,-0.00201393365820898,-0.00754200333038443,-0.0125889287367596,-0.0125889287367596,0.000438779190172119,0.000438779190172119,-0.00391957173925001,-0.00391957173925001,1.56414831117381E-17,31.2620604500763,0.221810612661786,-0.00771889145696384,0.000664936441253008
216,-8.28363053802198E-05,-0.00130479130403521,-0.00130479130403521,0.00235256991459355,0.00113446923841819,0.00113446923841819,0.115646745241724,0.115646745241724,-0.00134663615744505,-0.00134663615744505,1.56414831117381E-17,31.8515052975474,0.221810612661786,-0.00132250790956913,0.153656426471815
224,-0.00330612663131228,-0.000854725427641723,-0.000854725427641723,0,-0.00729781479213455,-0.00729781479213455,0,0,-0.00418114419371484,-0.00418114419371484,1.56414831117381E-17,32.7058854289386,0.221810612661786,-0.00446466686406863,0.0648329290008339
232,-0.0135168387386205,-0.00240142861688294,-0.00240142861688294,0,-0.0238338674229036,-0.0238338674229036,0,0,-0.0123681527472652,-0.0123681527472652,1.56414831117381E-17,35.0996772900647,0.221810612661786,-0.0164772732640552,0.0354903109689983
240,0.00438806916678638,-0.00298293978721739,-0.00298293978721739,0,0.00809198095459829,0.00809198095459829,0,0,-0.0040670080967724,-0.0040670080967724,1.56414831117381E-17,37.3349588011004,0.221810612661786,0.00239899569778705,0.0213925818642071
248,-0.00263566948797037,-0.00232227335721087,-0.00232227335721087,0,0.00166451698924303,0.00166451698924303,0,0,-0.00403255880876452,-0.00403255880876452,1.56414831117381E-17,38.8068987157043,0.221810612661786,-0.0037131000929827,0.0126023376223718
256,-0.00519074995619442,-0.00192025492541818,-0.00192025492541818,0.00456634642376366,-0.00444346764010432,-0.00444346764010432,0.00723922691983349,0.00723922691983349,-0.00601560930325042,-0.00601560930325042,1.56414831117381E-17,40.4857735507039,0.221810612661786,-0.00631862298501143,0
264,-0.0103484925281662,-0.00457119713957996,-0.00457119713957996,0.00795708839330623,-0.00839743140486288,-0.00839743140486288,0.0111068104786659,0.0111068104786659,-0.0086366315680017,-0.0086366315680017,1.56414831117381E-17,42.6296660043714,0.221810612661786,-0.0118583997323544,0
272,-0.00940611171240598,-0.00510693755506091,-0.00510693755506091,0.00765400209691746,-0.00680378300769562,-0.00680378300769562,0.0104444759582781,0.0104444759582781,-0.00951941365897645,-0.00951941365897645,1.56414831117381E-17,45.0741010579118,0.221810612661786,-0.0108547795411656,0
280,-0.00792655705850378,-0.00439594996720354,-0.00439594996720354,0.0143616546332489,-0.00502252239949032,-0.00502252239949032,0.0183886993723285,0.0183886993723285,-0.00974927361735383,-0.00974927361735383,1.56414831117381E-17,47.5621504414081,0.221810612661786,-0.00917210500576734,0.0242542253510282
288,-0.00718771245002488,-0.00364760593669089,-0.00364760593669089,0.0223572379312182,-0.00415377580655446,-0.00415377580655446,0.0282690328662912,0.0282690328662912,-0.00993511280306347,-0.00993511280306347,1.56414831117381E-17,50.0033404719348,0.221810612661786,-0.00818492866083644,0.024344069071853
296,-0.0184059715669789,-0.0164654715432038,-0.0164654715432038,0.0181713608934793,-0.00212046506586622,-0.00212046506586622,0.0240673316420805,0.0240673316420805,-0.00934646427378499,-0.00934646427378499,1.56414831117381E-17,52.3012009381306,0.221810612661786,-0.0197968302892043,0
304,0.0112972850879377,0.031109796475728,0.031109796475728,0.0105488380290318,-0.00766035258757009,-0.00766035258757009,0.0186157855743025,0.0186157855743025,-0.0121631016331864,-0.0121631016331864,1.56414831117381E-17,54.6699814490974,0.335529918171076,0.0103619547669652,0
312,0.0096805247387758,0.023784911744016,0.023784911744016,0.00322121323918807,-0.00998955286005636,-0.00998955286005636,0.0111167428135393,0.0111167428135393,-0.014255350027112,-0.014255350027112,1.56414831117381E-17,57.2240388144016,0.296256263190225,0.00876734410821302,0
320,0.00645070185958709,0.0134524361716334,0.0134524361716334,0,-0.00755588949288184,-0.00755588949288184,0.00349149508652431,0.00349149508652431,-0.0139569377507781,-0.0139569377507781,1.56414831117381E-17,59.7136074619881,0.265502777524809,0.00625516302726585,0
328,0.00754256574537027,0.013309303781157,0.013309303781157,0,-0.00645045561209834,-0.00645045561209834,0,0,-0.0138293811349008,-0.0138293811349008,1.56414831117381E-17,62.0079891087827,0.243981615754383,0.00848761164199069,0
336,-0.00288025260524323,0.0118265040028776,0.0118265040028776,0,-0.016702421836406,-0.016702421836406,0,0,-0.0200419680433569,-0.0200419680433569,1.56414831117381E-17,64.4199323426395,0.259279420606355,-0.00351504677668927,0
344,0.00945481975787675,0.0179270257100312,0.0179270257100312,0,-0.00702283971673573,-0.00702283971673573,0,0,-0.0151399347024743,-0.0151399347024743,1.56414831117381E-17,66.6379419931921,0.295983728315799,0.0132682149935836,0
352,0.00736338511219349,0.0188022242355723,0.0188022242355723,0,-0.00866610416586339,-0.00866610416586339,0.00250846676728405,0.00250846676728405,-0.0161718847491077,-0.0161718847491077,1.56414831117381E-17,68.5329423595065,0.30770293705536,0.0108104751218667,0
360,0.00846541480400845,0.00897736999260886,0.00897736999260886,0,0.000884089520436987,0.000884089520436987,0.00177976512436638,0.00177976512436638,-0.00986567183952828,-0.00986567183952828,1.56414831117381E-17,70.049124579151,0.280327646306528,0.0125228004630567,0
366,-0.0103398481689807,0.00871267015343441,0.00871267015343441,0,-0.0237696270582028,-0.0237696270582028,0.00127706647286388,0.00127706647286388,-0.0261604183846691,-0.0261604183846691,1.56414831117381E-17,71.3262325065559,0.275527918959293,-0.0103805501658937,0
373,0.0109973347503724,0.0132022026446805,0.0132022026446805,0,0.00519403938111299,0.00519403938111299,0.00210888933960128,0.00210888933960128,-0.0062439328268974,-0.0062439328268974,1.56414831117381E-17,72.5133536320673,0.254103748136145,0.016821548460471,0
381,0.00685430170756281,0.00209563919479704,0.00209563919479704,0,0.00790053919951793,0.00790053919951793,0,0,-0.00382189669892626,-0.00382189669892626,1.56414831117381E-17,73.2878158464541,0.248554480305148,0.0113071685300705,0
389,-0.00762393354899129,-0.0121538382084798,-0.0121538382084798,-0.0182981969257506,0.0117695318876936,0.0117695318876936,-0.0182981969257506,-0.0182981969257506,-0.00054414326730395,-0.00054414326730395,1.56414831117381E-17,73.8040565159985,0.216428970562734,-0.00261636069974658,-0.0182981969257506
397,0.010838886884387,-0.0041501525304346,-0.0041501525304346,-0.0154380502501395,0.0364317541005468,0.0364317541005468,-0.0108495212012446,-0.0108495212012446,0.0177406432645386,0.0177406432645386,1.56414831117381E-17,73.6256452386484,0.214558491910581,0.0191032372689868,-0.0184316818987065
405,0.0196752145182047,5.45710373986899E-06,5.45710373986899E-06,-0.00758909401467054,0.0428887974764041,0.0428887974764041,-0.00490715846601613,-0.00490715846601613,0.02280132536481,0.02280132536481,1.56414831117381E-17,72.6577819636117,0.206971076633915,0.027690970902968,-0.0185671287261163
413,0.0119128207436581,0.00230121174371329,0.00230121174371329,-0.00933561801318772,0.0233119564622838,0.0233119564622838,-0.001088714343125,-0.001088714343125,0.0103368946620405,0.0103368946620405,1.56414831117381E-17,71.6251053794322,0.198813016839697,0.0161386178968332,0.00569206933928316
421,0.0232201286168884,0.00455414444951917,0.00455414444951917,-0.000346220602760351,0.0297135956616687,0.0297135956616687,0.00198265937087216,0.00198265937087216,0.0170353661659171,0.0170353661659171,1.56414831117381E-17,70.4585611525551,0.191451997579816,0.0272630184937935,0.00530923911800471
429,0.0235822656756416,0.00583765441866733,0.00583765441866733,0.0019340444603909,0.0195218140307155,0.0195218140307155,0.00406518208620324,0.00406518208620324,0.0131436511657781,0.0131436511657781,1.56414831117381E-17,69.029471680241,0.210979236983547,0.0244038738068598,0.00504262251296736
437,0.0502025917332585,0.0226208568685545,0.0226208568685545,0.0273301244726984,0.0175131630091414,0.0175131630091414,0.0227908979035869,0.0227908979035869,0.016076147231815,0.016076147231815,1.56414831117381E-17,67.35694637299,0.236646561567674,0.0467989021577331,0
445,0.053726455504814,0.0110688374432931,0.0110688374432931,0.0306881045919144,0.0202225138820071,0.0202225138820071,0.0155231363469854,0.0155231363469854,0.024902887040252,0.024902887040252,1.56414831117381E-17,64.6871385983496,0.258989085524238,0.0426347180008821,0
453,0.0418495351625335,0.00518098786282778,0.00518098786282778,0.0269830349140088,0.00275762458210785,0.00275762458210785,0.010202110988878,0.010202110988878,0.0237284154381425,0.0237284154381425,1.56414831117381E-17,61.0448781010851,0.262070874759298,0.0203737215487619,0
461,0.00533009989097049,-0.0174019820229755,-0.0174019820229755,0.00493907377281363,-0.0125951129799951,-0.0125951129799951,-0.0119128681482024,-0.0119128681482024,0.0214211208958937,0.0214211208958937,1.56414831117381E-17,56.8267138141484,0.212189207268126,-0.0220975406601929,-0.0181296934938835
469,-0.0175346642998258,-0.0145138947760772,-0.0145138947760772,0.00232748445520944,-0.0229803060900478,-0.0229803060900478,-0.00928363896148259,-0.00928363896148259,0.0128417145357036,0.0128417145357036,1.56414831117381E-17,52.9030661639273,0.145537009585119,-0.0316077685161316,-0.0171668549041645
477,-0.00925981134965906,-0.00252479152379492,-0.00252479152379492,0.0152067959582453,-0.00293185992816672,-0.00293185992816672,-0.00260815339604391,-0.00260815339604391,0.0166417953263359,0.0166417953263359,1.56414831117381E-17,48.6950105731424,0,-0.00168146105246784,0.000966508090824251
485,-0.0140407803548732,0.00680990743160685,0.00680990743160685,0.0201246750756007,-0.0108987483283601,-0.0108987483283601,0.00593196953800719,0.00593196953800719,0.009689938894862,0.009689938894862,1.56414831117381E-17,44.6702386027516,0,-0.00326509161827083,0.00756551129630563
493,0.00233812551455138,0.0148076803839755,0.0148076803839755,0.0324485899221247,0.000114158330415498,0.000114158330415498,0.0161215600666744,0.0161215600666744,0.0106570539653876,0.0106570539653876,1.56414831117381E-17,40.868073959278,0,0.0111799009955635,0.0154307347889077
501,-0.0042436044068036,0.0206788417084884,0.0206788417084884,0.0306281800498335,-0.0121881049942909,-0.0121881049942909,0.0273018704948846,0.0273018704948846,0.00335424900283869,0.00335424900283869,1.56414831117381E-17,37.9536772297402,0,-0.00110085735813992,0.0240386566358933
509,-0.016487984237205,-0.00389906395837977,-0.00389906395837977,0.0202584235582352,-0.00856382904374619,-0.00856382904374619,0.0244159926442688,0.0244159926442688,0.000392149110791577,0.000392149110791577,1.56414831117381E-17,36.3947387304279,0,-0.0144577909608747,0.0205255622166868
517,0.018892468607797,0.0173277429620788,0.0173277429620788,0.0284564881380599,0.0119483215979765,0.0119483215979765,0.0221127133679427,0.0221127133679427,0.00770160214683503,0.00770160214683503,1.56414831117381E-17,34.1046505439283,0.221810612661786,0.0192459908614136,0.0189601426780851
525,-0.00891737933381175,0.0034828913005063,0.0034828913005063,0.0152624529253341,-0.00807678490591518,-0.00807678490591518,0.0209505771923634,0.0209505771923634,0.00209327170612459,0.00209327170612459,1.56414831117381E-17,32.0142018421818,0.221810612661786,-0.00473292463879963,0.0190559594800943
533,-0.0121135549212902,-0.00922920198052339,-0.00922920198052339,0.0167485475435417,0.000435484614008739,0.000435484614008739,0.0165014069694743,0.0165014069694743,0.00320485809574331,0.00320485809574331,1.56414831117381E-17,30.4117384023188,0.221810612661786,-0.00919317945169683,0.0162455740908842
541,-0.0244654428283703,-0.0175467632517496,-0.0175467632517496,0.140704027898795,-0.022994731176148,-0.022994731176148,0.154569979431123,0.154569979431123,-0.00657883439815326,-0.00657883439815326,1.56414831117381E-17,30.4234335293089,0.221810612661786,-0.0238600687899468,0.154567517033366
549,-0.00251544486845233,-0.00971782227210193,-0.00971782227210193,0,0.01069166294875,0.01069166294875,0,0,0.00185644844938814,0.00185644844938814,1.56414831117381E-17,30.4291189612216,0.221810612661786,-0.0026490430000334,0.0612405942675476
557,-0.0164530643440362,-0.00586759216403156,-0.00586759216403156,-0.0132033412728113,-0.019935268861438,-0.019935268861438,-0.0181000905777931,-0.0181000905777931,-0.0071711882902268,-0.0071711882902268,1.56414831117381E-17,31.1078153681246,0.221810612661786,-0.0174626605029869,-0.0512698064122086
565,0.00240497456299942,-0.00346777214671421,-0.00346777214671421,0.00722816141016346,0.010340477696826,0.010340477696826,-0.00152831384448026,-0.00152831384448026,0.000802240850188216,0.000802240850188216,1.56414831117381E-17,31.6972810162611,0.221810612661786,0.00141021411573839,-0.0161260216402126
573,-0.00662560634052052,-0.00200793851285389,-0.00200793851285389,-0.00543727579583591,-0.00805258873354348,-0.00805258873354348,0.000231333227382874,0.000231333227382874,-0.00355093628990281,-0.00355093628990281,1.56414831117381E-17,32.2161709623657,0.221810612661786,-0.00729571490976352,-0.00415854645912318
581,0.00119098164332588,-0.00133423786403982,-0.00133423786403982,0.0526639085576517,0.00629906212822201,0.00629906212822201,0.0975878226720018,0.0975878226720018,0.000786655784029507,0.000786655784029507,1.56414831117381E-17,32.5480087855661,0.221810612661786,0.000411061320470984,0.115171685280335
589,-0.00837513490897438,-0.0009004061947076,-0.0009004061947076,0,-0.0137328372009855,-0.0137328372009855,0,0,-0.00580639467717078,-0.00580639467717078,1.56414831117381E-17,33.4524894118889,0.221810612661786,-0.00925831141554966,0.0540570370529088
597,-0.00154756681800476,-0.00233649760418397,-0.00233649760418397,0,-0.00253285911048758,-0.00253285911048758,0,0,-0.00453497114820082,-0.00453497114820082,1.56414831117381E-17,34.9616751837772,0.221810612661786,-0.00248146411215859,0.031193548275873
605,-0.00891205813850206,-0.00277762783619704,-0.00277762783619704,0,-0.0110785423027281,-0.0110785423027281,0,0,-0.00831789310976046,-0.00831789310976046,1.56414831117381E-17,36.9331867771417,0.221810612661786,-0.0100912336653523,0.0197453237346546
613,-0.00245891742405613,-0.00207339661767169,-0.00207339661767169,0,-0.00398061887093782,-0.00398061887093782,0,0,-0.0075171388448898,-0.0075171388448898,1.56414831117381E-17,39.2312151282207,0.221810612661786,-0.00352449720320758,0.0246750179013324
621,0.00569646859282262,-0.00160178400841561,-0.00160178400841561,0,0.011691088758397,0.011691088758397,0,0,-0.000857078972442168,-0.000857078972442168,1.56414831117381E-17,40.5728835183936,0.221810612661786,0.00465388785231403,0
629,-0.00493262803704811,-0.00407465577457572,-0.00407465577457572,0,0.00210563318071798,0.00210563318071798,0,0,-0.00204164251772487,-0.00204164251772487,1.56414831117381E-17,41.4177448022104,0.221810612661786,-0.00525677255027636,0
637,-0.0114243155798843,-0.0043421367999003,-0.0043421367999003,0,-0.00792970358538623,-0.00792970358538623,0,0,-0.00622852423068374,-0.00622852423068374,1.56414831117381E-17,42.7918708819246,0.221810612661786,-0.0120340646036298,0
645,-0.0120207160630307,-0.00355471911754134,-0.00355471911754134,0,-0.0109160213851964,-0.0109160213851964,0,0,-0.00949401245114148,-0.00949401245114148,1.56414831117381E-17,44.8831892018727,0.221810612661786,-0.0128235597102413,0
653,-0.0231102279347555,-0.00286255007902706,-0.00286255007902706,0,-0.0212078696880316,-0.0212078696880316,0,0,-0.0162770144326675,-0.0162770144326675,1.56414831117381E-17,47.9012698062326,0.221810612661786,-0.0249300056246297,0
661,0.000303129452080247,-0.0027270418466595,-0.0027270418466595,0,-0.00470069330464375,-0.00470069330464375,0,0,-0.0120387424248719,-0.0120387424248719,1.56414831117381E-17,50.9776806664268,0.221810612661786,0.000792622123219223,0
669,-0.0126595336124503,-0.00210248500241356,-0.00210248500241356,0,-0.01097749979477,-0.01097749979477,0,0,-0.015234314562894,-0.015234314562894,1.56414831117381E-17,53.9008928909715,0.221810612661786,-0.014121654145536,0
677,-0.00484057597737872,-0.00154844388224933,-0.00154844388224933,0,-0.00670885223688259,-0.00670885223688259,0.000195086849020516,0.000195086849020516,-0.0141399846665085,-0.0141399846665085,1.56414831117381E-17,56.7642852763442,0.221810612661786,-0.00447452062724382,0
685,-0.00635803021819129,0.0150690109818662,0.0150690109818662,0,-0.0073366232449331,-0.0073366232449331,0.000470566403784326,0.000470566403784326,-0.0147714184036447,-0.0147714184036447,1.56414831117381E-17,59.4121994950827,0.221810612661786,-0.00655213019949406,0
693,0.00526101347561367,0.0153078370556608,0.0153078370556608,0,-0.00686280525532341,-0.00686280525532341,0.000624176823644671,0.000624176823644671,-0.0148075108999435,-0.0148075108999435,1.56414831117381E-17,61.8839581973841,0.269175813203016,0.00613101701898965,0
701,0.00337164502813274,0.01810759570923,0.01810759570923,0,-0.0127229000764131,-0.0127229000764131,0.00529579476701307,0.00529579476701307,-0.0183517309785392,-0.0183517309785392,1.56414831117381E-17,64.3187006522555,0.288442171430039,0.00403218970812052,0
709,0.0214623528005998,0.0301861353801102,0.0301861353801102,0,-0.00560036773115431,-0.00560036773115431,0.018993555259561,0.018993555259561,-0.0145766972825385,-0.0145766972825385,1.56414831117381E-17,66.4948553236302,0.334937262065861,0.0260216739811824,0
717,0.0271115082750186,0.052600479538959,0.052600479538959,0.00454846805145086,-0.00665443558977357,-0.00665443558977357,0.0377235432043514,0.0377235432043514,-0.0150890789847044,-0.0150890789847044,1.56414831117381E-17,68.3588356632299,0.448457301811585,0.0335028841582659,0.0253539537085503
725,0.0171744805476427,0.04613403211322,0.04613403211322,0.00186571675941883,-0.0109044373229699,-0.0109044373229699,0.0344789975435094,0.0344789975435094,-0.0177557700740267,-0.0177557700740267,1.56414831117381E-17,70.1328176119505,0.390824801770064,0.0228899054770326,0
732,-0.00649606931779388,0.00507604624154032,0.00507604624154032,0,-0.0168144427854277,-0.0168144427854277,0.0113972229708828,0.0113972229708828,-0.0218198636112555,-0.0218198636112555,1.56414831117381E-17,71.6918722807843,0.303749738449684,-0.00468959200815688,0
739,-0.0213492561463037,-0.00656155983146098,-0.00656155983146098,-0.017632773679385,-0.0135275550626786,-0.0135275550626786,-0.00667560226525642,-0.00667560226525642,-0.0196069355045105,-0.0196069355045105,1.56414831117381E-17,73.1238653503327,0.203057999566957,-0.0183310246246051,-0.017632773679385
747,0.00291782824505813,-0.000216785494141093,-0.000216785494141093,-0.0130077849359368,0.0222567684671493,0.0222567684671493,-0.00333168621641743,-0.00333168621641743,0.00662948471620076,0.00662948471620076,1.56414831117381E-17,73.8990856588854,0.193221762834111,0.0110422989549488,-0.0184063787288295
755,0.00916358744365097,0.0026190661036307,0.0026190661036307,-0.00769019853304355,0.026944837978997,0.026944837978997,-0.000930956506542223,-0.000930956506542223,0.0102375799563355,0.0102375799563355,1.56414831117381E-17,73.9605632046798,0.195343350534114,0.0177199840915966,0.00513788813057185
763,0.0128727818174341,0.00392601862545466,0.00392601862545466,-0.00412065398289056,0.0269634865569112,0.0269634865569112,0.0009172230619821,0.0009172230619821,0.0105712284035404,0.0105712284035404,1.56414831117381E-17,73.7335757439388,0.185090844813284,0.02100742008107,0.00478875827125199
771,0.0263206070275675,0.00316321692826694,0.00316321692826694,0.00596535535741696,0.0389218545704564,0.0389218545704564,0.00230919840654917,0.00230919840654917,0.0197208573595425,0.0197208573595425,1.56414831117381E-17,73.0155136798253,0.138697416202647,0.0349162099669065,0.00454469240180084
779,0.0384238690254349,0.00265370682392874,0.00265370682392874,0.0147730848553918,0.0421474654056201,0.0421474654056201,0.00447187422781054,0.00447187422781054,0.0232575645745885,0.0232575645745885,1.56414831117381E-17,71.6423159556332,0.0398437951255236,0.0449304270949649,-0.0051760827690503
787,0.0534974056278024,0.00890559587291257,0.00890559587291257,0.0249828105143437,0.034342309243187,0.034342309243187,0.0107354508252626,0.0107354508252626,0.0205995282488779,0.0205995282488779,1.56414831117381E-17,69.8450846291346,0,0.0541018764684778,0.00234524959191029
795,0.0810639227333308,0.014570743640475,0.014570743640475,0.0445914931770502,0.0325013649353778,0.0325013649353778,0.0177704382383658,0.0177704382383658,0.0244289443164298,0.0244289443164298,1.56414831117381E-17,67.4656531410436,0,0.0671909113376723,0.00974986370670676
803,0.135252009605126,0.0801813625491642,0.0801813625491642,0.104392598488774,0.0143455690183294,0.0143455690183294,0.0754120859681602,0.0754120859681602,0.0204261076429243,0.0204261076429243,1.56414831117381E-17,64.6080195155363,0.243533989835996,0.095557437133589,0.0677700068087812
811,0.0248502166742725,0.0137467233374534,0.0137467233374534,0.0600304752636541,-0.000849262587097803,-0.000849262587097803,0.038045209040898,0.038045209040898,0.0203408445553409,0.0203408445553409,1.56414831117381E-17,61.3599550939779,0.362593275195623,-0.0156763513692571,0.0376435198542902
819,-0.0202275962484628,0.0107112435511358,0.0107112435511358,0.0341437961596133,-0.0161752802180529,-0.0161752802180529,0.020957411008996,0.020957411008996,0.0165614311635654,0.0165614311635654,1.56414831117381E-17,57.8759979571115,0.355544715574542,-0.00293209219238047,0.0217443269880863
827,-0.00794323246942912,0.00501850327718708,0.00501850327718708,0.0233541585121376,-0.0113945129378965,-0.0113945129378965,0.0111689150123816,0.0111689150123816,0.0174629151296477,0.0174629151296477,1.56414831117381E-17,54.0222145077177,0.285259391168305,0.00518778228571147,0
835,-0.0400528772387761,-0.0306022604554604,-0.0306022604554604,-0.0120560815845708,-0.0119241135296425,-0.0119241135296425,-0.0204449214743209,-0.0204449214743209,0.013108353238768,0.013108353238768,1.56414831117381E-17,50.0965078167243,0.218512105202878,-0.0362149255534949,-0.0223397635908321
843,-0.00345238641032731,-0.00888552357799617,-0.00888552357799617,-0.00260755486052799,-0.00288745602023291,-0.00288745602023291,-0.0133920074790178,-0.0133920074790178,0.0132564283546167,0.0132564283546167,1.56414831117381E-17,46.090401216251,0.132548015677372,0.00140540777592105,0.00184457669918709
851,-0.00671192547534503,0.00144052199154249,0.00144052199154249,-0.000958098763845684,-0.0153702282058161,-0.0153702282058161,-0.00634647932408848,-0.00634647932408848,0.00426184896618006,0.00426184896618006,1.56414831117381E-17,43.0081971535937,0.0993562211276354,-0.0078432509828543,-0.00458480308819606
859,0.00873835303804643,0.00615552032708125,0.00615552032708125,0.00803510396066739,0.000251687280630667,0.000251687280630667,5.84760372133558E-05,5.84760372133558E-05,0.00628620471117417,0.00628620471117417,1.56414831117381E-17,40.5262444725059,0.0858209494435282,0.00789786138730311,0.000151704041388219
867,0.00183518344665782,0.00763999475529915,0.00763999475529915,0.0104314837756659,-0.00448121018285629,-0.00448121018285629,0.00552784353975062,0.00552784353975062,0.00348416592272519,0.00348416592272519,1.56414831117381E-17,38.3374980208549,0.0649999004534357,-0.000301888893952562,0.00430204714190564
875,0.00236769701885242,0.00454408255474169,0.00454408255474169,0.0138307592070706,9.70188620951633E-05,9.70188620951633E-05,0.00897664867716524,0.00897664867716524,0.00396855108983253,0.00396855108983253,1.56414831117381E-17,36.4457249647676,0.0315690077530515,0.00144915779161572,0.00695986494020675
883,0.00309677840372122,0.00269109729239873,0.00269109729239873,0.0170180947176077,0.00266470354629588,0.00266470354629588,0.0115522198056393,0.0115522198056393,0.00521364421982093,0.00521364421982093,1.56414831117381E-17,34.3513940439309,0,0.00249567700721924,0.00924939433906211
891,-0.00578406725114293,0.00157765627782557,0.00157765627782557,0.0135665757981971,-0.00515061109180154,-0.00515061109180154,0.0135098459256355,0.0135098459256355,0.00223890607776661,0.00223890607776661,1.56414831117381E-17,32.6301867168324,0,-0.00554298773305787,0.0113144308077119
899,0.0103736983609524,0.0166145632096598,0.0166145632096598,0.0152379344974022,6.80701986947569E-05,6.80701986947569E-05,0.0144637752591529,0.0144637752591529,0.0029294021491584,0.0029294021491584,1.56414831117381E-17,31.1760966807804,0.221810612661786,0.0124275602725738,0.012689259840985
907,-0.00576995490507035,0.000829177890499129,0.000829177890499129,0.00834116477151638,-0.00793833359109396,-0.00793833359109396,0.0130674853181328,0.0130674853181328,-0.000648368922727116,-0.000648368922727116,1.56414831117381E-17,30.3491585470407,0.221810612661786,-0.00292820606436115,0.0119488464672899
915,-0.00592482794251139,-0.00195000641474668,-0.00195000641474668,0.007568952044168,-0.00645774161344286,-0.00645774161344286,0.0125285371652321,0.0125285371652321,-0.00224594124083873,-0.00224594124083873,1.56414831117381E-17,30.3623323170434,0.221810612661786,-0.00394175347921109,0.0120305291117993
923,-0.00922116066369028,-0.00579116568988273,-0.00579116568988273,0.00300232217442255,-0.0114494657149779,-0.0114494657149779,0.0121909279255264,0.0121909279255264,-0.00570123358497035,-0.00570123358497035,1.56414831117381E-17,31.3083197804451,0.221810612661786,-0.00792420289997018,0.0127236391821108
931,-0.00792675480991909,-0.0110405274828449,-0.0110405274828449,0.206403001374614,-0.00311621676463891,-0.00311621676463891,0.209387947379578,0.209387947379578,-0.00467504731268346,-0.00467504731268346,1.56414831117381E-17,32.6879941485681,0.221810612661786,-0.0073450327670739,0.210276302323458
939,-0.011850455414738,-0.0115361411999708,-0.0115361411999708,0,-0.00682920680568993,-0.00682920680568993,0,0,-0.00628809200317463,-0.00628809200317463,1.56414831117381E-17,34.3307692540178,0.221810612661786,-0.0120962396058722,0.0659075426581727
947,-0.000380186276899182,-0.0071760769230065,-0.0071760769230065,0,0.0156138106882717,0.0156138106882717,0,0,0.00262092024976316,0.00262092024976316,1.56414831117381E-17,34.8155124191391,0.221810612661786,-0.0011182139639141,0.0364648364754388
955,-0.00680965600169783,-0.00479976863086583,-0.00479976863086583,0.00424431596199232,-0.00211855815077287,-0.00211855815077287,0.00504430363253549,0.00504430363253549,-0.000597294264640204,-0.000597294264640204,1.56414831117381E-17,34.8657779890568,0.221810612661786,-0.00731372188310221,0.0261880396752696
963,-0.0145399196982599,-0.00793876155658721,-0.00793876155658721,0.0118068448596597,-0.0127581806735894,-0.0127581806735894,0.0136704431446965,0.0136704431446965,-0.00603527823222919,-0.00603527823222919,1.56414831117381E-17,35.9723951246424,0.221810612661786,-0.0157579283660804,0.0167205324363739
971,-0.00670415517805328,-0.00960338863794484,-0.00960338863794484,0.0131832459536019,-0.000207226484264643,-0.000207226484264643,0.0137795385086241,0.0137795385086241,-0.00380042980323193,-0.00380042980323193,1.56414831117381E-17,37.383337975532,0.221810612661786,-0.00789515271032066,0
979,-0.0146752289046902,-0.00796938297313211,-0.00796938297313211,0.010590583782497,-0.00776172016666577,-0.00776172016666577,0.012751349619952,0.012751349619952,-0.0068207544200117,-0.0068207544200117,1.56414831117381E-17,39.026100146326,0.221810612661786,-0.0159324696894138,0
987,-0.00895638353528846,-0.00637357159276802,-0.00637357159276802,0.0112485920498117,-0.00395336115700702,-0.00395336115700702,0.0127798268870988,0.0127798268870988,-0.00674705475499333,-0.00674705475499333,1.56414831117381E-17,40.9756143636194,0.221810612661786,-0.00994614496663439,0
995,-0.0126572165679283,-0.00816507001839054,-0.00816507001839054,0.0095695059184029,-0.00441303997676472,-0.00441303997676472,0.0116528453720329,0.0116528453720329,-0.00751024788196018,-0.00751024788196018,1.56414831117381E-17,43.0169779201822,0.221810612661786,-0.0135779006513607,0
1003,0.0108487243502587,0.0233654717746248,0.0233654717746248,0.00605521065515807,-0.00849381284943263,-0.00849381284943263,0.00982667946060909,0.00982667946060909,-0.00999339541129679,-0.00999339541129679,1.56414831117381E-17,45.3753385197149,0.312183755329738,0.0123651127737851,0
1011,0.0143933342571318,0.0248434774511602,0.0248434774511602,0.00348591728480348,-0.00874010085430696,-0.00874010085430696,0.00819226386818553,0.00819226386818553,-0.011502680057341,-0.011502680057341,1.56414831117381E-17,48.0403665081512,0.306278743391362,0.014433209628369,0
1019,0.0275039283906725,0.0227263038446709,0.0227263038446709,0.00565043575551087,0.00488899060482103,0.00488899060482103,0.00721759605771911,0.00721759605771911,-0.00624813518203702,-0.00624813518203702,1.56414831117381E-17,50.22703851246,0.301637491320526,0.02885704273795,0
1027,0.00255944335998527,0.0187440633254706,0.0187440633254706,0,-0.0137706528810831,-0.0137706528810831,0.00594513443767617,0.00594513443767617,-0.0140429904150156,-0.0140429904150156,1.56414831117381E-17,52.6242485109061,0.29667775813538,0.000751725609193828,0
1035,0.00339376650395657,0.0167390328039227,0.0167390328039227,0,-0.012873826591794,-0.012873826591794,0.00499381028040654,0.00499381028040654,-0.0156108780085575,-0.0156108780085575,1.56414831117381E-17,55.5295133292104,0.291489328942515,0.00416543173391285,0
1043,0.00838044035538718,0.0169030220251537,0.0169030220251537,0,-0.00713024348518285,-0.00713024348518285,0.00508803028812138,0.00508803028812138,-0.0140403259790224,-0.0140403259790224,1.56414831117381E-17,58.249380629682,0.29890665036604,0.0107699480677089,0
1051,0.0137074862394276,0.0178561793044676,0.0178561793044676,0,-0.000167197143777895,-0.000167197143777895,0.00605971542350266,0.00605971542350266,-0.0106591873166984,-0.0106591873166984,1.56414831117381E-17,60.4941966271029,0.304331668388366,0.0171429169062885,0
1059,-0.00119805458858346,0.0145889174980939,0.0145889174980939,0,-0.0151771908827915,-0.0151771908827915,0.00538567619884363,0.00538567619884363,-0.01867825549177,-0.01867825549177,1.56414831117381E-17,62.8372532728115,0.303792012586791,-0.000204548437532353,0
1067,0.00147738491455871,0.0121530291333328,0.0121530291333328,0,-0.00719520938349796,-0.00719520938349796,0.00408140186119703,0.00408140186119703,-0.0150179557312918,-0.0150179557312918,1.56414831117381E-17,65.1423525117786,0.283907852355074,0.00408641943571966,0
1075,0.000786733990021936,0.00710780022012159,0.00710780022012159,0,-0.00266135577498578,-0.00266135577498578,0.00112078145530199,0.00112078145530199,-0.0123192435604241,-0.0123192435604241,1.56414831117381E-17,67.0022336652342,0.248110651586911,0.00357468046060109,0
1083,-0.00838802635853795,0.00918749600663093,0.00918749600663093,0,-0.0183336098470684,-0.0183336098470684,0.000955666465396096,0.000955666465396096,-0.0220803812133819,-0.0220803812133819,1.56414831117381E-17,68.9455254377609,0.292425193358433,-0.00689162028334117,0
1091,0.00135725534510637,0.0189396790137229,0.0189396790137229,0,-0.00574206147040193,-0.00574206147040193,0.00527269130594742,0.00527269130594742,-0.0142039397609472,-0.0142039397609472,1.56414831117381E-17,70.7184949931488,0.285477361427697,0.0055743271266959,0
1097,-0.00172428546788883,0.00602383804383042,0.00602383804383042,0,0.00244555632347919,0.00244555632347919,0.00017508820586423,0.00017508820586423,-0.00842166711672635,-0.00842166711672635,1.56414831117381E-17,71.6550286665739,0.307587907344209,0.00218727273975602,0
1104,0.00993084676654376,0.0116245867958731,0.0116245867958731,0,0.0240622163869752,0.0240622163869752,0.00236876141166147,0.00236876141166147,0.00696745747643804,0.00696745747643804,1.56414831117381E-17,72.1222110291695,0.258379080905228,0.0163643256907367,0
1112,0.00344674122504907,0.00473526950539795,0.00473526950539795,0,0.0180608168454648,0.0180608168454648,0,0,0.0034904675840743,0.0034904675840743,1.56414831117381E-17,72.2645454654393,0.2569251060929,0.00845280652174659,0
1120,0.00466211452859006,0.00573649175899081,0.00573649175899081,0,0.0186136141518365,0.0186136141518365,0,0,0.00465098832240457,0.00465098832240457,1.56414831117381E-17,72.2996598850521,0.231446170099971,0.00983982747317844,0
1128,0.0137189897929052,0.00502215516792187,0.00502215516792187,0,0.0363108038619339,0.0363108038619339,0,0,0.0180163962609134,0.0180163962609134,1.56414831117381E-17,71.7060886742146,0.227539854686753,0.0202797902128775,0
1136,-0.00157798778464358,-0.00529288988200058,-0.00529288988200058,-0.0110866174309188,0.0200581689259912,0.0200581689259912,-0.0110866174309188,-0.0110866174309188,0.00834172116896786,0.00834172116896786,1.56414831117381E-17,70.8794234628459,0.211916921716502,0.00384832181082078,-0.0110866174309188
1144,0.00530196168201164,-0.00330931078432794,-0.00330931078432794,-0.0111166012843116,0.0272462187279152,0.0272462187279152,-0.00960566802801514,-0.00960566802801514,0.0154612235521174,0.0154612235521174,1.56414831117381E-17,69.8604688879358,0.195129823355544,0.0116434948502929,-0.0111166012843116
1152,0.0144650630267955,0.000127405439610394,0.000127405439610394,-0.00477800976999118,0.0288937843723718,0.0288937843723718,-0.00624248772347239,-0.00624248772347239,0.0202112723084264,0.0202112723084264,1.56414831117381E-17,68.1394055268016,0.179244636615069,0.0216897959838124,-0.011702013896858
1160,0.0226202551308053,0.00259208292849099,0.00259208292849099,0.00155127825385618,0.0210802776585768,0.0210802776585768,-0.00307839612084037,-0.00307839612084037,0.0208011711933458,0.0208011711933458,1.56414831117381E-17,65.7891074222535,0.154714803915571,0.0297002077030137,0.0120613064079044
1168,0.0230364363722117,0.00401207436039151,0.00401207436039151,0.00273726441678062,-0.00140594940022068,-0.00140594940022068,-0.000156315579254098,-0.000156315579254098,0.0129213608353736,0.0129213608353736,1.56414831117381E-17,63.4441553835129,0.110876186440942,0.0279346416952274,0.0114791185380085
1176,0.0449834942879586,0.00857629006954317,0.00857629006954317,0.0180856499864387,0.00247966987105122,0.00247966987105122,0.00514166576582259,0.00514166576582259,0.0209701169001425,0.0209701169001425,1.56414831117381E-17,60.5063946210083,0,0.0483201256115683,0.0040627132225878
1184,0.0642622578505237,0.0138560200340867,0.0138560200340867,0.0314298198286225,-0.00705229297237752,-0.00705229297237752,0.0122916211421768,0.0122916211421768,0.0198171188041227,0.0198171188041227,1.56414831117381E-17,56.6804485973689,0,0.0588867860243299,0.00971882293965856
1192,0.0775186393383024,0.0183532751268432,0.0183532751268432,0.0430510278208233,-0.0119718066377704,-0.0119718066377704,0.0208938847013545,0.0208938847013545,0.0164090943132605,0.0164090943132605,1.56414831117381E-17,52.5983975533957,0,0.0493887451487912,0.0164576348232194
1200,0.076233383362553,0.022882790741476,0.022882790741476,0.0560819077227139,-0.00734446955013386,-0.00734446955013386,0.0317324436258447,0.0317324436258447,0.0149528632113757,0.0149528632113757,1.56414831117381E-17,48.3601150279549,0,-0.00271720806746503,0.0249625077666117
1208,-0.0242645056405049,0.00364118273381137,0.00364118273381137,0.0468022773444316,-0.00618467681792759,-0.00618467681792759,0.0307092506304029,0.0307092506304029,0.012003566060495,0.012003566060495,1.56414831117381E-17,44.1643611549523,0,-0.049734392397733,0.0235518120400584
1216,-0.0871869134921373,-0.00724106074475452,-0.00724106074475452,0.0123368082977294,-0.0361117984489958,-0.0361117984489958,0.0275345137758732,0.0275345137758732,-0.00630536650492241,-0.00630536650492241,1.56414831117381E-17,42.3953702482936,0,-0.0529384646915395,0.0214200752879117
1224,0.0105143567734389,-0.0051513939299073,-0.0051513939299073,0.0313433509966489,0.012504455754103,0.012504455754103,0.0252081366900443,0.0252081366900443,0.00617401187382618,0.00617401187382618,1.56414831117381E-17,41.0834354012683,0,0.0194436659962232,0.0206728136211938
1232,0.00551789640835264,0.0143229393057839,0.0143229393057839,0.0245083862905663,0.00244044409694887,0.00244044409694887,0.0228190549956136,0.0228190549956136,0.00507626134784182,0.00507626134784182,1.56414831117381E-17,38.9277270774348,0.221810612661786,0.0088623291497089,0.0200514283033698
1240,-0.0146384539515245,-0.0154138058732094,-0.0154138058732094,0.0138555798177117,0.00128188986158003,0.00128188986158003,0.0124310664846621,0.0124310664846621,0.00517089372476506,0.00517089372476506,1.56414831117381E-17,36.8341261407179,0.221810612661786,-0.00918826441552835,0.0114382376978307
1248,-0.00961888169721628,-0.00906458945726415,-0.00906458945726415,0.00972218543493578,0.000334540298986467,0.000334540298986467,0.00777708911586041,0.00777708911586041,0.00501080180295645,0.00501080180295645,1.56414831117381E-17,34.7192974416107,0.221810612661786,-0.00668953742670322,0.00759261266530749
1256,-0.0114863240535764,-0.00575979887824948,-0.00575979887824948,0.00233316123748994,-0.00907782910386721,-0.00907782910386721,0.00589186345982516,0.00589186345982516,0.000443080186089019,0.000443080186089019,1.56414831117381E-17,33.3648503931606,0.221810612661786,-0.00971311016388185,0.00595162525608961
1264,-0.0038860157449315,-0.00509007385444333,-0.00509007385444333,0.010031498106915,0.00572673411915463,0.00572673411915463,0.00470918689447476,0.00470918689447476,0.00458271483167661,0.00458271483167661,1.56414831117381E-17,31.8807388178808,0.221810612661786,-0.00296264263411457,0.00480788235900818
1272,-0.0110740604519251,-0.00599458673035977,-0.00599458673035977,-0.00163450392205563,-0.0104839262401802,-0.0104839262401802,0.00272749134574129,0.00272749134574129,-0.000937171800660492,-0.000937171800660492,1.56414831117381E-17,30.9427113717535,0.221810612661786,-0.010543225572011,0.00280370902548687
1280,-0.0038353951044516,-0.00395778437689871,-0.00395778437689871,0.0025057857515671,-0.00158594526110647,-0.00158594526110647,0.00209156186496115,0.00209156186496115,-0.000131381774240893,-0.000131381774240893,1.56414831117381E-17,30.6221774042201,0.221810612661786,-0.00400658200093771,0.00217529016227517
1288,-0.00243123976588434,-0.00270477042206891,-0.00270477042206891,0.00471439671067167,0.00312270299218172,0.00312270299218172,0.00188790492052118,0.00188790492052118,0.00196742778297244,0.00196742778297244,1.56414831117381E-17,29.951443275698,0.221810612661786,-0.00276676902220813,0.00199718186263873
1296,-0.00766877896311657,-0.00292238041591601,-0.00292238041591601,-0.00587143387939805,-0.0125826359023209,-0.0125826359023209,0.00102189564499999,0.00102189564499999,-0.00370943464267471,-0.00370943464267471,1.56414831117381E-17,30.0750423111732,0.221810612661786,-0.00841362995613454,0.00108778215264269
1304,-0.00348013298103238,-0.00297481221535736,-0.00297481221535736,0,-0.00582819027039539,-0.00582819027039539,0.00144210968340486,0.00144210968340486,-0.00416693068376469,-0.00416693068376469,1.56414831117381E-17,31.0771774380602,0.221810612661786,-0.00457257299626219,0.0753752605409598
1312,-0.00150232990688157,-0.00194650797281683,-0.00194650797281683,0,-0.00147243245894884,-0.00147243245894884,0,0,-0.00329989813689345,-0.00329989813689345,1.56414831117381E-17,32.1401344860019,0.221810612661786,-0.00258520131363517,0.0395486880628777
1320,-0.00304190583579184,-0.00128107950008358,-0.00128107950008358,0,-0.00521973932060423,-0.00521973932060423,0,0,-0.00472165843765347,-0.00472165843765347,1.56414831117381E-17,33.4199810331469,0.221810612661786,-0.00406914070499662,0.0252496548453414
1328,-0.00310119669762424,-0.00178040440220344,-0.00178040440220344,0,-0.00512918139422136,-0.00512918139422136,0,0,-0.00560770868988148,-0.00560770868988148,1.56414831117381E-17,35.0493530395307,0.221810612661786,-0.00414474914702505,0.0179036784703258
1336,-0.00143789478894833,-0.00184152255762769,-0.00184152255762769,0,-0.00145089571449106,-0.00145089571449106,0,0,-0.00488163787534131,-0.00488163787534131,1.56414831117381E-17,36.7158976349329,0.221810612661786,-0.00238800783188058,0
1344,-0.00540345238303669,-0.00134918875631492,-0.00134918875631492,0,-0.0074915359149638,-0.0074915359149638,0,0,-0.0074348189004283,-0.0074348189004283,1.56414831117381E-17,38.6670136887795,0.221810612661786,-0.00637811966195467,0
1352,-0.00126777419037967,-0.00102094653278891,-0.00102094653278891,0.0146058262507624,-0.00282971686443509,-0.00282971686443509,0.018415125482036,0.018415125482036,-0.00684554441693394,-0.00684554441693394,1.56414831117381E-17,40.7918026913565,0.221810612661786,-0.00210514004612247,0.024438926856675
1360,-0.00796262435695908,-0.0133860489264676,-0.0133860489264676,0.0241137017984764,0.00514670761226305,0.00514670761226305,0.0260701590046726,0.0260701590046726,-0.00351370142614711,-0.00351370142614711,1.56414831117381E-17,42.4260928410958,0.221810612661786,-0.0087735746980049,0
1368,-0.0372396015635735,-0.0152118926624672,-0.0152118926624672,0.01294091586852,-0.0200957957927199,-0.0200957957927199,0.021921108348981,0.021921108348981,-0.013372021367312,-0.013372021367312,1.56414831117381E-17,44.7932429706895,0.221810612661786,-0.040295703258051,0
1376,-0.0210444304519876,-0.0116743179218211,-0.0116743179218211,0.00711606667441851,-0.0132048758717528,-0.0132048758717528,0.0138536771449905,0.0138536771449905,-0.014180028185771,-0.014180028185771,1.56414831117381E-17,48.0308626595983,0.221810612661786,-0.0216535852447955,0
1384,0.0189225565979524,0.018878588477734,0.018878588477734,0.00481373132639793,0.0050768818738061,0.0050768818738061,0.00544530114592802,0.00544530114592802,-0.00743443492870996,-0.00743443492870996,1.56414831117381E-17,50.5813683304632,0.293347893635774,0.0217960235571887,0
1392,0.00383870772742293,0.021696193030095,0.021696193030095,0,-0.0116457282630193,-0.0116457282630193,0.000385814587754117,0.000385814587754117,-0.0141290481099856,-0.0141290481099856,1.56414831117381E-17,53.1214728630915,0.273405075759259,0.00104753350993745,0
1400,0.0077068990981287,0.0174162908033748,0.0174162908033748,0,-0.00912138099086827,-0.00912138099086827,0,0,-0.0143456007368894,-0.0143456007368894,1.56414831117381E-17,55.9538369244906,0.271196247669043,0.00783084887262556,0
1408,-0.0109602323496744,0.0165656399280683,0.0165656399280683,0,-0.0263089270455497,-0.0263089270455497,0,0,-0.0241365079351763,-0.0241365079351763,1.56414831117381E-17,59.212547633224,0.277100545479035,-0.0134009679639469,0
1416,0.0208848605626067,0.0167222053315955,0.0167222053315955,0,0.00127861711858368,0.00127861711858368,0,0,-0.0113761834405686,-0.0113761834405686,1.56414831117381E-17,61.9443389201622,0.281887322332537,0.0264545505594446,0
1424,0.00169651820135023,0.01379836053467,0.01379836053467,0,-0.0136223993006813,-0.0136223993006813,0,0,-0.0191699164805787,-0.0191699164805787,1.56414831117381E-17,64.3117601328489,0.283203926748237,0.00170357517813843,0
1432,0.0166485914397127,0.0155340869043928,0.0155340869043928,0,0.0025282609287177,0.0025282609287177,0.0025289375950793,0.0025289375950793,-0.0099651729952185,-0.0099651729952185,1.56414831117381E-17,66.3287727833551,0.296863737308517,0.0208715491359339,0
1440,0.00932782704087049,0.0229205744880492,0.0229205744880492,0,-0.00704842100495816,-0.00704842100495816,0.00888276856651946,0.00888276856651946,-0.0152452799852826,-0.0152452799852826,1.56414831117381E-17,68.0576229686426,0.333645975136767,0.0122115263144901,0
1448,0.00627862805332224,0.0198992853813477,0.0198992853813477,0,-0.00695102025967471,-0.00695102025967471,0.0103058825948746,0.0103058825948746,-0.0151035530006294,-0.0151035530006294,1.56414831117381E-17,69.759746189835,0.316617827233829,0.00964721681387443,0
1456,0.00240871873672993,0.00610579721494951,0.00610579721494951,0,-4.14008492623255E-05,-4.14008492623255E-05,0.00412183045234606,0.00412183045234606,-0.0102824350567328,-0.0102824350567328,1.56414831117381E-17,71.135990126538,0.277039374526497,0.00565273693272206,0
1462,0.00188847320459184,0.00722710004742552,0.00722710004742552,0,-0.000612501200511626,-0.000612501200511626,0.00289906477431683,0.00289906477431683,-0.010349148350222,-0.010349148350222,1.56414831117381E-17,71.9871210850701,0.22998707034175,0.00522506845740177,0
1469,0.0129464601525632,0.0089336148906753,0.0089336148906753,0,0.0167931552134163,0.0167931552134163,0.00199255307063753,0.00199255307063753,0.00219355965924665,0.00219355965924665,1.56414831117381E-17,72.5699817396439,0.264906495590809,0.0185550118036085,0
1477,0.0210542968276251,0.0157888034795667,0.0157888034795667,0,0.0255277705257437,0.0255277705257437,0.00467648366863711,0.00467648366863711,0.00891430347384852,0.00891430347384852,1.56414831117381E-17,72.6448311402334,0.303451068748486,0.0280320009365642,0
1485,0.0100123719829856,0.0107957718555105,0.0107957718555105,0,0.0161906271095179,0.0161906271095179,0.00324232947195789,0.00324232947195789,0.00309746556306726,0.00309746556306726,1.56414831117381E-17,72.5717055130564,0.322058875278362,0.0148952671705537,0
1493,0.0116378564798722,0.00950086542864699,0.00950086542864699,0,0.0270601758075101,0.0270601758075101,0.00240128644157064,0.00240128644157064,0.0116787073867476,0.0116787073867476,1.56414831117381E-17,72.2393870161422,0.30669786690569,0.0173185283594642,0
1501,0.0106476150719336,0.00744037106328467,0.00744037106328467,0,0.0296784148522291,0.0296784148522291,0.00139292488429665,0.00139292488429665,0.0148988221980301,0.0148988221980301,1.56414831117381E-17,71.4135919666502,0.286386901053254,0.0163031682701876,0
1509,0.0163528118732564,0.00566678678794572,0.00566678678794572,0.000259601468552607,0.0422731566580053,0.0422731566580053,0.00659710828506679,0.00659710828506679,0.0262642305589483,0.0262642305589483,1.56414831117381E-17,69.7271978663472,0.270175710910858,0.0229319209015998,0
1517,0.0195394052438679,0.00546172742497208,0.00546172742497208,0.00289695006008491,0.0356976548010085,0.0356976548010085,0,0,0.0271603192038776,0.0271603192038776,1.56414831117381E-17,67.0604835698113,0.259979804077339,0.0261619510028847,0
1525,0.0178393464744679,0.00418361615488161,0.00418361615488161,0.00296424169604444,0.0123301868267445,0.0123301868267445,0,0,0.0202837016778501,0.0202837016778501,1.56414831117381E-17,64.0396670859502,0.228060933452726,0.0233551931328483,0
1533,0.00491163172495169,-0.00529608017632502,-0.00529608017632502,-0.00620981588930099,-0.0140621754336377,-0.0140621754336377,-0.00829716320380531,-0.00829716320380531,0.0110480545405279,0.0110480545405279,1.56414831117381E-17,61.453257395502,0.183247158078544,0.00897231280327148,-0.00829716320380531
1541,0.0164038547648817,-0.0013678757810477,-0.0013678757810477,-3.89220687309825E-05,-0.00704890566458331,-0.00704890566458331,0.000138766303224107,0.000138766303224107,0.0173273087302602,0.0173273087302602,1.56414831117381E-17,58.5720631075751,0.112874204833222,0.0211899864797988,-0.00898290443488926
1549,0.0262815445766099,0.00420941715963021,0.00420941715963021,0.00749882195627813,-0.0110800888058382,-0.0110800888058382,-0.00344863734417187,-0.00344863734417187,0.0146525072498892,0.0146525072498892,1.56414831117381E-17,55.2044294148761,0.0434992068871488,0.0301176357376956,-0.0103062546088294
1557,0.0377465036669607,0.0102845593227611,0.0102845593227611,0.0159816802414311,-0.00929331312119719,-0.00929331312119719,0.00189429155625789,0.00189429155625789,0.0123053361420141,0.0123053361420141,1.56414831117381E-17,51.8676461431852,0,0.0384013894931408,0.013717281319022
1565,0.0501384868330526,0.0171449188929395,0.0171449188929395,0.0253846913911582,-0.0065020561926486,-0.0065020561926486,0.00853880096629602,0.00853880096629602,0.0101421231378073,0.0101421231378073,1.56414831117381E-17,48.6726060864391,0,0.0430595928778984,0.00814589664544178
1573,0.0376038556471545,0.0227433910579228,0.0227433910579228,0.0185612350431094,-0.0269795469332918,-0.0269795469332918,0.0157091444221534,0.0157091444221534,-0.00377406902145946,-0.00377406902145946,1.56414831117381E-17,47.1431075065191,0,0.014239515728221,0.0140749450133635
1581,0.0678312952797318,0.0266586362209635,0.0266586362209635,0.0466578483845299,0.0170191526440213,0.0170191526440213,0.0243697057591174,0.0243697057591174,0.0109919983163762,0.0109919983163762,1.56414831117381E-17,45.1460361987307,0,0.0176262994358612,0.0209462260541831
1589,0.0374721261573529,0.0274878659800114,0.0274878659800114,0.0493497831846717,-0.00348956926298498,-0.00348956926298498,0.0356751771753174,0.0356751771753174,0.0053912297239185,0.0053912297239185,1.56414831117381E-17,42.6338147218666,0,-0.0330918705675335,0.0299336884459627
1597,-0.0393648640094098,0.0217239374699242,0.0217239374699242,0.0789613351509234,0.0190065746570778,0.0190065746570778,0.0486991166895871,0.0486991166895871,0.0172426090292549,0.0172426090292549,1.56414831117381E-17,38.4580533529343,0,0.0100928271166206,0.0407283804581206
1605,-0.0481038951072989,-0.0238699698324257,-0.0238699698324257,0.0330755306889565,-0.0115961923345579,-0.0115961923345579,0.0330741407161818,0.0330741407161818,0.00777562866145101,0.00777562866145101,1.56414831117381E-17,34.2563792530331,0,-0.0304640800292784,0.0275059107997063
1613,-0.0113680313663618,0.00160382642481542,0.00160382642481542,0.0137633937589291,-0.0133870908229846,-0.0133870908229846,0.023438618209426,0.023438618209426,0.00166259605789017,0.00166259605789017,1.56414831117381E-17,31.8969295469007,0.221810612661786,-0.0047055590026433,0.0205095693501452
1621,-0.00572231788416881,-0.00681750125099861,-0.00681750125099861,0.0149439838679959,-0.000416033056298534,-0.000416033056298534,0.018181922100706,0.018181922100706,0.00291412522036081,0.00291412522036081,1.56414831117381E-17,30.1584874063942,0.221810612661786,-0.000935839112305027,0.0171290147091723
1629,-0.030782160352858,-0.00928081362297456,-0.00928081362297456,-0.0115767609745356,-0.0350662113128436,-0.0350662113128436,0.0138569835016507,0.0138569835016507,-0.0111944621021061,-0.0111944621021061,1.56414831117381E-17,30.7381956730384,0.221810612661786,-0.0293465055091286,0.0138911214236099
1637,-0.00200920936875035,-0.0139817939536027,-0.0139817939536027,0.0149847971515065,0.0156642536296475,0.0156642536296475,0.00618025434639877,0.00618025434639877,0.00134337808883171,0.00134337808883171,1.56414831117381E-17,31.3214337550726,0.221810612661786,-0.00135386835815045,0.00644480070164532
1645,-0.015083925325336,-0.00827622755632516,-0.00827622755632516,-0.00716951811879501,-0.0144172778538792,-0.0144172778538792,0.00380567611836897,0.00380567611836897,-0.00590562701542819,-0.00590562701542819,1.56414831117381E-17,31.9283506311344,0.221810612661786,-0.0146607556626848,0.00412224980706818
1653,-0.00190244099903448,-0.00534862770249238,-0.00534862770249238,0.00524433833755434,0.00369002530073532,0.00369002530073532,0.00298923350315468,0.00298923350315468,-0.00166598598542079,-0.00166598598542079,1.56414831117381E-17,32.8343537975884,0.221810612661786,-0.00219480336678335,0.00345896239340646
1661,-0.00651149680771249,-0.00477407301778055,-0.00477407301778055,-0.00393425154904557,-0.00582833286184345,-0.00582833286184345,0.00156207171903405,0.00156207171903405,-0.00413014368334241,-0.00413014368334241,1.56414831117381E-17,33.7670044092805,0.221810612661786,-0.00694625455523946,0.00195035223447995
1669,-0.00166916549521402,-0.00421898007196247,-0.00421898007196247,0.00247290208498464,0.00452188711459381,0.00452188711459381,0.000354619190880823,0.000354619190880823,-0.000780680897875439,-0.000780680897875439,1.56414831117381E-17,34.5010776530602,0.221810612661786,-0.00242909881824008,0.000407240814516159
1677,-0.00314802268916726,-0.00266271813656493,-0.00266271813656493,0,-0.000547270208288222,-0.000547270208288222,0,0,-0.0014486417368055,-0.0014486417368055,1.56414831117381E-17,35.0048703428966,0.221810612661786,-0.003865895854977,0.0855755921115185
1685,-0.00237568201021097,-0.00170001051025111,-0.00170001051025111,0,-0.00179305951505659,-0.00179305951505659,0,0,-0.00207253417373844,-0.00207253417373844,1.56414831117381E-17,35.6567153230688,0.221810612661786,-0.00318529907294196,0.0460192563446902
1693,-0.00794565918877372,-0.00297981798182893,-0.00297981798182893,0,-0.0124321634699013,-0.0124321634699013,0,0,-0.00710777084022009,-0.00710777084022009,1.56414831117381E-17,37.0914771569305,0.221810612661786,-0.00914969519820717,0.0275972103207855
1701,-0.00155650808543373,-0.00344041127174706,-0.00344041127174706,0,-0.00084623289496222,-0.00084623289496222,0,0,-0.00497408561712352,-0.00497408561712352,1.56414831117381E-17,38.8066217952743,0.221810612661786,-0.00271034905020355,0.0166167021221136
1709,-0.00278388747866986,-0.00270461287344872,-0.00270461287344872,0,-0.000894341899716816,-0.000894341899716816,0,0,-0.004794543524882,-0.004794543524882,1.56414831117381E-17,40.3308818490987,0.221810612661786,-0.0037677664552943,0
1717,-0.00225684996310627,-0.00223818434548219,-0.00223818434548219,0.00493273938986037,-0.000361659909826316,-0.000361659909826316,0.00729254898677768,0.00729254898677768,-0.00449307953911011,-0.00449307953911011,1.56414831117381E-17,41.7927426744688,0.221810612661786,-0.00309066962746415,0
1725,-0.0160102075527102,-0.00562013187872545,-0.00562013187872545,0.00728499042384708,-0.0127955600145357,-0.0127955600145357,0.0116209280115465,0.0116209280115465,-0.00999284258430299,-0.00999284258430299,1.56414831117381E-17,43.841756898175,0.221810612661786,-0.0174323315581735,0
1733,-0.00365200056786907,-0.00615109086728856,-0.00615109086728856,0.00934212808579473,-0.000958009465791616,-0.000958009465791616,0.0111095805749512,0.0111095805749512,-0.00715605188630004,-0.00715605188630004,1.56414831117381E-17,46.0386237585901,0.221810612661786,-0.00438989941912245,0
1741,-0.0234459528144781,-0.00511212741961142,-0.00511212741961142,0.010153873317607,-0.0166293492401312,-0.0166293492401312,0.0181523409867125,0.0181523409867125,-0.0142342396619659,-0.0142342396619659,1.56414831117381E-17,48.6627394553334,0.221810612661786,-0.0256309115677289,0
1749,0.00852215564825724,-0.00408481351827937,-0.00408481351827937,0.0256688119349658,0.00798867134837144,0.00798867134837144,0.0274846972476254,0.0274846972476254,-0.0051503608560095,-0.0051503608560095,1.56414831117381E-17,50.8688747803041,0.221810612661786,0.0088934061949851,0
1757,-0.0237480946357098,0.0207430426102359,0.0207430426102359,0.011668537585199,-0.0149425310474834,-0.0149425310474834,0.023102203589595,0.023102203589595,-0.0145290088557088,-0.0145290088557088,1.56414831117381E-17,53.1768669589452,0.363279636765929,-0.0241144851934263,0
1765,0.0158974160986061,0.0336159293411916,0.0336159293411916,0.00843997297756015,-0.00907131851569721,-0.00907131851569721,0.0184291178631429,0.0184291178631429,-0.0137517276427855,-0.0137517276427855,1.56414831117381E-17,55.9183843149482,0.341838012251599,0.0196603130978786,0
1773,0.0157196727846047,0.031716750625589,0.031716750625589,0.00397936978026335,-0.00991999337132085,-0.00991999337132085,0.0150001555598235,0.0150001555598235,-0.0150912678995452,-0.0150912678995452,1.56414831117381E-17,58.554371387169,0.341184644752719,0.0179261128911083,0
1781,0.0203156567971965,0.0299599608042558,0.0299599608042558,0.00351008883186988,-0.00328118615076694,-0.00328118615076694,0.0130813798446609,0.0130813798446609,-0.0122526574992641,-0.0122526574992641,1.56414831117381E-17,60.9077386148613,0.339682573736375,0.0239675395127753,0
1789,0.00544599510565471,0.0227521621398054,0.0227521621398054,0,-0.0130788246625801,-0.0130788246625801,0.00950957071955543,0.00950957071955543,-0.0177208621411633,-0.0177208621411633,1.56414831117381E-17,63.2399207294091,0.331282253302736,0.00692335868596722,0
1797,0.00812993820085242,0.0178866541997893,0.0178866541997893,0,-0.00283268221900837,-0.00283268221900837,0.00640641337242483,0.00640641337242483,-0.012413728838375,-0.012413728838375,1.56414831117381E-17,65.3479922885925,0.303759305683848,0.0115935730086422,0
1805,-0.00171162749767443,0.0108120609644694,0.0108120609644694,0,-0.0105623369576535,-0.0105623369576535,0.00245826262636035,0.00245826262636035,-0.0169457221948957,-0.0169457221948957,1.56414831117381E-17,67.2700163659859,0.261146951884403,0.000231443892054193,0
1813,-0.00547302889693275,0.00683770454806835,0.00683770454806835,0,-0.0127077583624165,-0.0127077583624165,0,0,-0.0185979003622365,-0.0185979003622365,1.56414831117381E-17,69.2119664926587,0.230830662856412,-0.00373900214812022,0
1821,-0.00913292400599901,-0.00506663935719189,-0.00506663935719189,-0.0163500473663711,0.00703480481684065,0.00703480481684065,-0.0149647848817971,-0.0149647848817971,-0.0055561408736876,-0.0055561408736876,1.56414831117381E-17,70.576268602127,0.214278648488296,-0.00439918792941163,-0.0163500473663711
