p_median,p_lb95,p_ub95,p_lb68,p_ub68,null_median,null_lb95,null_ub95,null_lb68,null_ub68
1.94076461696936,1.89798594370699,1.98090864160641,1.92011106953716,1.96058064173428,2.93747468973498,2.9125047149505,2.9612653100571,2.92448421598886,2.94961612536309
1.978304454892,1.92910655462763,2.0233330419401,1.95514072968413,1.99993076666544,2.98476579417908,2.96001050540796,3.0087440319452,2.97192114460081,2.9971531032268
2.00095956476332,1.94605254441634,2.0510618491844,1.97374564342192,2.02520167808551,3.00766244312244,2.98295135249843,3.03166089377472,2.99478464563724,3.02009339540454
2.06335568290384,2.0026340404201,2.11879617815166,2.03258429549533,2.0904139385391,2.94748987611621,2.92248785629499,2.97130122817497,2.93451094573581,2.95966421164107
2.14660366143279,2.07849283164367,2.20691391778414,2.11329167565202,2.17550494125533,2.91874481796084,2.89383549196258,2.9425404909848,2.90577689651208,2.93094054477233
2.26847168793273,2.19652257823956,2.332817178991,2.23286127715494,2.2992920491459,2.81285953313162,2.78801243760092,2.83672620255972,2.80017808428986,2.82515443484053
2.18689060613276,2.1257539471848,2.24404077782219,2.15855719387198,2.21445863738633,2.68843747143594,2.66332718604189,2.71225822285365,2.67574678679104,2.70068480165911
2.17849948258658,2.12263618156109,2.23240800497565,2.15222304181529,2.20470611501995,2.55323571808357,2.52744025167428,2.57725081990477,2.54002484925518,2.56541495822709
2.24845841179777,2.19622908359184,2.30080555401525,2.22515384380353,2.27626659305417,2.75749656568601,2.73239944825102,2.78120666341701,2.74474945476892,2.76983573798568
2.52355930584176,2.47102423484426,2.57527527871422,2.49941223264341,2.54986803538665,2.96338263529709,2.93846074577005,2.98727878904093,2.95047414208873,2.97566226004865
2.77616806867537,2.72418149437153,2.82648291890105,2.75296952673162,2.80018962569947,3.0934654292636,3.06889340675509,3.11776278595856,3.08071793494311,3.10606986243731
2.92026019086039,2.86881957038489,2.96791286362534,2.89624249540175,2.94360727566555,3.0968699523946,3.07231599744795,3.12118436114215,3.08413268347577,3.10947273259303
3.03545558835031,2.98774062411545,3.07810180086482,3.01273662576175,3.0559731150318,2.77908284862996,2.75416220158065,2.80291546009409,2.76642412407091,2.79149510543063
3.02493447837485,2.98868359249733,3.05929888566342,3.00762023988688,3.04229776811627,1.92546596036719,1.89549765977754,1.9618020222573,1.90941794136735,1.94286918393042
3.03112630650777,2.99686323823818,3.06183670480268,3.01573918347746,3.04747672883528,NaN,NaN,NaN,NaN,NaN
3.09844837412897,3.05438098293,3.1393224823555,3.07831409581992,3.11879776520887,NaN,NaN,NaN,NaN,NaN
3.2170778251474,3.15876999817516,3.28206520361627,3.18662593749007,3.2498578177035,NaN,NaN,NaN,NaN,NaN
3.74706328572801,3.69367441373115,3.80452210275903,3.71935275259678,3.7762220383464,2.80555727417206,2.7806940778202,2.82941602460783,2.79289885532099,2.8178805107127
3.42681499944612,3.38462600396448,3.47483294765195,3.40575485887247,3.44917643295631,2.80555727417206,2.7806940778202,2.82941602460783,2.79289885532099,2.8178805107127
3.18173861916074,3.13582753118576,3.22977630141896,3.15862638175703,3.20415588793113,2.80555727417206,2.7806940778202,2.82941602460783,2.79289885532099,2.8178805107127
3.16935759861232,3.13312918796538,3.20216730105392,3.15005531476544,3.1864709396256,2.80555727417206,2.7806940778202,2.82941602460783,2.79289885532099,2.8178805107127
3.12070158147476,3.09080061709614,3.14818107408525,3.1052772140112,3.13473325001756,2.80555727417206,2.7806940778202,2.82941602460783,2.79289885532099,2.8178805107127
3.05828904335128,3.0318182277924,3.08481720292795,3.04434280773027,3.07200625974536,2.80555727417206,2.7806940778202,2.82941602460783,2.79289885532099,2.8178805107127
3.03959668210495,3.01268682859475,3.06625959854484,3.02664251746891,3.05380273327781,2.80555727417206,2.7806940778202,2.82941602460783,2.79289885532099,2.8178805107127
2.98351644483897,2.95681846853119,3.01040537230137,2.97035628226895,2.99821996656356,2.80555727417206,2.7806940778202,2.82941602460783,2.79289885532099,2.8178805107127
2.96021187320675,2.93247666145387,2.98718081344764,2.94688847411542,2.97485503858767,2.80555727417206,2.7806940778202,2.82941602460783,2.79289885532099,2.8178805107127
2.91147721106567,2.88449388331258,2.93884487381058,2.8980985675361,2.92614373621207,2.80555727417206,2.7806940778202,2.82941602460783,2.79289885532099,2.8178805107127
2.88381323035962,2.85658197045002,2.9108522415946,2.87049614548971,2.89822245647131,2.80555727417206,2.7806940778202,2.82941602460783,2.79289885532099,2.8178805107127
2.84919929433611,2.82233828613602,2.87632546718752,2.83599509508069,2.86337544072467,2.80555727417206,2.7806940778202,2.82941602460783,2.79289885532099,2.8178805107127
2.79046562607757,2.76411227490367,2.81781402201103,2.77718659791969,2.80466729869729,2.80555727417206,2.7806940778202,2.82941602460783,2.79289885532099,2.8178805107127
2.77869624162256,2.75202474932043,2.80518378675683,2.76549353044324,2.79231983079794,2.80555727417206,2.7806940778202,2.82941602460783,2.79289885532099,2.8178805107127
2.75064478514641,2.72488562090662,2.7763492209437,2.73788233670434,2.7640522159721,2.80555727417206,2.7806940778202,2.82941602460783,2.79289885532099,2.8178805107127
2.71441416107212,2.68923749710586,2.73978593828462,2.70198018139778,2.72750452388725,2.80555727417206,2.7806940778202,2.82941602460783,2.79289885532099,2.8178805107127
2.6615422018561,2.63670787507122,2.68643944231928,2.64931142912496,2.67463281238823,2.80555727417206,2.7806940778202,2.82941602460783,2.79289885532099,2.8178805107127
2.60458870997498,2.5791564894625,2.62932419745744,2.59194641193062,2.61751027564862,2.80555727417206,2.7806940778202,2.82941602460783,2.79289885532099,2.8178805107127
2.54775290332625,2.52245981276347,2.57272060889777,2.53506805303211,2.56039966746673,2.80555727417206,2.7806940778202,2.82941602460783,2.79289885532099,2.8178805107127
2.48943286748322,2.46357367043963,2.51457749344806,2.47651789235722,2.50198871101817,2.80555727417206,2.7806940778202,2.82941602460783,2.79289885532099,2.8178805107127
2.35740009251651,2.3311265190757,2.38236255195389,2.34411994987049,2.37002955737615,2.80555727417206,2.7806940778202,2.82941602460783,2.79289885532099,2.8178805107127
2.16384225632568,2.13721874335744,2.1878232233357,2.14960659766845,2.17587379088549,3.2423426397725,3.21778682702238,3.26698888540683,3.22938213172008,3.25490110391507
2.1235650079293,2.09558000312632,2.14744448234387,2.10904806942673,2.13595944516621,3.11309926766902,3.08855939893769,3.13745209842858,3.10035457155937,3.1256769753657
2.11390075001754,2.08571840049184,2.13805259713239,2.09864298549404,2.12611486723514,2.99803384533862,2.97332203742126,3.02202037695621,2.98517762384628,3.01044229661606
2.13952750305623,2.11005717146378,2.16445588615585,2.12412578926416,2.1520445336867,2.90825360825795,2.88338036951724,2.93206550186651,2.89531404367639,2.92049812481626
2.12394521991398,2.09398351566798,2.14985977424785,2.1086021031788,2.13720491808419,2.97295448205452,2.94810755349187,2.99688792982088,2.96007479470163,2.98528331589825
2.09428984425283,2.06275273812087,2.12200343062839,2.07822308706749,2.10820575746023,3.11213572522137,3.08759530657987,3.13648651565625,3.09939331272537,3.1247152087449
2.06055482664635,2.02678509984411,2.0910412990863,2.04383944706978,2.07579408762701,3.15262977089185,3.12812944137992,3.17715131028761,3.13984675157899,3.16519468587377
2.04660777038958,2.00997473187449,2.07948715475035,2.02870965853962,2.06321513199644,3.05521062513769,3.0305068987599,3.07936687124636,3.04243541613073,3.06786020572917
2.00094960056461,1.96188597811526,2.03651432141607,1.98138430271804,2.01878736213887,3.03710763526211,3.01234647427468,3.06115995762528,3.02425621501151,3.04964419083769
2.00576940727814,1.96176920536188,2.04438207609312,1.98399545912333,2.02526490093896,2.95160920792558,2.92662151400494,2.97545824447334,2.93866419393196,2.9638264899179
2.06588954460989,2.01565501517991,2.11050432448848,2.04123620738652,2.08732749637738,2.92813747733112,2.90318732382324,2.95192027264169,2.91514785314532,2.94029885997107
2.08499193904835,2.03617613396305,2.13008148195221,2.06208755570655,2.10676058666965,2.77877305309857,2.75385171831856,2.80260535877799,2.7661137152996,2.79118775151913
2.0116704074877,1.97218373633934,2.05197466247664,1.99408515515275,2.03209537851896,2.76936054551456,2.74433430298482,2.79309982845444,2.75662702435011,2.78170585653743
2.0351403927557,1.98898209547542,2.07989162183485,2.01198654712363,2.05949257515561,2.72996737532865,2.70478313038499,2.75357917411268,2.71709565200417,2.74216642534737
2.06847252845023,2.01108960454411,2.12410287615618,2.04078535807486,2.09724045832126,2.68541352702005,2.66030458634474,2.70928938948032,2.67272400769728,2.69768197894623
2.12925255139468,2.06092863921666,2.19655780121891,2.09493623864244,2.16313843708978,2.64321600602007,2.61791556212761,2.66727849520502,2.63048363489424,2.65567888242578
2.22910006178796,2.15109186621457,2.30455406908256,2.18983560583523,2.26884215006274,2.75102084171529,2.72584027343116,2.7746840002208,2.73821452585459,2.76330015727824
2.53653206466231,2.46870959346127,2.6048895083847,2.50236028472703,2.57067598736383,2.87557308018325,2.85061629603566,2.89932103021554,2.86265825311571,2.88774613934391
2.92776733494723,2.87594609789896,2.97515124627034,2.90231785974982,2.95376491550036,2.97176987784622,2.94691370666073,2.99569875883604,2.95888666816052,2.98409279315049
3.22752633621379,3.19012449014442,3.26262629792298,3.21060558282503,3.245473613943,2.98426829131198,2.95950916112374,3.00824466958044,2.97142212323798,2.99665315677686
3.36473872615595,3.33824756995043,3.38791135029868,3.35159675320095,3.37809585740807,2.75723861324476,2.732134346003,2.78094302754171,2.7444856374469,2.76957169704568
3.21316670815317,3.18339361440043,3.24292419525823,3.19812982562201,3.22792708219685,2.32274006055692,2.29555439554746,2.34720090146743,2.30876682320203,2.33526738210225
3.09882371086956,3.05957302371217,3.13722028972199,3.07749474076324,3.11750763873051,NaN,NaN,NaN,NaN,NaN
3.03139849350818,2.99069841439545,3.07630225160782,3.00960551279102,3.05236249554896,NaN,NaN,NaN,NaN,NaN
3.02710847227574,2.98826731003465,3.07047654765105,3.00591421658605,3.04716185938409,NaN,NaN,NaN,NaN,NaN
3.02238035397523,2.98538922151208,3.06789351319735,3.00203418157053,3.04306589430264,NaN,NaN,NaN,NaN,NaN
3.00586518590649,2.92252629471106,3.04601648939528,2.98260911751253,3.02532661244157,2.80518517377284,2.78059847202023,2.82891504289498,2.79230049739073,2.81750005872687
3.34407491206872,3.3009220331459,3.3880904689589,3.32244077454248,3.36621176310172,2.80555727417206,2.7806940778202,2.82941602460783,2.79289885532099,2.8178805107127
3.21956966670531,3.18181500816729,3.26061423377246,3.20082735881033,3.2395030248742,2.80555727417206,2.7806940778202,2.82941602460783,2.79289885532099,2.8178805107127
3.16791919564091,3.13059141028759,3.20592161408049,3.14940066792541,3.18733244717637,2.80555727417206,2.7806940778202,2.82941602460783,2.79289885532099,2.8178805107127
3.09185109575151,3.06004916695201,3.11990013607734,3.07611962562018,3.10683706330953,2.80555727417206,2.7806940778202,2.82941602460783,2.79289885532099,2.8178805107127
3.05622506266244,3.02833498121072,3.08218348493009,3.04227212148249,3.06973341900204,2.80555727417206,2.7806940778202,2.82941602460783,2.79289885532099,2.8178805107127
2.97604238571703,2.95047789669898,3.00227252810345,2.9628126335152,2.98938032894993,2.80555727417206,2.7806940778202,2.82941602460783,2.79289885532099,2.8178805107127
2.95862598500887,2.93241008607075,2.98440815292579,2.94574263683629,2.97200680168451,2.80555727417206,2.7806940778202,2.82941602460783,2.79289885532099,2.8178805107127
2.91075349532917,2.88428525069459,2.93671880664802,2.89860224498435,2.92452057819434,2.80555727417206,2.7806940778202,2.82941602460783,2.79289885532099,2.8178805107127
2.89221808674342,2.86599009999209,2.91813120895886,2.87987190042301,2.90583718497071,2.80555727417206,2.7806940778202,2.82941602460783,2.79289885532099,2.8178805107127
2.84663892292078,2.82013697142476,2.87271518456791,2.83401791084554,2.86045373398674,2.80555727417206,2.7806940778202,2.82941602460783,2.79289885532099,2.8178805107127
2.81902578793922,2.79266264139222,2.84509261500796,2.80601964220696,2.8328964778998,2.80555727417206,2.7806940778202,2.82941602460783,2.79289885532099,2.8178805107127
2.77208862478249,2.74607366862623,2.79810408021147,2.75896167109513,2.78601899104222,2.80555727417206,2.7806940778202,2.82941602460783,2.79289885532099,2.8178805107127
2.74094419674938,2.71502276761477,2.76691510746131,2.72784625782317,2.75459910038039,2.80555727417206,2.7806940778202,2.82941602460783,2.79289885532099,2.8178805107127
2.74657891729534,2.72033921629955,2.77235192093335,2.73383455484734,2.76004375993126,2.80555727417206,2.7806940778202,2.82941602460783,2.79289885532099,2.8178805107127
2.71620012018653,2.69058142361359,2.74187015420801,2.70382208874769,2.72949440229561,2.80555727417206,2.7806940778202,2.82941602460783,2.79289885532099,2.8178805107127
2.6588359246741,2.63394718794486,2.6839188656649,2.64656457912635,2.67193462650451,2.80555727417206,2.7806940778202,2.82941602460783,2.79289885532099,2.8178805107127
2.59256705772082,2.56759539854468,2.61795769389743,2.58010406965746,2.60583868653642,2.80555727417206,2.7806940778202,2.82941602460783,2.79289885532099,2.8178805107127
2.48229738333828,2.45674579242778,2.50804349713797,2.46923433968278,2.49559081371371,2.80555727417206,2.7806940778202,2.82941602460783,2.79289885532099,2.8178805107127
2.44308430894996,2.41670593704423,2.46860742783374,2.42973482789076,2.45580399544791,2.80555727417206,2.7806940778202,2.82941602460783,2.79289885532099,2.8178805107127
2.37762195940295,2.35111028372522,2.40362624697828,2.36417391418097,2.39061756475754,2.80555727417206,2.7806940778202,2.82941602460783,2.79289885532099,2.8178805107127
2.32501761774835,2.29783353590578,2.35030242610299,2.31111822788034,2.33769087876674,2.80555727417206,2.7806940778202,2.82941602460783,2.79289885532099,2.8178805107127
2.27862413405393,2.25159108646855,2.30356772897854,2.26389186750555,2.29184676437834,2.80680663998091,2.7806940778202,3.02844474783532,2.79320653917841,2.8212925497726
2.22002741139398,2.19253331427317,2.24470613150376,2.2055481591525,2.23286709639117,3.01253838966249,2.98782645075776,3.03654256292314,2.99966138527406,3.02498460379892
2.17893203386213,2.15113158787895,2.2036700947158,2.1643754668598,2.19179185889479,3.08511812489816,3.06049725401927,3.10937225095384,3.07234364573668,3.09772666051546
2.15534512532156,2.12626684141102,2.18083995178665,2.14037631547008,2.16925967933246,3.24052831705145,3.21596347458607,3.26516308954948,3.22756257372524,3.25307564804333
2.0259338518668,1.99484086618168,2.05497001594619,2.00980905330329,2.04025979840828,3.53823656781547,3.51328328852632,3.56380774330185,3.52570125083253,3.5516754038189
1.89027730038088,1.85318719882691,1.92381809315264,1.87223740580508,1.90670615803285,3.39869725719325,3.37393887199061,3.42352767450484,3.38595761697953,3.41145069378527
1.78931959006132,1.74765307279373,1.82906815093045,1.76906648444562,1.80812547676218,3.13915784825419,3.1146711041025,3.16362622926471,3.12637497533377,3.15173968566019
1.71087893556211,1.66842450752635,1.75199430056786,1.69063176781141,1.73098624589846,2.70885948833232,2.68374244502804,2.73249495826206,2.69608576028031,2.72109497802901
1.59239872825673,1.5537965900312,1.63273786793371,1.57402446156367,1.61312087227101,2.65354525649795,2.62829414054113,2.6775713071766,2.64083311159221,2.66601638043364
1.57022407257483,1.52104295065818,1.61866374349615,1.54615174920595,1.59721534146278,2.66577170729614,2.64057997475436,2.68976770254485,2.65310648885799,2.67813079172238
1.5867228567181,1.5224349849605,1.64678244529796,1.55610483336814,1.61970847611353,2.6052132466968,2.57972558956409,2.6292347537324,2.59223944634563,2.61753929698592
1.66641378729523,1.58976343962649,1.74369891226213,1.62799656471038,1.70745625590082,2.26282131444232,2.23497832589944,2.28712371071439,2.24868829409938,2.27561492777502
1.82547299898273,1.73202989172159,1.91672311040971,1.78037627850736,1.87193926872284,NaN,NaN,NaN,NaN,NaN
2.06528334338918,1.95834427230933,2.17146609386631,2.01409471824629,2.11823214507426,NaN,NaN,NaN,NaN,NaN
2.44072800970718,2.32433754778035,2.5557727574566,2.3854174566756,2.49881026351055,NaN,NaN,NaN,NaN,NaN
3.01821918789187,2.91355403835299,3.12254213193556,2.96682820912749,3.06874017732448,2.90628303913827,2.88141189180927,2.93009894405845,2.89335377769503,2.91852997998061
3.63749396758574,3.60384549530933,3.6667177561072,3.62186563470255,3.65344540805268,3.32204225774308,3.29743765661539,3.34684296522823,3.3092189948184,3.33469980917102
3.55412575049491,3.5014087215503,3.59848304955486,3.52827847818955,3.5787921151775,3.30190859560728,3.27734397447356,3.32668038935421,3.28901536558136,3.31452799456852
3.34319811409284,3.29458965652214,3.39035018674803,3.31825818925025,3.36660275838744,3.07350762391644,3.04882908792448,3.09771628513095,3.06073350003234,3.08611368843519
3.1205394503401,3.08934905971937,3.15752141099036,3.10463221058768,3.13814780317064,2.78923387336885,2.76433562541714,2.81307656902947,2.77658332210794,2.80159184368558
2.82612364026958,2.78548530264208,2.86708761941735,2.80549568945005,2.84586864943554,2.20464360609684,2.17679020848703,2.23020209462799,2.19024955745194,2.21820181673656
2.71198882251639,2.66410754235844,2.76087654799795,2.6872912738414,2.73604030049299,1.78376643573874,1.75223916264132,1.83225394892846,1.76662459232005,1.80377611056314
2.71723603451936,2.66651103006489,2.77011713501298,2.69169290806418,2.74419050961762,1.5007173135458,1.46301704181974,1.58445501061714,1.47978414775361,1.53512202702983
2.77845053523063,2.73057646728382,2.83146483962714,2.75431497591361,2.80461051805369,-0.00747016933791133,-1.03366819631965,0.795867479007739,-0.542973719675949,0.441290789794477
2.84047224788939,2.79560505930512,2.88636239797904,2.81808845615658,2.86304221174482,NaN,NaN,NaN,NaN,NaN
2.89286162857171,2.85230978863622,2.9339432839664,2.87272209066453,2.91269375440462,NaN,NaN,NaN,NaN,NaN
2.9697645769644,2.93664879707927,3.01030367799045,2.95287017568327,2.98811884476756,2.80555727417206,2.7806940778202,2.82941602460783,2.79289885532099,2.8178805107127
3.24447560606012,3.21060843805548,3.2803807130644,3.22622497665999,3.26187165099835,2.80555727417206,2.7806940778202,2.82941602460783,2.79289885532099,2.8178805107127
3.13863511414059,3.10960580938896,3.17073333634374,3.12379667890549,3.15462946610955,2.80555727417206,2.7806940778202,2.82941602460783,2.79289885532099,2.8178805107127
3.09134223167148,3.06106183182159,3.12256177461648,3.07558921024832,3.10681413916833,2.80555727417206,2.7806940778202,2.82941602460783,2.79289885532099,2.8178805107127
3.07307120610425,3.04511694934192,3.09981587288922,3.05852130093871,3.08754249254752,2.80555727417206,2.7806940778202,2.82941602460783,2.79289885532099,2.8178805107127
3.04659469608654,3.01948968373749,3.07242199330343,3.03306548616595,3.06037994013326,2.80555727417206,2.7806940778202,2.82941602460783,2.79289885532099,2.8178805107127
2.98021746071691,2.95146467304674,3.00747829613165,2.96643674963966,2.99511277669031,2.80555727417206,2.7806940778202,2.82941602460783,2.79289885532099,2.8178805107127
2.94648152942326,2.9168053153406,2.97514052122145,2.93221574977289,2.96108603629379,2.80555727417206,2.7806940778202,2.82941602460783,2.79289885532099,2.8178805107127
2.88867640433712,2.85996975417439,2.91705606630965,2.87496859503252,2.90322490600748,2.80555727417206,2.7806940778202,2.82941602460783,2.79289885532099,2.8178805107127
2.8125930651936,2.78526101476017,2.84019400264872,2.7991066760574,2.82704463412957,2.80555727417206,2.7806940778202,2.82941602460783,2.79289885532099,2.8178805107127
2.75576162453227,2.72909137105948,2.78195830895476,2.74235503269142,2.76945168035571,2.80555727417206,2.7806940778202,2.82941602460783,2.79289885532099,2.8178805107127
2.67137194818176,2.64482148765471,2.69794697429249,2.65785925796587,2.68496723970005,2.80555727417206,2.7806940778202,2.82941602460783,2.79289885532099,2.8178805107127
2.59678116771332,2.57027201937344,2.62294671479462,2.58326354908711,2.61040053366455,2.80555727417206,2.7806940778202,2.82941602460783,2.79289885532099,2.8178805107127
2.50236611253404,2.47617074348278,2.52856678518157,2.48874940649758,2.51612072047877,2.80555727417206,2.7806940778202,2.82941602460783,2.79289885532099,2.8178805107127
2.37184670090048,2.34473472238157,2.39821424464814,2.35762087094515,2.38522798826911,3.16772193293033,3.14315492170294,3.19225425536354,3.15485384257929,3.18022637234868
2.34822132391856,2.32056782091596,2.37439864671649,2.33415374433456,2.36211999372889,3.14780826905284,3.12330304301169,3.17230069222139,3.13501295673367,3.16036866923065
2.39101010061385,2.36297196092745,2.41692591238923,2.37703685588411,2.40499803660445,3.13187059140856,3.10739751641678,3.1563205171414,3.11911796852514,3.14446958775565
2.36003753358053,2.33250491783918,2.38403280455462,2.34581699045931,2.37336269124243,3.11458753400272,3.09004850987127,3.13894352289379,3.10183929626792,3.1271624935374
2.29090542475936,2.26324903768763,2.31639939619131,2.27625430409046,2.30439045071669,3.09610937325769,3.07155281434304,3.12042052492585,3.08337037581142,3.10871245687143
2.2411131472504,2.21264456039307,2.26725932327338,2.22637271857574,2.25452193516347,3.12238385115878,3.09788438349103,3.14679180095251,3.10965189473442,3.13497945056815
2.21632952606027,2.18627989274954,2.24416890310876,2.20079015581357,2.23069148308516,3.14115386782441,3.11666435986436,3.16562921476919,3.12836556719749,3.15373221195871
2.14813702046928,2.11558837833914,2.17951137708698,2.13206088785178,2.16352094121487,3.13930277189655,3.11481604595515,3.16377187681718,3.12651965658476,3.1518845735165
2.07837764417381,2.04217842242217,2.11466712928298,2.06046526299079,2.09550172835611,3.06855674570051,3.04384449949676,3.09272294898534,3.05576240963367,3.08113796326456
2.06135949901047,2.01926405979071,2.10204802263805,2.04144957598565,2.08073499910116,2.92622633077509,2.90128444643829,2.9500117247867,2.91324109126483,2.93839607286508
1.99409112874409,1.94468386772193,2.03820428977817,1.96983978979286,2.01545032139498,3.09946874782794,3.07491614906835,3.12378829793758,3.08673138961776,3.11206661891847
1.92571619098484,1.86988906575996,1.97640500306173,1.89772667911896,1.94974620106531,3.07430333426729,3.04963051793686,3.09851912753834,3.06153276647104,3.08691357083804
1.87060222853875,1.8084944661176,1.92609158907677,1.83969088409753,1.89724856896412,3.15223889701916,3.12774053878257,3.17676044425985,3.13945724847481,3.16480564819358
1.86851036049208,1.79782227384728,1.93008064975418,1.83332542818731,1.89881318802061,2.96927609570443,2.94440043575937,2.99319531807338,2.95638543166896,2.98158651898366
1.90714316596983,1.82618017043245,1.97652471320273,1.86653355763926,1.94062600352779,2.9633051626011,2.93838266372594,2.98720101081316,2.95039643302115,2.97558438035336
1.95577179089072,1.865858022341,2.03300742316682,1.90968652264907,1.99297162836434,2.85163946196181,2.82674641379553,2.87544656613179,2.83880091599714,2.86385688536459
2.05688937097284,1.95760966068989,2.14213215355618,2.00668624589201,2.09779337543594,2.83327233408575,2.80837914693577,2.8570986600188,2.82044977822452,2.84545273200031
2.05231777337086,1.95785359724186,2.13388059119852,2.00454324710945,2.09111069378229,2.7558724746549,2.73072175398486,2.77953826225422,2.74307990137985,2.76816476781443
2.02597890105995,1.93261535838845,2.10602191119956,1.98187992650856,2.06547142642163,2.66454981839194,2.63935103299329,2.68854764138635,2.65187865222477,2.67691768407078
2.05211639042667,1.96377593285344,2.13109264585865,2.00953440680832,2.09075933009083,2.56883081281373,2.54315517897999,2.59274392565308,2.55566097766432,2.58099725761437
2.12677009499823,2.04354191592066,2.20534509298596,2.08695862624841,2.16506705840757,2.39719730928678,2.37048756338109,2.42124485859348,2.38326621103276,2.40937991905051
2.22363693135641,2.14537119639845,2.30131481736084,2.18706887235611,2.26390137712338,1.95792555973026,1.92836060090927,1.99274121337155,1.94189764140404,1.97454008993977
2.38672010628263,2.31007561791007,2.46171329860048,2.35283344284415,2.42696177156399,NaN,NaN,NaN,NaN,NaN
2.65478253288944,2.58505478475675,2.72557758084896,2.62067983100393,2.6936050716414,NaN,NaN,NaN,NaN,NaN
3.00356670332143,2.93453715978234,3.07049771982171,2.97045214684262,3.04056296565057,NaN,NaN,NaN,NaN,NaN
3.39681131695538,3.32889466588966,3.45980731974102,3.36415509440665,3.4261422453698,NaN,NaN,NaN,NaN,NaN
3.59561282146989,3.54073421847745,3.65661996027305,3.56682344442064,3.62598230690827,NaN,NaN,NaN,NaN,NaN
3.30516649165341,3.2477950760928,3.36319917705258,3.27456899498458,3.33334733535954,NaN,NaN,NaN,NaN,NaN
3.15550039268779,3.06698236034929,3.20490763801962,3.10164868077213,3.18217165925381,2.80485374514572,2.77983477374788,2.82884569269448,2.79198264199065,2.8173634556843
3.4979347355247,3.44295085409873,3.5570836142819,3.4684749237904,3.52823328440698,2.80555727417206,2.7806940778202,2.82941602460783,2.79289885532099,2.8178805107127
3.29361829539134,3.25518039301093,3.33681515092057,3.2742430705948,3.31560033030947,2.80555727417206,2.7806940778202,2.82941602460783,2.79289885532099,2.8178805107127
3.1913283881337,3.15479878170282,3.22659789521395,3.17312387798624,3.20893716843744,2.80555727417206,2.7806940778202,2.82941602460783,2.79289885532099,2.8178805107127
3.14111572299687,3.10958320076105,3.17012859913865,3.12507675754738,3.15630915145354,2.80555727417206,2.7806940778202,2.82941602460783,2.79289885532099,2.8178805107127
3.12320914855791,3.09552213069488,3.14997107841983,3.10894665631796,3.13715668137795,2.80555727417206,2.7806940778202,2.82941602460783,2.79289885532099,2.8178805107127
3.06213728809656,3.03524501846941,3.08862035161707,3.04840780231209,3.07580713258457,2.80555727417206,2.7806940778202,2.82941602460783,2.79289885532099,2.8178805107127
3.02317333831987,2.99527982573073,3.05017279597333,3.00992805725933,3.03751546479989,2.80555727417206,2.7806940778202,2.82941602460783,2.79289885532099,2.8178805107127
2.9924821868101,2.96374848346761,3.01949459478152,2.97868319484871,3.00703742791519,2.80555727417206,2.7806940778202,2.82941602460783,2.79289885532099,2.8178805107127
2.94050607511756,2.91182970514105,2.96826526221412,2.92650829214718,2.95541267583209,2.80555727417206,2.7806940778202,2.82941602460783,2.79289885532099,2.8178805107127
2.90006216812182,2.87108630808444,2.92910339801514,2.8859093733843,2.91481939996085,2.80555727417206,2.7806940778202,2.82941602460783,2.79289885532099,2.8178805107127
2.86827441547569,2.83931057245598,2.89772390299684,2.85410263604544,2.88325913216165,2.80555727417206,2.7806940778202,2.82941602460783,2.79289885532099,2.8178805107127
2.83342060605995,2.80472440561695,2.86295042458604,2.81924580990072,2.84832646164216,2.80555727417206,2.7806940778202,2.82941602460783,2.79289885532099,2.8178805107127
2.7997039026599,2.77121797869889,2.82898832643782,2.78567409382475,2.8144661981132,2.80555727417206,2.7806940778202,2.82941602460783,2.79289885532099,2.8178805107127
2.77271307864498,2.74556670634203,2.80112597541098,2.75905371269706,2.78731688275607,2.80555727417206,2.7806940778202,2.82941602460783,2.79289885532099,2.8178805107127
2.73696062134904,2.71038008438351,2.76461454114501,2.72326603805964,2.75114461751201,2.80555727417206,2.7806940778202,2.82941602460783,2.79289885532099,2.8178805107127
2.71267415123403,2.68621529119852,2.74020732176934,2.69907576677647,2.72671715928425,2.80555727417206,2.7806940778202,2.82941602460783,2.79289885532099,2.8178805107127
2.66755923210458,2.64149276453675,2.694318113531,2.6542822468249,2.68123519057187,2.80555727417206,2.7806940778202,2.82941602460783,2.79289885532099,2.8178805107127
2.49980724297982,2.47364896063561,2.52662528472364,2.48646358318898,2.51346337024902,2.80555727417206,2.7806940778202,2.82941602460783,2.79289885532099,2.8178805107127
2.33424344358491,2.30692783586908,2.36103855018611,2.32035343900364,2.34819446919592,2.80555727417206,2.7806940778202,2.82941602460783,2.79289885532099,2.8178805107127
2.25472657314928,2.22713036078253,2.28086093439622,2.24036049486052,2.26827031069569,3.10277094219882,3.07822008296979,3.12709710203045,3.09003348661215,3.11536259037326
2.2463863397206,2.21793005728641,2.27214041430978,2.23178316422927,2.26002163478632,3.02896765628456,3.00422744905526,3.05299395828648,3.01610204584133,3.04146829961846
2.23174022328414,2.20299222918137,2.25762105532056,2.21711798933235,2.24545490344597,3.02042279992287,2.99570005091844,3.04443578288829,3.00755827790066,3.03289345207762
2.15080250329827,2.12147778781266,2.17631671811303,2.13577992096497,2.16450334831268,3.04309048870152,3.01831606546683,3.0671641841766,3.03025150750389,3.0556556859546
2.15565789311254,2.12565708296073,2.18251573110225,2.13994288327582,2.16984320961399,3.06104280714186,3.03634309234428,3.0852084953916,3.04826775332637,3.07366598033468
2.14784712038507,2.11710569964913,2.17611988786578,2.13177976041055,2.1622546269122,3.06594578240045,3.04123788362443,3.09011178370433,3.05316309650877,3.07853624491038
2.13943849246436,2.10727217929413,2.16964127452262,2.12274647568608,2.15438842209807,3.11524347161152,3.09070481788822,3.139600855001,3.10249366738341,3.12781721789046
2.09733759778472,2.06266777118924,2.12952101963461,2.07972005739862,2.11305205695917,3.23656106368129,3.21197849617063,3.26117285625678,3.22358587939997,3.24908717583743
2.02764880785833,1.98922698500613,2.06413729461089,2.00819110598063,2.04504381603496,3.18238147026806,3.15779137250671,3.2069692232634,3.16949019259699,3.19487394553051
1.98859545930085,1.94508582387121,2.0293274592742,1.96757847201693,2.008328074151,3.04286081351828,3.01808457425509,3.06693134825384,3.03001902177295,3.05542256822525
2.00397567201239,1.95503231650453,2.04733085891105,1.98013652861553,2.02584613387977,2.84481655432,2.81993663862743,2.86863577512116,2.83198455412152,2.85700556352177
2.056677357103,2.00292299556166,2.10580726439875,2.03078519095859,2.08076290148583,2.9956579566759,2.97093695752468,3.01964142051017,2.98280486148754,3.00806232535727
2.11810598976648,2.05809449042631,2.1734081425508,2.08851089171734,2.14387077115376,3.13813332335643,3.1136464431249,3.16259658745132,3.12535215785634,3.15071541066996
2.11115643826633,2.0457075001794,2.17149442136367,2.07863232839461,2.13906715765147,3.20002724889095,3.17544662724819,3.224621631757,3.1871225877051,3.21253398112451
2.08543199633984,2.01146653253925,2.15150109203476,2.04873842010654,2.11600941251378,3.14922973334188,3.12472596742209,3.17373072390726,3.136438049136,3.16179115729337
2.09106701807307,2.00730199177576,2.1648383899847,2.05036237865262,2.12494088957504,3.07763198177622,3.05296725766366,3.10186187573074,3.06486062751163,3.09024399277518
2.14236855338845,2.0487392707509,2.22259092281102,2.09633487251419,2.17897948278351,3.01644856294073,2.99173132363491,3.0404571736996,3.0035804867556,3.0289069184131
2.23242271254331,2.13015922985128,2.31873689352589,2.18275657149014,2.27207388715289,2.97580599345635,2.95098127401433,2.99975037806488,2.96293473573868,2.9881490334852
2.35404098720902,2.2438369942382,2.44639905726092,2.30101699541715,2.39625805779416,2.83574705974583,2.81085270343812,2.85956733922176,2.82291520657623,2.8479200769407
2.37242114454729,2.26921949476973,2.46005165351059,2.32176581778827,2.41329818737978,2.5939380472637,2.56838343130072,2.61783935301701,2.58084099741498,2.60620553171315
2.4021686936078,2.3041262806223,2.484861559563,2.35393001413437,2.44310211693477,1.98440520787172,1.95512664563137,2.01705241777382,1.96831681561749,2.00039090696362
2.48622895334933,2.39263710154387,2.56541681615703,2.44235788110783,2.5255014392585,NaN,NaN,NaN,NaN,NaN
2.62138339630236,2.54058947041979,2.69408779930059,2.58380306570342,2.65681620200846,NaN,NaN,NaN,NaN,NaN
2.81218309903285,2.74701881705686,2.87306240057149,2.78258304044468,2.84271462502805,NaN,NaN,NaN,NaN,NaN
2.98748363921163,2.93613691474899,3.03877887415862,2.96194529350688,3.01645130165191,NaN,NaN,NaN,NaN,NaN
3.21629845560601,3.16170887868595,3.27038244778551,3.18972729045109,3.2424492579659,NaN,NaN,NaN,NaN,NaN
3.43675782066047,3.36718201805352,3.50543917945379,3.40250423899028,3.47089920854328,NaN,NaN,NaN,NaN,NaN
3.58765124132051,3.51868168515121,3.66529817320086,3.55029708879175,3.62671485103304,NaN,NaN,NaN,NaN,NaN
3.22969468189911,3.17969162360999,3.29116517584386,3.20370156436988,3.25892339977497,NaN,NaN,NaN,NaN,NaN
3.38432743856725,3.330215911788,3.44132424150917,3.35705514135177,3.41218521251469,2.80555727417206,2.7806940778202,2.82941602460783,2.79289885532099,2.8178805107127
3.28313860734616,3.23914550682916,3.33194534317746,3.26021027126663,3.30696388501669,2.80555727417206,2.7806940778202,2.82941602460783,2.79289885532099,2.8178805107127
3.18105634138785,3.14466981178817,3.21466664894543,3.16228842550919,3.19813898258084,2.80555727417206,2.7806940778202,2.82941602460783,2.79289885532099,2.8178805107127
3.18085200324116,3.14999080101166,3.210225260102,3.16493535530011,3.19629521694075,2.80555727417206,2.7806940778202,2.82941602460783,2.79289885532099,2.8178805107127
3.09618380742737,3.06819693009584,3.12536571305046,3.0816355469146,3.11058315196519,2.80555727417206,2.7806940778202,2.82941602460783,2.79289885532099,2.8178805107127
3.05645600558168,3.02676274619111,3.08506506153597,3.04140518402491,3.07113740608981,2.80555727417206,2.7806940778202,2.82941602460783,2.79289885532099,2.8178805107127
2.99938922124949,2.96797130166803,3.03051498057811,2.98376418866957,3.01494401414662,2.80555727417206,2.7806940778202,2.82941602460783,2.79289885532099,2.8178805107127
2.95477123867706,2.92365063553576,2.98616616803779,2.93932584778973,2.97021926004199,2.80555727417206,2.7806940778202,2.82941602460783,2.79289885532099,2.8178805107127
2.90750120014833,2.87662160986345,2.93810788694149,2.89218232284611,2.92256508193754,2.80555727417206,2.7806940778202,2.82941602460783,2.79289885532099,2.8178805107127
2.86778671462932,2.83732769218063,2.89904949804224,2.85292209134574,2.88284705078684,2.80555727417206,2.7806940778202,2.82941602460783,2.79289885532099,2.8178805107127
2.81572004062299,2.78562270172841,2.84691282908403,2.80084676489459,2.83051387698397,2.80555727417206,2.7806940778202,2.82941602460783,2.79289885532099,2.8178805107127
2.78030081837327,2.75160135130126,2.81055800036795,2.76606781861951,2.79510054689339,2.80555727417206,2.7806940778202,2.82941602460783,2.79289885532099,2.8178805107127
2.74743111687848,2.72060781817763,2.77576755877027,2.73377072436393,2.7619032971417,2.80555727417206,2.7806940778202,2.82941602460783,2.79289885532099,2.8178805107127
2.71876146037938,2.69233628516679,2.74537415631403,2.70544152658448,2.73245843781374,2.80555727417206,2.7806940778202,2.82941602460783,2.79289885532099,2.8178805107127
2.65139370268579,2.62561935153718,2.67752002624906,2.63855855551564,2.66492144628723,2.80555727417206,2.7806940778202,2.82941602460783,2.79289885532099,2.8178805107127
2.60859739912343,2.58346611457465,2.63413141448618,2.59592355365719,2.62196992948688,2.80555727417206,2.7806940778202,2.82941602460783,2.79289885532099,2.8178805107127
2.50263870480622,2.47710685972093,2.52847520034277,2.48968490678947,2.51617232233274,2.80555727417206,2.7806940778202,2.82941602460783,2.79289885532099,2.8178805107127
2.49623124353572,2.47079710700651,2.52191012468457,2.48328865700058,2.5095960056604,2.80555727417206,2.7806940778202,2.82941602460783,2.79289885532099,2.8178805107127
2.25713514046806,2.22830685813947,2.27993780347795,2.24238924841833,2.2704395213243,3.32398253125637,3.29937781493257,3.34878375733772,3.31116377133225,3.33664000964526
2.11272666334404,2.0838747521102,2.14477778736627,2.09834248959844,2.12764122565455,3.26151065502886,3.2369791343346,3.28620840719336,3.24855616674816,3.27410204264604
2.05846188596869,2.02802906961799,2.09231929147189,2.04309219486604,2.07457310974229,3.25954105659813,3.23500927503983,3.28423562825321,3.2465866639406,3.27213315254293
2.02636378105669,1.99452204614827,2.05985043079456,2.00992118383569,2.04262818034311,3.25500731227434,3.23046499608899,3.27968472462271,3.24204319760216,3.26759118664244
1.95779659056911,1.92384322060867,1.99283378443405,1.94004284314041,1.97413199805208,3.22921426574004,3.20464006992049,3.25382505819913,3.21626267858452,3.2417395117298
1.90218573716298,1.86514590612834,1.93980217513794,1.88247833201296,1.91981612787406,3.13919064845333,3.11470390844566,3.16365919330241,3.12640772069195,3.15177247776941
1.8788249257356,1.83620479787606,1.92021873743972,1.85727777892607,1.89908853696609,2.98053869821925,2.95575071908461,3.004501060939,2.96768127874808,2.99290519099332
1.87093249616901,1.82203120099108,1.91849028253034,1.84753382204386,1.89342419411818,2.84876385757032,2.82387990958878,2.872579618596,2.83593016784591,2.86097745407687
1.80986443769928,1.76289084967137,1.85582177885237,1.7879570360871,1.83201784441722,2.7679448057715,2.74290181241953,2.79166915656237,2.75520135192309,2.78027730659938
