tc,P,P_LightMax,P2_LightMin,P3_noZoo,P4_maxMLD,P5_minMLD,P6_LightMaxNZ,P7_LightMinNZ,P8_MaxMLDNZ,P9_MinMLDNZ,P10_ZOnly,P11_Zdyn,P12_Nullcline
1,5.99442362422537,15.4716242024209,7.92855507775051,70.249475410209,6.27250117007471,11.1449477403964,85.2758398461371,20.1993797792863,74.610059866564,74.610059866564,15.6899507786503,18.2110260190144,17.9662646079435
8,6.41290366917043,16.1618006188276,8.16356686861274,67.1165220724882,6.16984853881616,12.4278800249847,84.435134983199,19.4726514185862,76.9613244123819,76.9613244123819,15.6899507786503,15.6671369755367,18.8686303750661
16,6.70679057517428,15.871800282723,8.20763457736549,62.8773012816757,6.09906620682266,13.3336992911195,79.1020341513465,18.3351402480129,78.9898621206457,78.9898621206457,15.6899507786503,13.0556358857207,19.321431481341
24,7.46858677489057,15.7388209540375,8.22265459648124,59.4723021320922,6.32380332375526,16.8165225161184,74.8184158419494,17.3450772971304,92.6416150851199,92.6416150851199,15.6899507786503,11.021373725018,18.1530896650843
32,8.35755711962529,15.75998521371,8.31128250308347,57.1588450144869,6.63998025281737,17.0876441052907,71.9079988839331,16.6703582919818,102.999985083474,102.999985083474,15.6899507786503,9.53478449844541,17.6231433730679
40,9.71908742831691,15.8374540965386,8.52853143141861,56.2331077029047,7.19292769166325,19.7354930798095,70.7433861708666,16.4003673104562,120.281990793911,120.281990793911,15.6899507786503,8.52678335372405,15.8075869652816
48,10.3700464916636,15.408534872622,8.52304873667843,54.1813896979379,7.58638743592147,16.1941933682727,68.1622469618097,15.8019844311619,120.892508915642,120.892508915642,15.6899507786503,7.98692665869535,13.9198847021723
56,11.9015243213222,15.3471454953058,8.56114539779829,52.3693315176615,8.42451405191596,21.4922390270127,67.9880027134772,15.2350351374976,143.475385756136,143.475385756136,15.6899507786503,7.76022872217408,12.1321126115307
64,14.4660162028367,15.5264622339096,8.68165574974432,51.7687848910177,9.81476050805918,21.6020704932505,72.6977869912675,14.8090113491154,174.320639733858,174.320639733858,15.6899507786503,7.67986812355321,14.9364293981606
72,17.408703133029,16.1353965454564,9.00498830770263,52.9001731138094,11.3427738623591,20.8841039484264,75.8469740851699,14.7271977573422,196.918211821439,196.918211821439,15.6899507786503,7.51906705570982,18.4548119182033
80,19.9703722645977,15.7943056212992,8.80692706210325,52.8034422753658,13.4926587510517,22.1454869271578,69.7367274170537,13.8538543060074,232.801753678937,232.801753678937,15.6899507786503,7.29890962363412,21.1264127794139
88,20.4107630225779,15.2853259746159,8.29137126594708,50.4327197497899,15.4011668160674,18.3615038972541,62.5373752952639,12.608530512851,244.249182616386,244.249182616386,15.6899507786503,7.18030270108499,21.2016258380079
96,21.0710259476685,15.4872652265895,8.18899918910506,50.2707980947293,17.0964981700198,19.0278959839651,59.6791133901885,12.0977836068661,252.296660254372,252.296660254372,15.6899507786503,7.56917322521875,15.2711551537734
104,22.0147149110377,14.8742087248182,8.086195029484,49.6061737728947,19.5529264937823,20.5891284926518,57.8712593889786,11.7313065388096,286.623827897137,286.623827897137,15.6899507786503,9.09305566570061,6.44646643332984
112,22.8020562580631,14.7366315970474,8.08870209278549,52.5910746032425,22.0497344063574,19.2387487609883,58.8013333904359,11.4573821191131,313.567077185354,313.567077185354,15.6899507786503,12.6686025923793,0
120,24.4288518615765,15.4031413618434,8.48698009849631,60.165531845246,24.5279693853695,19.6863508130982,67.7125672898372,11.6535133969157,342.43761022053,342.43761022053,15.6899507786503,20.6685881352624,0
128,25.9032005583443,17.0445349238916,9.7632235595556,75.9206771138434,26.4786416708381,18.2984406666396,85.1640198438554,12.8734205200946,360.175917027618,360.175917027618,15.6899507786503,38.3520630399957,0
136,33.6094941745157,21.8138342600036,14.5596479977225,123.599653434741,28.0573754505383,19.0723710951167,131.423849210149,17.9679641178976,385.818146641805,385.818146641805,15.6899507786503,85.201101418419,0
144,23.478304308828,21.7655123881522,25.919121601575,196.94954422024,28.689484651844,17.8764863746616,200.992742100413,27.515337748483,403.188924987668,403.188924987668,15.6899507786503,155.494457373743,15.6899507786503
152,22.4607394145962,20.5435221392146,30.2642602653101,254.617368825184,28.0869875233962,17.7677130386168,254.496592971901,33.8665300265859,413.743434489103,413.743434489103,15.6899507786503,180.254651322078,15.6899507786503
160,22.5701836515185,19.6653854023551,33.7716466157472,312.782766325536,27.0967412201466,18.2599175267764,295.98268364618,39.5226887400621,440.504174853181,440.504174853181,15.6899507786503,206.91740172898,15.6899507786503
168,20.7849740031606,18.9420694295064,39.4742807402719,361.974055877115,25.3840858620845,17.4561966762568,328.421202151125,44.3093441521733,459.474141905578,459.474141905578,15.6899507786503,233.505926893333,15.6899507786503
176,17.8569711203266,18.2235537932378,40.5242938138411,377.215534930997,22.5213759358132,15.6631878338449,352.342496260183,48.0523060257629,441.672213584724,441.672213584724,15.6899507786503,250.987497043499,15.6899507786503
184,19.5645307469563,17.7045312411155,32.648213157106,404.152569699989,20.8184163561899,17.3241484515724,369.632940047551,50.7978599436468,452.640131360225,452.640131360225,15.6899507786503,265.236445170703,15.6899507786503
192,17.152021237142,17.3327500377509,24.7224297884665,417.216391882091,19.2655186618459,15.5813629978787,383.067553376793,52.7062908890384,449.88760405874,449.88760405874,15.6899507786503,279.736658123937,15.6899507786503
200,18.0491229605409,17.0002392125268,20.7730355334342,434.025352740234,18.3545232952856,16.5962915259863,393.385889426816,56.6137440114368,455.885341292812,455.885341292812,15.6899507786503,289.374274495589,15.6899507786503
208,16.1447438295371,16.6979232605757,18.8717522542943,434.624956304702,17.4143036569634,15.1552258020961,400.416141888134,59.4588490570472,447.99187312992,447.99187312992,15.6899507786503,297.617839118899,15.6899507786503
216,16.2225309323028,16.4771402071595,17.8805399595829,522.268797915894,16.5976184569888,15.3907995935173,493.882658537741,75.2737546695539,436.139680731979,436.139680731979,15.6899507786503,300.019821124337,15.6899507786503
224,15.2562752322944,16.3178903669716,17.3344993219516,711.546529775403,15.8654492542463,14.6045281503995,690.922060337733,105.587921249836,420.167979350952,420.167979350952,15.6899507786503,300.677464777253,15.6899507786503
232,12.5675028795157,16.0024830013798,16.6391864668252,756.543315980468,14.3452546847358,12.3284198598731,794.005900181337,123.241348294264,367.339846547332,367.339846547332,15.6899507786503,293.302634544561,15.6899507786503
240,13.4880758778263,15.6318780997246,15.7146005956139,735.415159407024,13.4182037463087,13.6184405026113,821.173303826613,129.177445543592,335.837728526407,335.837728526407,15.6899507786503,280.390404753725,15.6899507786503
248,13.2274430847029,15.3380130798664,14.8852674584288,696.797724909004,13.1533985549501,13.7016801434992,794.032347192333,127.828331052274,326.242116584715,326.242116584715,15.6899507786503,270.243769613695,15.6899507786503
256,12.4370068248638,15.1050222330428,14.2610927962458,637.696096672419,12.7978792588119,13.1950057207563,693.976633568346,121.298105878392,309.073045573703,309.073045573703,15.6899507786503,258.434244142275,15.6899507786503
264,11.2458440994202,14.7071239903804,13.6050100740181,552.089255557406,12.2230364324318,12.4327469765037,580.529759752991,111.635933139268,282.05199824377,282.05199824377,15.6899507786503,243.799447360881,15.6899507786503
272,10.3488464804106,14.2862110148996,12.9300438208426,467.619325215154,11.5735913995829,11.9735023344891,491.708418141425,101.900569411986,253.180557607252,253.180557607252,15.6899507786503,226.723230468175,15.6899507786503
280,9.72230514389863,13.923664089852,12.3583734030737,389.987575277721,10.9886447403835,11.7311780404838,421.051995455856,89.5479781353295,228.266337985471,228.266337985471,15.6899507786503,208.876305310017,15.6899507786503
288,9.22978006053326,13.6143605271429,11.9125663304742,307.777541809658,10.4821579479433,11.5674198951505,368.81036576514,74.9545511204199,207.308465795014,207.308465795014,15.6899507786503,191.207717489338,15.6899507786503
296,8.41240498100887,13.2971283356396,9.98232924355089,238.802477460432,10.0756003493717,11.6176740552204,286.157425717147,61.4089339881696,190.900361672483,190.900361672483,15.6899507786503,173.883939365383,15.6899507786503
304,7.1390313261155,14.167529172083,9.09976731952599,192.486644606003,9.62265673198938,11.037739852128,230.657082334968,51.5213592494816,172.23725003473,172.23725003473,15.6899507786503,129.537751496492,24.7023506564908
312,6.88347669358865,14.5662312878129,9.0614590448663,165.930972380159,9.06386823051056,10.3792073727644,198.835373937512,45.6923218609428,150.642434230777,150.642434230777,15.6899507786503,99.5733107709899,21.5632014373469
320,6.81861502083828,14.5747266952291,9.34442792523643,152.108672253166,8.52713277457346,10.1920269009256,182.272087560027,42.5611878889197,132.486273429878,132.486273429878,15.6899507786503,81.3487422842852,19.1295451085515
328,6.95095278223333,14.935948979071,9.8612335076243,145.2516580731,8.05894941531303,10.185189414363,174.055315494927,41.0912025255249,118.540229848378,118.540229848378,15.6899507786503,69.2827214395575,17.4342415821969
336,6.58419876284984,15.0594361581618,10.3066337697872,138.858996229377,7.48917645814689,9.14872819179358,166.394977645279,39.679325468306,100.37009368153,100.37009368153,15.6899507786503,59.0715097192927,18.6388487445917
344,6.25400426008889,15.2068136035684,10.3201367041018,126.855600673114,6.97061058877555,9.27596151401741,152.011287790914,36.6882347563003,87.1722199147731,87.1722199147731,15.6899507786503,47.9223240727483,21.5415548036695
352,6.00706565802815,15.3271456833994,10.0166263890152,111.41938071268,6.54951535511605,9.50830861896814,133.514038458927,32.6815923141428,78.3631662432187,78.3631662432187,15.6899507786503,37.2890757545659,22.4739265431868
360,6.01628308639818,15.0472758283819,9.76070903170407,99.8336396572351,6.25263304789166,10.5253464579298,119.630824722165,29.4567241824685,74.8610635248132,74.8610635248132,15.6899507786503,29.567875889803,20.3006121761753
366,5.68231740808527,14.8807984083749,9.62650328122726,94.592842306421,5.9912986579971,9.25186439426644,112.24137774128,27.6372190333363,65.3702834375065,65.3702834375065,15.6899507786503,25.3146468791353,19.9210896347883
373,5.70498698119998,15.377886230419,9.69599415872053,90.2156973545678,5.74900389521535,10.2174261049517,106.322839316458,26.2032439367181,65.1934194096159,65.1934194096159,15.6899507786503,21.5120154749547,18.231081047844
381,6.19209600474448,15.0839645294926,9.81482248309332,86.4981799244588,5.65433085482661,12.6269571517967,101.941595032282,25.126113365726,68.5103232557004,68.5103232557004,15.6899507786503,18.2668480944975,17.7941420168088
389,6.76683701608511,15.0990283861765,9.99403946648401,84.2489085156825,5.63226399638851,14.2014416407845,99.2907379244054,24.4727418328618,72.5264562734891,72.5264562734891,15.6899507786503,16.0388588352253,15.2663245983282
397,7.99230057855755,15.06233328881,9.98956143185447,80.1433922985035,5.96167983010879,18.8912716244579,94.4522214148599,23.2801656886267,90.8718169417906,90.8718169417906,15.6899507786503,14.4813907601466,15.1190285675086
405,10.0908255954292,15.1087433298978,10.0345258511682,76.2099591674917,6.6964839716707,22.1039547711376,89.8165117654967,22.1754048322252,119.074372358332,119.074372358332,15.6899507786503,13.3733444730329,14.5211177129394
413,11.6836655901774,15.1405042870076,10.1225035054589,72.4272227544788,7.36224005930828,18.9691682597544,91.6981225953263,21.251070868634,130.286101910758,130.286101910758,15.6899507786503,12.768920062231,13.877222927259
421,13.1946798650309,15.2505606371727,10.2724064170015,68.7333916341066,8.05987911917177,19.3405502730515,96.8093213554275,20.519096064115,139.646143919264,139.646143919264,15.6899507786503,12.5332817100077,13.2949855575364
429,14.8096043703704,15.4208302025588,10.4948640833114,65.4005341219504,8.88629717601451,18.8497285108608,98.4379733511566,19.9762153540668,149.626993522822,149.626993522822,15.6899507786503,12.4891424257217,14.8370650712726
437,16.9938936554634,16.046543700976,11.0833166940859,65.3501259910446,9.85162945552591,19.4366157297941,102.740481420462,20.1419701026291,161.889962755236,161.889962755236,15.6899507786503,12.4191712080163,16.8571409880982
445,19.9613790426082,15.9647773336255,11.4813527404357,67.1906876183102,11.4796446028336,22.2694657854699,98.7009150630323,20.0331159194712,194.285386837939,194.285386837939,15.6899507786503,12.5128121775896,18.6159673879874
453,22.6439330455394,15.7228115545976,11.5498093309188,69.7571737959915,13.8197058364594,22.4079099280758,93.1815710174536,19.4508446248752,235.823144537775,235.823144537775,15.6899507786503,13.1784801634668,18.8588913472479
461,24.7505612372634,15.6558015108632,11.7680442703414,74.8245584495973,16.6974354056516,21.8507428516688,90.1890062461728,19.2195365572513,277.426108002552,277.426108002552,15.6899507786503,15.2659938970378,14.9323998537375
469,23.7844624903432,14.8869248946499,11.6701020361563,78.8172292805747,19.5239983974103,19.7740133549985,85.9799196843851,18.5829799543219,302.516500923671,302.516500923671,15.6899507786503,19.3876413432941,9.60700074154641
477,23.5835991843143,14.8665613127721,11.6996743429842,85.122590154873,22.7546074471262,20.8179745944749,89.6074670423532,18.1643079214795,339.753385719118,339.753385719118,15.6899507786503,26.0835183930052,0
485,23.2211360034319,15.2846435043518,12.0912914883793,95.0086634400942,25.9551907498497,19.3682434587321,99.7475375127933,18.2471436864069,371.268731406729,371.268731406729,15.6899507786503,37.8015119207351,0
493,23.6037986016371,15.8784699308299,13.015995621008,112.225701817922,28.9061398829651,19.6356790867073,114.596203350493,19.0619184795517,405.175939038681,405.175939038681,15.6899507786503,56.0291783993416,0
501,22.6737542524376,16.8039181382902,14.7494105975916,137.724139421619,30.6690735881826,17.993257652329,137.076028058812,21.0041104881033,421.331467488399,421.331467488399,15.6899507786503,84.2671930137356,0
509,19.8915203357868,16.0190452174241,17.009076129911,165.842936284639,30.3675393460725,17.0673339732792,165.646524877176,23.9786159475222,415.592674850392,415.592674850392,15.6899507786503,119.728223614072,0
517,21.1674090361903,15.1267442384251,19.3030250909422,209.197324798238,29.77902350373,18.7479090544966,197.990876694853,27.7547265760884,447.098076223349,447.098076223349,15.6899507786503,166.404787167363,0
525,20.5810202634985,17.1472378403549,23.4949167119124,265.836011962795,28.108061939216,17.572681350146,237.573188724553,32.6632572341158,472.997014415476,472.997014415476,15.6899507786503,206.655079341708,15.6899507786503
533,22.2376530227868,18.3665129313024,31.6068067603869,336.404480902305,25.6741782423986,17.6621150609079,285.95160052025,40.502853042502,492.467785742605,492.467785742605,15.6899507786503,231.207093331518,15.6899507786503
541,17.5497897252554,17.7126150588069,34.330809015561,388.196803260886,22.2187773250192,15.1874910924138,340.810241021429,47.4073842317112,469.621862297449,469.621862297449,15.6899507786503,252.448427398617,15.6899507786503
549,18.7688095068804,17.1362970842536,29.1442536437817,549.776472960906,19.9556412825671,16.6779295786184,488.46413607805,69.5642855382291,464.569678050125,464.569678050125,15.6899507786503,263.738402746646,15.6899507786503
557,15.5677012476386,16.7361417698321,23.4081265796349,496.431637152941,17.9457053553416,14.4672287658024,454.802349272923,66.5730764995208,441.691152613066,441.691152613066,15.6899507786503,272.375973483077,15.6899507786503
565,16.9643427180127,16.4761015276671,20.0755675380356,448.618352300297,16.836956836264,15.8637565490715,420.404021798008,62.3932887842248,432.958313834304,432.958313834304,15.6899507786503,274.595337737767,15.6899507786503
573,15.6328110394673,16.3134437108489,18.3896894315567,419.988655279523,16.1378403941006,14.8676419143474,401.058801986485,59.7840251745371,425.539407230469,425.539407230469,15.6899507786503,278.193381378116,15.6899507786503
581,16.3968220392003,16.1952786501381,17.51854978482,469.200288122942,15.8778433974647,15.6126678544204,450.357558182004,67.191363488769,427.100952888166,427.100952888166,15.6899507786503,279.515633778156,15.6899507786503
589,14.6349898520521,16.1071802025682,17.0353409223321,587.447569866525,15.2955948744071,14.1426132070872,577.858252184891,87.4521341075978,409.908782439749,409.908782439749,15.6899507786503,279.513458499065,15.6899507786503
597,14.2926099947993,15.8818878678778,16.5296754787858,645.62963485581,14.5383984185049,14.0477485359245,661.408232260742,101.668093254941,383.144451981901,383.144451981901,15.6899507786503,273.728691383219,15.6899507786503
605,12.8574362327123,15.6038304183792,15.8949890273816,652.393810960284,13.6881318069611,12.9954082932368,713.630535219762,109.881260687791,349.834369998192,349.834369998192,15.6899507786503,264.989832696841,15.6899507786503
613,12.3906218372417,15.3827514458513,15.3008445603732,623.331668003083,12.868324007088,12.7960563473072,651.59235695636,113.124014092688,316.695774009927,316.695774009927,15.6899507786503,252.376845993361,15.6899507786503
621,13.6378509499517,15.2092879047262,14.8296179205363,583.15353561401,12.8257305453919,14.1714586811754,604.916113297212,111.873035903234,314.14688712612,314.14688712612,15.6899507786503,241.430315182833,15.6899507786503
629,13.2949256948243,14.8700127450253,14.2926971687742,514.512895649656,13.0647390790305,14.1559336592079,533.713888487323,107.023712258667,317.903847930558,317.903847930558,15.6899507786503,233.134381332257,15.6899507786503
637,12.0378947349904,14.5100426217658,13.7014440273857,454.577767972559,12.902308715284,13.2864160977503,471.542055050307,100.843927035027,302.999961222445,302.999961222445,15.6899507786503,222.553445421777,15.6899507786503
645,10.8116131351055,14.2070818833209,13.1787375045043,405.759442398241,12.326318881426,12.3683831500019,420.90188919244,94.7958895877678,273.45416398807,273.45416398807,15.6899507786503,208.739455092407,15.6899507786503
653,8.9720509417022,13.9535640480555,12.7604925960706,365.540600105885,11.304964190298,10.6097752150548,379.182128829179,89.0976090583695,229.255377966447,229.255377966447,15.6899507786503,192.326692602371,15.6899507786503
661,8.73568596883026,13.9810934379846,12.4176762719739,331.905487007943,10.4145061727717,10.81818788071,344.291794392474,83.7508087776677,196.453419543288,196.453419543288,15.6899507786503,174.639763641498,15.6899507786503
669,8.07315180973534,14.6288148691535,11.6174268721521,303.678271760182,9.67820499992159,10.234741698463,315.011173948494,78.8207966939173,170.925730794441,170.925730794441,15.6899507786503,158.221472565218,15.6899507786503
677,7.66206403765121,15.0760527972391,11.5676607126585,279.637333374246,9.00019641282795,10.0801841550407,290.073057105687,74.2741648239946,149.075514779985,149.075514779985,15.6899507786503,142.425241506265,15.6899507786503
685,7.33481798333184,15.3809013790066,11.7590867064549,258.780726887477,8.42378465840505,9.93105664819295,268.438107539169,70.0473504834787,131.829953057572,131.829953057572,15.6899507786503,127.833658689761,15.6899507786503
693,6.97239069264946,15.5655816327301,12.0169706324233,240.556714386598,7.90169636098241,9.82159459647045,249.533997150634,66.119579595136,116.975464400986,116.975464400986,15.6899507786503,113.379725512999,19.4193846956055
701,6.28638121003259,15.68124412232,12.0817594542912,219.865044428527,7.34949477248658,9.19876121423388,228.070139342611,61.2301199753652,100.683008671487,100.683008671487,15.6899507786503,92.2196954827686,20.9431816961439
709,6.04474500647009,16.0240231466369,11.6660510837099,188.442140140649,6.87131385054795,9.42180778720578,210.154469352614,53.3720740112242,89.0790128572108,89.0790128572108,15.6899507786503,69.9805403048275,24.6546514548631
717,5.34596682005255,15.9556024303061,9.78672275962884,133.111228591214,6.47974695595506,9.67944545075988,178.795257442453,38.7692608838522,80.8957048365751,80.8957048365751,15.6899507786503,43.5312560833847,34.0473839706043
725,4.72013489504299,17.0120224600152,8.37145147573069,91.8746684045612,6.07144085580254,9.35624687815658,137.904095138939,27.9350727759961,70.9740821965874,70.9740821965874,15.6899507786503,26.3119396126705,29.208020773955
732,4.30811687863586,15.8039316611744,7.86539445440309,77.7528903863005,5.7497316136594,8.65878949122115,116.244642487677,23.7788266133977,65.0990544621362,65.0990544621362,15.6899507786503,19.7477014521225,22.159048196741
739,4.22545583551467,15.9790563007036,8.02198212695325,73.7988324302844,5.47288165389935,8.44018064222711,110.333118797831,22.5695743516709,62.4160065416447,62.4160065416447,15.6899507786503,16.9605112984132,14.2124236733795
747,4.85538669635265,16.1976735287451,8.32972670876147,70.2620610168392,5.38945828177907,12.4692893726556,105.045460339425,21.5333670327152,69.9824930614475,69.9824930614475,15.6899507786503,15.3684444485715,13.4350975518838
755,6.16307659163509,16.2304653415653,8.68331966068131,66.7685617547223,5.61903398987055,17.0425535922852,99.8224960131078,20.7061078599654,84.2394224713011,84.2394224713011,15.6899507786503,14.0636344326065,13.6029518919611
763,7.66312661186816,16.181616782982,9.07197223878912,63.3363221435652,5.92113839769274,18.2663414328452,94.6911180727025,20.0693812873202,95.6654723634944,95.6654723634944,15.6899507786503,13.0753364944399,12.7905886084034
771,9.71559468833668,15.9838311565977,9.4894828189717,60.0275107133679,6.44380539678429,20.3665949915262,99.7949756349571,19.6003755831661,112.622937955039,112.622937955039,15.6899507786503,12.7365611985423,9.04272741462279
779,12.5614972315036,15.6637531588453,9.96205276759348,58.4445972825571,7.29293600511315,21.7383387147025,108.770812523127,19.3288090316004,135.859608621834,135.859608621834,15.6899507786503,13.4171206446407,0
787,15.9420353258905,15.8459856986842,10.6698327835245,59.2369977520261,8.3327334327328,20.9554138761093,121.184671117102,19.4717321947919,155.65894452513,155.65894452513,15.6899507786503,15.7552215718105,0
795,20.5893426307952,16.4078031695563,11.8335934775967,64.4682784959339,9.71358412605779,21.7303829014768,133.667513117588,20.3144483735032,180.368218938372,180.368218938372,15.6899507786503,19.7716847711471,0
803,26.5882841566891,18.8168857328664,13.954778757504,77.0755806637902,11.4108247818674,20.9628868727386,155.353987487044,22.5180617959281,204.894029087423,204.894029087423,15.6899507786503,24.4063843560236,17.3990179440853
811,27.3859068152328,17.8882738103049,15.2725382361748,87.5674667276493,13.4310291430028,21.029126722795,166.67180853379,23.5610316529692,231.273862014358,231.273862014358,15.6899507786503,27.2751480114305,26.8931387647437
819,24.3333852017954,16.9963248990048,14.3711711065069,86.1862148860512,15.7193076879638,20.3342429288348,153.548143353621,21.4489880566607,256.861390811789,256.861390811789,15.6899507786503,26.9259485349163,26.3200675889382
827,23.9092972389473,16.8548669820118,14.0123399297492,89.1109625556603,18.4216736904469,20.784160161317,138.217052715455,20.3619629129202,289.606802514106,289.606802514106,15.6899507786503,27.489581729102,20.6909967380948
835,23.0368023575014,16.1515703955795,14.4647119747256,97.6145214359893,21.328425281812,19.9445376472984,132.046987916551,20.6758712336563,320.712564153171,320.712564153171,15.6899507786503,31.275389525529,15.4303289974296
843,22.1875224326869,15.7620105149903,14.5013303985106,105.177314186065,24.4121637194604,20.11921471066,123.947993654359,20.4748070206507,356.221960237956,356.221960237956,15.6899507786503,37.8648810367414,8.52978908627642
851,20.5643655971288,15.879087114088,14.7459727428495,113.112739005175,26.6884977919069,18.0225482357233,130.205091982023,20.5667477982965,369.586508992454,369.586508992454,15.6899507786503,47.4974128598541,5.59890922891109
859,20.1837107060043,16.0047613709746,15.2375295555921,123.236927239628,28.1658888150903,18.4226218837999,138.320105463433,21.0234197175345,381.605014836246,381.605014836246,15.6899507786503,58.6539949449569,4.23431244003913
867,19.7683926691124,16.1376663182702,15.9917189298872,136.631446022745,28.8471064616597,17.788907748839,149.387155464675,21.8940830509726,394.985700357471,394.985700357471,15.6899507786503,72.8601901356016,1.07838057985087
875,19.5870355856278,16.0613275795285,16.9638019619919,153.34822916347,28.5252883619985,17.8531803407224,162.598494398457,23.1882712094146,409.571981097862,409.571981097862,15.6899507786503,90.6212358699741,0
883,19.9368580767277,15.9109873606627,18.1030260546667,176.666595599449,27.6785599695062,18.167780636237,178.115631066039,24.9452412341586,436.428432979898,436.428432979898,15.6899507786503,114.745581565482,0
891,18.9947325597696,15.6557206073029,19.3739603606223,204.832879626777,25.9955629266993,17.45756067655,196.877509470202,27.2959302923732,455.499518769507,455.499518769507,15.6899507786503,147.506909542477,0
899,18.6754939542458,15.1082027002921,20.6413849329215,240.059635483346,24.0650795818941,17.4910964979945,219.908751372163,30.3784458191546,473.952369091301,473.952369091301,15.6899507786503,190.359751265446,0
907,17.6111585222898,16.3494565377565,21.4655645485097,277.405187322272,21.9658538878593,16.5505203632863,246.910963883986,34.1428905655466,478.928810815767,478.928810815767,15.6899507786503,226.411502007838,15.6899507786503
915,18.2600009606941,17.575049602885,25.9254080216237,311.683340317459,19.8734862270718,15.8816719541504,278.482907643135,38.5526634104858,467.587010286135,467.587010286135,15.6899507786503,235.800291772634,15.6899507786503
923,17.8398792302007,18.4487709802665,31.053888079494,337.731217113005,17.8381963432506,14.7026290497946,318.017861694011,45.9998138642688,438.164254238732,438.164254238732,15.6899507786503,246.581754578769,15.6899507786503
931,17.4190638959008,18.1630947546649,31.6893914707975,376.351083230277,16.2577293501967,14.4895431912322,380.164944813603,58.3713195168578,408.088476436425,408.088476436425,15.6899507786503,255.521996012699,15.6899507786503
939,15.5304563957072,17.1993790874358,26.0063332284232,504.257471934098,15.0328298895707,13.7988485744096,539.47674786934,81.7853306953344,378.26727488925,378.26727488925,15.6899507786503,259.681387172995,15.6899507786503
947,16.9431574705786,16.5053636218671,20.7563422450877,572.320972500411,14.9918278800299,15.6589329695258,610.122734111102,93.6668760149263,386.932418375676,386.932418375676,15.6899507786503,261.924300052872,15.6899507786503
955,15.782709750334,16.022087661769,17.8590930809572,587.389622801663,15.2390048066027,15.1687850138481,615.85389591099,95.6080256375767,398.83897250353,398.83897250353,15.6899507786503,265.539403263294,15.6899507786503
963,13.5304442499743,15.3159601308422,15.8800430894016,537.709453200973,14.7348072023507,13.868635175137,572.457495414444,89.8503782765185,378.074108887304,378.074108887304,15.6899507786503,261.635538915314,15.6899507786503
971,12.892846112948,14.53246527033,14.2664828630232,461.612902623727,14.2152927762399,14.0503047293125,483.588290111003,81.8447449854976,357.286881426913,357.286881426913,15.6899507786503,251.32138320961,15.6899507786503
979,11.5024382281473,13.8941608183035,13.055398385456,379.933111154665,13.6707449921128,13.3031585035458,398.020078155402,74.0531537910527,334.233116052708,334.233116052708,15.6899507786503,238.33433052407,15.6899507786503
987,10.7375031886442,13.2294634675904,12.1881909612878,325.9063733954,13.0710149780917,13.0601057518577,343.487012433515,66.5973447304609,308.859123313226,308.859123313226,15.6899507786503,222.480311322545,15.6899507786503
995,9.63993757806142,14.1783968109601,10.5067168877195,274.032116293477,12.5342001594924,12.7486608773526,288.81445906025,59.608399435354,285.68651137899,285.68651137899,15.6899507786503,192.754861570869,23.7116010374316
1003,9.38538684280963,14.7827108394955,10.1152282493539,234.456485205115,11.8922408188894,12.045043343241,247.10396673054,53.5607277416467,258.009157302606,258.009157302606,15.6899507786503,150.740812125941,22.8313057356277
1011,9.141361174103,15.1173684207868,10.0644124955269,203.670625195169,11.1641922890028,11.4442308745259,214.657399423973,48.3616316873074,228.049834556795,228.049834556795,15.6899507786503,119.391227399346,22.3604429420159
1019,9.88168387319994,15.3460196400784,10.0987624923132,178.63236345933,10.795186295424,12.3650735859151,188.268477873987,43.7713703614299,214.711837099452,214.711837099452,15.6899507786503,95.5899269787051,21.9909598095491
1027,9.29092604117967,15.3819929770768,10.115709825971,158.063425869133,10.2909660260217,11.0092531758978,166.589972945774,39.696708665179,192.843620133307,192.843620133307,15.6899507786503,77.5740574272097,21.5966827637789
1035,8.42670003363392,15.3924452410441,10.0977419774691,141.148888294472,9.5254348657056,10.0991879602092,148.763000377901,36.1108403681771,162.891879540788,162.891879540788,15.6899507786503,62.9045625492672,21.1848101697505
1043,8.01149984463103,15.3597154396567,9.94919613676964,125.564096408102,8.88095967427403,10.104893691746,132.337505077897,32.5892294209843,141.804186747445,141.804186747445,15.6899507786503,50.4700564223016,21.7738003143546
1051,7.99547762308455,15.3936381244021,9.65364223881866,110.437852584347,8.4666432772964,10.7916785700255,116.395293680702,29.0254366763575,131.474657447682,131.474657447682,15.6899507786503,39.9376906899715,22.2053757970504
1059,7.40957690951214,15.2153432741695,9.24065256984603,96.7841120947852,7.94661471932272,9.67283834152612,102.005018091915,25.6448515036709,114.468143046129,114.468143046129,15.6899507786503,31.4432826610315,22.1624133768275
1067,6.86198883100781,15.1722337180484,8.91647850560394,86.6303005092525,7.40135453340209,9.52935466660111,91.3034709880909,23.0105341181137,98.8099900260594,98.8099900260594,15.6899507786503,25.1326547717028,20.583967647007
1075,6.8065480177833,15.2332550353688,8.88928076632837,81.4037199377029,7.02349425322722,10.2090091175359,85.7949486260978,21.6222622333837,91.3371754079768,91.3371754079768,15.6899507786503,21.0487139984124,17.7592056042543
1083,6.27073416725981,14.869671739809,8.62398409989661,75.1822770539257,6.57193491777157,9.11181608707935,79.2378972652712,19.969737390465,77.5949467121388,77.5949467121388,15.6899507786503,17.3009792744465,21.2590592538548
1091,5.77603558252149,15.4906009637621,8.28437641201952,67.7457401526266,6.1523350333623,9.24667554446822,79.550783438191,18.0452378954762,67.3015294567128,67.3015294567128,15.6899507786503,13.799940187406,20.7082611643897
1097,5.50577384100867,14.9461310929387,7.83207938732009,61.7565408140722,5.95592396293345,10.5269401484143,72.5179353435935,16.4572674643599,66.6985648895543,66.6985648895543,15.6899507786503,11.4584403965699,22.464758784519
1104,5.74154817796797,15.1037244484427,7.50644105411943,57.0770245520124,6.02250640450388,14.2670762116089,67.0229893304577,15.2102408382994,78.0822504368686,78.0822504368686,15.6899507786503,9.49280215136432,18.5678957421034
1112,6.26141384394336,15.1765810713656,7.35435153085123,54.161449290236,6.23266284621978,16.1004882804876,63.5993600996783,14.4332801914914,90.6239821319062,90.6239821319062,15.6899507786503,7.98051863426115,18.4533302386189
1120,6.75757229747188,15.3304462918713,7.31025451715775,52.5629226639897,6.42096767574277,16.3070838608061,61.7222819959007,14.0072948644272,96.7934954992324,96.7934954992324,15.6899507786503,6.88712038772252,16.4480517133635
1128,7.79229828496795,15.5927903074454,7.40178508714998,52.0248267660814,6.92652098277559,19.5369251273662,61.0904201231535,13.8638997196115,114.635458513348,114.635458513348,15.6899507786503,6.09757681602222,16.1407488328576
1136,8.74377437087258,15.4644294140948,7.3819148940807,50.8089212146807,7.49109175909028,18.2830543812694,59.6626367823433,13.5398776385975,125.477599738335,125.477599738335,15.6899507786503,5.53346802878802,14.9109477684123
1144,9.69435249513621,15.2914977673691,7.32225298614093,49.2996968572427,8.12289979332266,19.1020630156197,57.890422326531,13.1376901360808,135.860118682289,135.860118682289,15.6899507786503,5.17369817757308,13.5860634538529
1152,11.264914659244,15.3041606640237,7.30553774934996,48.4953495860037,9.15537742813923,20.875767110976,56.1192889763515,12.7357479803803,157.663474798252,157.663474798252,15.6899507786503,5.00047705110385,12.3257587661091
1160,13.4901085163995,15.4116253264259,7.35186725746877,47.504209382036,10.5662330571296,21.3272202041634,56.2986138956006,12.3337120330758,183.740116359782,183.740116359782,15.6899507786503,5.06281234720376,10.3559172423915
1168,15.7001561377457,15.407058367462,7.46053739272383,47.0589454203334,11.973527281533,19.2921173199783,60.5182786077541,12.0275910422288,197.831533578691,197.831533578691,15.6899507786503,5.47453323005372,6.6591288940292
1176,18.9046849789182,15.5339691469167,7.69019267125482,48.6576675213859,13.8341611270275,21.3759873446521,72.2294600477165,11.9066750039931,225.228235405828,225.228235405828,15.6899507786503,6.45161237726488,0
1184,23.8164594671775,15.8770866460626,8.1475179086388,53.8580497155345,16.4149432895111,21.5715564525714,79.039860476303,12.0841944244141,265.258117571592,265.258117571592,15.6899507786503,8.64084016382233,0
1192,29.0937320418744,16.3630102423388,8.96350787997992,63.2004841052319,19.3273334281729,20.8115649103314,89.3626568024992,12.6962364574002,302.041249231094,302.041249231094,15.6899507786503,13.3791091682375,0
1200,33.1105859727094,17.3470999952484,10.3822105949302,79.5617353170241,22.5204368170618,20.5649772881215,104.724624229804,14.0018856118653,340.044580013234,340.044580013234,15.6899507786503,23.6006089044606,0
1208,31.1376169805842,17.2927380403295,12.4386466895723,103.669018512958,25.7805034663354,19.9791039886955,124.705223286814,16.0319758041783,377.443528617893,377.443528617893,15.6899507786503,42.8476106167256,0
1216,21.9290887119428,16.9212947098407,14.9839346714354,122.167413754588,26.8839714619488,15.3237796710098,147.462837784729,18.6481249643066,356.402648274463,356.402648274463,15.6899507786503,67.0800680381434,0
1224,22.4164438561819,16.6263670048836,18.0816682805603,144.587177697843,27.1971338206293,18.0466187550655,174.115569017186,22.0175177912361,352.48686195212,352.48686195212,15.6899507786503,91.4468571252337,0
1232,22.4489807238127,16.769335365454,21.7823894805808,181.982765290774,27.7002501116162,18.0622151548542,206.707118905544,26.3981141538372,377.025221358433,377.025221358433,15.6899507786503,125.988181856041,0
1240,20.6352044931454,17.4415738641676,25.1796326676757,224.136407291435,27.5470063217952,18.1193755583959,239.530853256281,31.1639547308184,401.448205918673,401.448205918673,15.6899507786503,162.139048031758,7.55715267668615
1248,21.2361637027058,17.705999664852,27.3238194090314,267.425918106373,26.8318713407166,18.1126826463095,267.861800443656,35.643022879217,429.00686270661,429.00686270661,15.6899507786503,186.108382880475,15.6899507786503
1256,19.9287831087776,17.8768398233162,27.8656948187854,302.576755001885,25.0708238395321,16.9503692098774,293.169386987008,39.8223479901885,438.018024615456,438.018024615456,15.6899507786503,205.092616376911,15.6899507786503
1264,21.1456948088041,17.8673863929892,30.538903976526,343.236458237259,23.5235758781753,17.7735874081755,316.01629936962,43.6323606310678,460.635602283522,460.635602283522,15.6899507786503,225.13819254208,15.6899507786503
1272,18.8737020206058,17.552263590212,32.2523138169835,373.707528243291,21.7782077338392,16.4640029814171,334.680334074371,46.8205148815129,469.043561039862,469.043561039862,15.6899507786503,245.330065804778,15.6899507786503
1280,18.4501039395966,17.2859435386378,29.7745856578289,392.218607067586,20.1046951799317,16.3533523226277,349.154090029533,49.3375148511775,467.882297673386,467.882297673386,15.6899507786503,259.255896597103,15.6899507786503
1288,18.6068545457575,17.0804542306544,25.2804126974989,418.768389324792,19.2922480278939,16.644261049503,361.046121946669,51.3159061536175,483.90669663947,483.90669663947,15.6899507786503,273.386439258736,15.6899507786503
1296,16.6099724064841,16.8075765539726,21.8014414014511,426.176644277743,18.1727063628903,15.3010073743457,370.082136929822,52.7860859038996,476.270987524491,476.270987524491,15.6899507786503,283.798295653545,15.6899507786503
1304,15.7028325930826,16.4895677491648,19.5128380832624,563.879906494996,16.8625949268127,14.7958925885428,508.759689532578,73.758678620576,450.85070765787,450.85070765787,15.6899507786503,286.23519454823,15.6899507786503
1312,15.3595189088854,16.2514964126655,18.0808206505851,686.428182017428,15.9727142521315,14.6827049531112,637.214694966546,94.8352723265902,432.297764826877,432.297764826877,15.6899507786503,285.494953457685,15.6899507786503
1320,14.6227071590816,16.0783809493439,17.2009599098567,766.768566427638,15.215068039976,14.169423414269,733.511769468514,111.596155339655,411.600797713318,411.600797713318,15.6899507786503,282.364967655532,15.6899507786503
1328,13.9265845796249,15.866358990317,16.5291328496526,747.719712896668,14.4549094631401,13.7260515703744,780.053203599832,123.031172758067,385.700335280656,385.700335280656,15.6899507786503,275.957656735369,15.6899507786503
1336,13.6402042492816,15.6498982099358,15.9261870288035,703.368254100762,13.8851836434667,13.6593214139126,733.78386373711,129.860801288291,364.028338353118,364.028338353118,15.6899507786503,267.474130122969,15.6899507786503
1344,12.7298374957897,15.4806106649994,15.4278216157807,650.992877115474,13.2591090566266,12.9821163978445,674.016314126482,126.492089810421,337.274823578325,337.274823578325,15.6899507786503,257.200220975067,15.6899507786503
1352,12.4447915894499,15.3490192995426,15.0469330241828,564.651762902922,12.6697518896022,12.8591164446392,638.401361171688,110.199489968448,311.164078702217,311.164078702217,15.6899507786503,244.833372676193,15.6899507786503
1360,12.1509792885492,14.356998265329,13.9632174327718,442.694570650134,12.4990735697515,13.4742213791315,470.099927778336,88.8893509556591,301.355969585525,301.355969585525,15.6899507786503,232.225762165281,15.6899507786503
1368,9.37322291700921,12.8191110997412,12.5166399674696,335.254293359595,11.8567427129067,11.5300545869807,356.008475243482,72.1926294861403,269.285253865818,269.285253865818,15.6899507786503,216.593608347887,15.6899507786503
1376,7.87498607482859,13.6764638549278,10.3280141579873,273.659148231887,10.8269040886735,10.6761257068011,290.600233996008,62.1004080995354,225.312833345255,225.312833345255,15.6899507786503,196.447012257901,15.6899507786503
1384,7.81532806234516,14.1568358406059,9.88707694725813,238.976643753706,10.3230269627595,11.8179292874946,253.77068167866,56.1940617796169,207.441878273714,207.441878273714,15.6899507786503,163.197720125211,21.3322820057581
1392,7.52624178586503,14.6815281607018,10.0623466546552,217.806067323628,9.81630237752567,10.7880916601286,231.28952398976,52.6017554888816,186.565182000264,186.565182000264,15.6899507786503,133.653794413325,19.7533536491669
1400,7.21235705768478,14.9220694139903,10.3853334159972,201.854586622305,9.15228277703991,10.2284812203905,214.35055427383,49.8388058049499,160.778616979692,160.778616979692,15.6899507786503,110.886132528526,19.5788977239172
1408,6.24561833178819,15.0780277933325,10.6103461118505,186.304906754343,8.28013247215842,8.38162627328213,197.838259189275,46.8484785016558,127.992607119013,127.992607119013,15.6899507786503,91.2511882582877,20.0453971884529
1416,6.37190776381187,15.2580143930561,10.7297772138816,170.431448210291,7.67172730293712,9.47923728836798,180.9821416539,43.5587278874769,112.51778005834,112.51778005834,15.6899507786503,73.9865007784864,20.4240241911319
1424,6.31893875953316,15.2422327599112,10.7375316858577,155.165984821069,7.18221606422375,9.19068080889505,164.771657693735,40.1664933190328,99.9939011846353,99.9939011846353,15.6899507786503,59.843232619302,20.5282369553123
1432,6.36657955947917,15.2011113293493,10.5384190690307,139.182670462413,6.80349212321966,10.0797633122536,147.798883632765,36.3748431337106,92.9056663927711,92.9056663927711,15.6899507786503,47.6071009087734,21.6114572193644
1440,6.15513300276172,15.2394472188959,9.91678970165456,118.678053123469,6.48763945848839,10.1087118841276,126.024911758649,31.3697462993764,86.1957607545953,86.1957607545953,15.6899507786503,35.9975396658436,24.5507622046838
1448,5.71799129837528,15.3870109903124,9.27622492108912,100.172969766605,6.11286244568895,9.7999015507984,110.279945211995,26.7959856221377,76.3717570237466,76.3717570237466,15.6899507786503,26.859985893297,23.1854747276617
1456,5.56751328072285,14.9153066975296,8.9058394859726,89.4980342189322,5.83374830381562,10.5250194219265,98.5279595208276,23.9779850797982,71.5457496242694,71.5457496242694,15.6899507786503,21.1846584193328,20.0405611960061
1462,5.70236689086786,15.0955441292393,8.98890296838433,86.7668102176322,5.67037709766583,11.0497856786654,95.521168028803,23.2462455625641,69.3843038496206,69.3843038496206,15.6899507786503,18.7182225151265,16.3332701275923
1469,6.15496641766045,15.2049195996565,9.07769840123754,83.6714381853151,5.65035816034207,13.3601801133475,92.1134877041605,22.4169448404302,74.457645165209,74.457645165209,15.6899507786503,16.2246604775005,19.0825093475283
1477,6.85240148215689,15.2951487958131,8.72894995090441,75.5846508895548,5.88511269452237,16.6517804411184,83.2107820941008,20.2568044652157,88.7186437103895,88.7186437103895,15.6899507786503,13.0193795742823,22.1352741923744
1485,6.97597903561215,14.7600095917704,7.9377688775174,64.9380910280968,6.11782389578351,16.4701348479866,71.4900350607106,17.4040761744655,95.9731155617465,95.9731155617465,15.6899507786503,9.97114050262175,23.6208112255801
1493,6.99820563853383,14.3697913251846,7.13229693955885,55.9474448980315,6.4391214747641,17.7863874574722,61.5922755657677,14.9944905579493,104.73957246472,104.73957246472,15.6899507786503,7.65597063724629,22.3938345927241
1501,7.34650770090335,14.2915618285899,6.5450817767205,49.8430907570699,6.98948015758337,19.2845973186798,54.8720211719094,13.3584608751667,119.336457992835,119.336457992835,15.6899507786503,6.09091614266457,20.7803114781738
1509,8.25211716562869,14.3272102340927,6.12911617196754,45.8104201059137,8.01203618553172,22.5130026010906,50.4324732628907,12.2776636714286,147.899857502054,147.899857502054,15.6899507786503,5.02588299233935,19.4983190969297
1517,9.73700413832098,14.4676435247708,5.82476614864877,42.9975539565999,9.60940568570158,23.1831141629896,47.3358023190447,11.5237866178199,184.687053769249,184.687053769249,15.6899507786503,4.28602081668242,18.6940498398238
1525,11.552078430916,14.8520955551322,5.70245907279906,41.7670473151878,11.428361155238,21.1740589429509,45.9811434194025,11.1939981842324,211.315700752225,211.315700752225,15.6899507786503,3.85564008216177,16.1817430400748
1533,12.9415262235177,14.8545191185221,5.59656495301205,40.9301765998989,13.0033381546958,18.6396934055636,45.0598364356261,10.9697082267286,218.664347801722,218.664347801722,15.6899507786503,3.74107742648332,12.644140091987
1541,14.6351135202581,14.8423642919363,5.5035618956802,39.977675119577,14.8652136858598,20.2879526970443,44.0112320934669,10.7144280351282,238.030565025663,238.030565025663,15.6899507786503,3.93123378328431,6.83712494475517
1549,17.2132951936019,15.1110920728448,5.50296824834212,40.9512634139702,17.170741723287,20.1114429075562,46.0497122560828,10.436004080107,265.935640841728,265.935640841728,15.6899507786503,4.48150128377595,0
1557,20.4906003191447,15.569817410936,5.63108919728628,43.6511912864721,19.5620549760716,19.6599073786835,51.6080362918947,10.1888886470468,290.344042483123,290.344042483123,15.6899507786503,5.52452302870622,0
1565,24.3081928999333,16.1333097926999,5.93195101549731,48.3875984155136,21.9245503027639,19.2415768327684,58.4176247875902,10.1841446580005,312.397687344412,312.397687344412,15.6899507786503,7.49209067081845,0
1573,25.7505120889409,16.6276866055003,6.46893422854924,52.9485608804171,22.9888674602546,15.5396682778347,67.2730946107253,10.4890781710522,297.368136707638,297.368136707638,15.6899507786503,11.2482765695717,0
1581,27.8152837719042,17.0144685344169,7.35941510978154,61.8051213867133,24.272315494885,19.2431244750985,79.17710451468,11.2198893081667,313.888683092419,313.888683092419,15.6899507786503,18.018479690124,0
1589,28.6998016692567,17.6196110772191,8.87053877701308,77.8552573132609,25.7387208484753,18.1848837826573,96.4204174407153,12.6627778296572,340.242053443089,340.242053443089,15.6899507786503,31.4689641265745,0
1597,33.8213215858598,18.9955964051663,11.5506441300505,115.913891319179,28.3186681751889,21.3196463457657,123.877690902198,15.4252766144977,412.952824573521,412.952824573521,15.6899507786503,58.0809988373814,0
1605,26.9611449733194,17.5273128679153,15.2985635810048,170.116640102967,30.286642541466,19.321705422367,158.361097672285,19.3823637639106,473.367027393842,473.367027393842,15.6899507786503,104.286676262923,0
1613,22.0972455887925,16.4202520229823,19.4871662943354,219.283471175813,29.5935948711839,17.7533603584055,193.693980915208,23.957178862656,487.494726960891,487.494726960891,15.6899507786503,152.719284552947,0
1621,21.2545486623963,17.7708073798316,23.89602323142,274.371850121532,27.530862532772,17.7852915362136,231.965229533706,29.2797199511671,502.287524364216,502.287524364216,15.6899507786503,204.368132319842,15.6899507786503
1629,17.1931401891992,18.7194866039258,32.0446984962595,305.134126451159,23.3583879859996,14.1040297682699,274.019881468802,35.2497925195948,459.460990154171,459.460990154171,15.6899507786503,221.215052835767,15.6899507786503
1637,20.0866799942711,18.3773289979432,35.7325917988848,335.085686254265,20.4316983896552,16.4093222398347,311.456846148087,40.8661719175178,442.261115879477,442.261115879477,15.6899507786503,232.849577312229,15.6899507786503
1645,17.3072675912906,18.0055428253676,40.2820321508464,354.687556130883,18.381531784595,14.6555892502035,340.208091549859,45.4716479039342,427.08645977306,427.08645977306,15.6899507786503,247.603695989638,15.6899507786503
1653,17.8137261017957,17.7074281069614,36.0091507044451,364.851479761934,16.9220716800515,15.2141965638685,363.46069403955,49.0522839907064,411.440040965874,411.440040965874,15.6899507786503,255.742903505019,15.6899507786503
1661,16.5603203857937,17.3163251652254,27.1638061197375,368.789973453248,15.9390430879451,14.523238722946,381.026535384453,54.0135845153115,397.3928260322,397.3928260322,15.6899507786503,263.231413243618,15.6899507786503
1669,16.7234040545943,16.8792945086826,21.6071299289142,373.411920078063,15.4574170267644,15.0736412967777,391.440949318928,54.7632148296416,392.676895899506,392.676895899506,15.6899507786503,267.590120001624,15.6899507786503
1677,16.1664141192264,16.56180742141,18.9440022591499,541.983514930222,15.2919960049906,14.9249539014543,568.307895978502,80.8302585240835,392.994053681697,392.994053681697,15.6899507786503,271.398168237597,15.6899507786503
1685,15.6586809444771,16.3367287196842,17.6569215696986,675.372069815699,15.1074105690749,14.7150370581765,713.74793433737,105.088469544003,388.33760582167,388.33760582167,15.6899507786503,272.56294353783,15.6899507786503
1693,13.9259961983665,15.9832850535049,16.6583126674068,714.032584568448,14.4599873768841,13.5035263277856,781.46179281915,118.195678704874,363.061093612313,363.061093612313,15.6899507786503,269.10591817564,15.6899507786503
1701,13.6198645144996,15.5902380689237,15.6542542605272,695.430678885693,13.836374398189,13.6310444572247,784.911082106714,122.119973262207,338.892096412806,338.892096412806,15.6899507786503,260.638207929479,15.6899507786503
1709,13.2249701932466,15.2789516395822,14.8165895823322,650.288111979106,13.4805516613376,13.5959807489595,709.506900716159,119.90421215406,323.998710128595,323.998710128595,15.6899507786503,251.331447222444,15.6899507786503
1717,12.9339911290779,15.0315717307064,14.1951862717581,594.148493976833,13.2377706779906,13.5884061919281,644.752541065659,112.925445703556,311.920239621994,311.920239621994,15.6899507786503,241.046995999959,15.6899507786503
1725,11.2296408885353,14.5732573501343,13.5166392504209,503.686609396883,12.6517256199822,12.3765678041376,538.982665212542,103.093971854925,284.61486919216,284.61486919216,15.6899507786503,228.432125236436,15.6899507786503
1733,10.9221686996616,14.0867054935011,12.7989466838717,425.864729478773,12.0931713084987,12.6071968751979,455.707383583877,93.4128659896331,260.868474132194,260.868474132194,15.6899507786503,212.906750815265,15.6899507786503
1741,9.21952231386169,13.6739901259616,12.1846170023199,352.275451164798,11.3388143827632,11.1466593590382,375.475949787439,81.5429876366448,228.847154084985,228.847154084985,15.6899507786503,196.676290594161,15.6899507786503
1749,9.8961363474155,13.3439164799676,11.7030282000096,279.244104295935,10.9345795232956,12.5281787746055,328.079195100128,67.8087458294002,214.974022321815,214.974022321815,15.6899507786503,179.743919842713,15.6899507786503
1757,7.6443724872889,14.2313158105034,9.50886509461619,216.886587767639,10.4500181457094,11.0890365576933,253.909538153442,55.2344756082835,194.184468592825,194.184468592825,15.6899507786503,144.203040117848,26.9490412460482
1765,7.08047368867678,14.7840803375118,8.8161037962568,173.319043852065,9.73073703808407,10.5472241630537,202.904932161233,45.8238519044088,166.618614421005,166.618614421005,15.6899507786503,102.872904227273,25.2107505295342
1773,6.84471026042046,15.0150202383512,8.43982389010795,141.170055257829,9.08136424960514,10.1881170256169,165.268050461531,38.4364252665472,144.709363695779,144.709363695779,15.6899507786503,74.6432253363486,25.1580321383764
1781,6.79679095735305,15.2103915293661,8.07596583656343,115.257330460699,8.56680144740557,10.5114494146169,139.910876118242,32.1842296242904,130.232792885636,130.232792885636,15.6899507786503,54.1990580494434,25.0368876217034
1789,6.33444231800167,15.0487636729847,7.66276300238011,95.1819144389268,8.01507070364577,9.74491833347412,115.541328144006,27.0576423069311,113.35229937693,113.35229937693,15.6899507786503,39.7689566877882,24.3607261982731
1797,6.04260648634201,15.0219023802896,7.36599322328156,81.6624330879354,7.53183452269072,10.0961574397732,99.130029418617,23.4280221141554,101.308392302662,101.308392302662,15.6899507786503,30.2152197946893,22.1598097807427
1805,5.90370559349074,15.0874006377701,7.3552651742017,74.7482786677298,7.08026672959117,9.79500094362965,90.7369372076392,21.4710932444193,89.9117702037878,89.9117702037878,15.6899507786503,24.487538642339,18.7860512919472
1813,5.73755104472911,15.1942526782085,7.60658010756313,72.397751670054,6.57768948703968,9.15034104798255,87.8836324306685,20.795915364204,76.0887268420827,76.0887268420827,15.6899507786503,20.9924286080854,16.3996325221924
1821,5.92888936310511,15.3000485118739,7.88527155949829,70.6182148676787,6.29043339643079,10.8812516862158,85.7234526650104,20.2847517455002,74.1909702825786,74.1909702825786,15.6899507786503,18.5867255814697,15.0969884914755
