index,t,days,years,latmin,lonmin,latmax,lonmax,siteID
1,1,1,1998,40,-45,45,-35,1
2,8,8,1998,40,-45,45,-35,1
3,16,16,1998,40,-45,45,-35,1
4,24,24,1998,40,-45,45,-35,1
5,32,32,1998,40,-45,45,-35,1
6,40,40,1998,40,-45,45,-35,1
7,48,48,1998,40,-45,45,-35,1
8,56,56,1998,40,-45,45,-35,1
9,64,64,1998,40,-45,45,-35,1
10,72,72,1998,40,-45,45,-35,1
11,80,80,1998,40,-45,45,-35,1
12,88,88,1998,40,-45,45,-35,1
13,96,96,1998,40,-45,45,-35,1
14,104,104,1998,40,-45,45,-35,1
15,112,112,1998,40,-45,45,-35,1
16,120,120,1998,40,-45,45,-35,1
17,128,128,1998,40,-45,45,-35,1
18,136,136,1998,40,-45,45,-35,1
19,144,144,1998,40,-45,45,-35,1
20,152,152,1998,40,-45,45,-35,1
21,160,160,1998,40,-45,45,-35,1
22,168,168,1998,40,-45,45,-35,1
23,176,176,1998,40,-45,45,-35,1
24,184,184,1998,40,-45,45,-35,1
25,192,192,1998,40,-45,45,-35,1
26,200,200,1998,40,-45,45,-35,1
27,208,208,1998,40,-45,45,-35,1
28,216,216,1998,40,-45,45,-35,1
29,224,224,1998,40,-45,45,-35,1
30,232,232,1998,40,-45,45,-35,1
31,240,240,1998,40,-45,45,-35,1
32,248,248,1998,40,-45,45,-35,1
33,256,256,1998,40,-45,45,-35,1
34,264,264,1998,40,-45,45,-35,1
35,272,272,1998,40,-45,45,-35,1
36,280,280,1998,40,-45,45,-35,1
37,288,288,1998,40,-45,45,-35,1
38,296,296,1998,40,-45,45,-35,1
39,304,304,1998,40,-45,45,-35,1
40,312,312,1998,40,-45,45,-35,1
41,320,320,1998,40,-45,45,-35,1
42,328,328,1998,40,-45,45,-35,1
43,336,336,1998,40,-45,45,-35,1
44,344,344,1998,40,-45,45,-35,1
45,352,352,1998,40,-45,45,-35,1
46,360,360,1998,40,-45,45,-35,1
47,366,1,1999,40,-45,45,-35,1
48,373,8,1999,40,-45,45,-35,1
49,381,16,1999,40,-45,45,-35,1
50,389,24,1999,40,-45,45,-35,1
51,397,32,1999,40,-45,45,-35,1
52,405,40,1999,40,-45,45,-35,1
53,413,48,1999,40,-45,45,-35,1
54,421,56,1999,40,-45,45,-35,1
55,429,64,1999,40,-45,45,-35,1
56,437,72,1999,40,-45,45,-35,1
57,445,80,1999,40,-45,45,-35,1
58,453,88,1999,40,-45,45,-35,1
59,461,96,1999,40,-45,45,-35,1
60,469,104,1999,40,-45,45,-35,1
61,477,112,1999,40,-45,45,-35,1
62,485,120,1999,40,-45,45,-35,1
63,493,128,1999,40,-45,45,-35,1
64,501,136,1999,40,-45,45,-35,1
65,509,144,1999,40,-45,45,-35,1
66,517,152,1999,40,-45,45,-35,1
67,525,160,1999,40,-45,45,-35,1
68,533,168,1999,40,-45,45,-35,1
69,541,176,1999,40,-45,45,-35,1
70,549,184,1999,40,-45,45,-35,1
71,557,192,1999,40,-45,45,-35,1
72,565,200,1999,40,-45,45,-35,1
73,573,208,1999,40,-45,45,-35,1
74,581,216,1999,40,-45,45,-35,1
75,589,224,1999,40,-45,45,-35,1
76,597,232,1999,40,-45,45,-35,1
77,605,240,1999,40,-45,45,-35,1
78,613,248,1999,40,-45,45,-35,1
79,621,256,1999,40,-45,45,-35,1
80,629,264,1999,40,-45,45,-35,1
81,637,272,1999,40,-45,45,-35,1
82,645,280,1999,40,-45,45,-35,1
83,653,288,1999,40,-45,45,-35,1
84,661,296,1999,40,-45,45,-35,1
85,669,304,1999,40,-45,45,-35,1
86,677,312,1999,40,-45,45,-35,1
87,685,320,1999,40,-45,45,-35,1
88,693,328,1999,40,-45,45,-35,1
89,701,336,1999,40,-45,45,-35,1
90,709,344,1999,40,-45,45,-35,1
91,717,352,1999,40,-45,45,-35,1
92,725,360,1999,40,-45,45,-35,1
93,732,1,2000,40,-45,45,-35,1
94,739,8,2000,40,-45,45,-35,1
95,747,16,2000,40,-45,45,-35,1
96,755,24,2000,40,-45,45,-35,1
97,763,32,2000,40,-45,45,-35,1
98,771,40,2000,40,-45,45,-35,1
99,779,48,2000,40,-45,45,-35,1
100,787,56,2000,40,-45,45,-35,1
101,795,64,2000,40,-45,45,-35,1
102,803,72,2000,40,-45,45,-35,1
103,811,80,2000,40,-45,45,-35,1
104,819,88,2000,40,-45,45,-35,1
105,827,96,2000,40,-45,45,-35,1
106,835,104,2000,40,-45,45,-35,1
107,843,112,2000,40,-45,45,-35,1
108,851,120,2000,40,-45,45,-35,1
109,859,128,2000,40,-45,45,-35,1
110,867,136,2000,40,-45,45,-35,1
111,875,144,2000,40,-45,45,-35,1
112,883,152,2000,40,-45,45,-35,1
113,891,160,2000,40,-45,45,-35,1
114,899,168,2000,40,-45,45,-35,1
115,907,176,2000,40,-45,45,-35,1
116,915,184,2000,40,-45,45,-35,1
117,923,192,2000,40,-45,45,-35,1
118,931,200,2000,40,-45,45,-35,1
119,939,208,2000,40,-45,45,-35,1
120,947,216,2000,40,-45,45,-35,1
121,955,224,2000,40,-45,45,-35,1
122,963,232,2000,40,-45,45,-35,1
123,971,240,2000,40,-45,45,-35,1
124,979,248,2000,40,-45,45,-35,1
125,987,256,2000,40,-45,45,-35,1
126,995,264,2000,40,-45,45,-35,1
127,1003,272,2000,40,-45,45,-35,1
128,1011,280,2000,40,-45,45,-35,1
129,1019,288,2000,40,-45,45,-35,1
130,1027,296,2000,40,-45,45,-35,1
131,1035,304,2000,40,-45,45,-35,1
132,1043,312,2000,40,-45,45,-35,1
133,1051,320,2000,40,-45,45,-35,1
134,1059,328,2000,40,-45,45,-35,1
135,1067,336,2000,40,-45,45,-35,1
136,1075,344,2000,40,-45,45,-35,1
137,1083,352,2000,40,-45,45,-35,1
138,1091,360,2000,40,-45,45,-35,1
139,1097,1,2001,40,-45,45,-35,1
140,1104,8,2001,40,-45,45,-35,1
141,1112,16,2001,40,-45,45,-35,1
142,1120,24,2001,40,-45,45,-35,1
143,1128,32,2001,40,-45,45,-35,1
144,1136,40,2001,40,-45,45,-35,1
145,1144,48,2001,40,-45,45,-35,1
146,1152,56,2001,40,-45,45,-35,1
147,1160,64,2001,40,-45,45,-35,1
148,1168,72,2001,40,-45,45,-35,1
149,1176,80,2001,40,-45,45,-35,1
150,1184,88,2001,40,-45,45,-35,1
151,1192,96,2001,40,-45,45,-35,1
152,1200,104,2001,40,-45,45,-35,1
153,1208,112,2001,40,-45,45,-35,1
154,1216,120,2001,40,-45,45,-35,1
155,1224,128,2001,40,-45,45,-35,1
156,1232,136,2001,40,-45,45,-35,1
157,1240,144,2001,40,-45,45,-35,1
158,1248,152,2001,40,-45,45,-35,1
159,1256,160,2001,40,-45,45,-35,1
160,1264,168,2001,40,-45,45,-35,1
161,1272,176,2001,40,-45,45,-35,1
162,1280,184,2001,40,-45,45,-35,1
163,1288,192,2001,40,-45,45,-35,1
164,1296,200,2001,40,-45,45,-35,1
165,1304,208,2001,40,-45,45,-35,1
166,1312,216,2001,40,-45,45,-35,1
167,1320,224,2001,40,-45,45,-35,1
168,1328,232,2001,40,-45,45,-35,1
169,1336,240,2001,40,-45,45,-35,1
170,1344,248,2001,40,-45,45,-35,1
171,1352,256,2001,40,-45,45,-35,1
172,1360,264,2001,40,-45,45,-35,1
173,1368,272,2001,40,-45,45,-35,1
174,1376,280,2001,40,-45,45,-35,1
175,1384,288,2001,40,-45,45,-35,1
176,1392,296,2001,40,-45,45,-35,1
177,1400,304,2001,40,-45,45,-35,1
178,1408,312,2001,40,-45,45,-35,1
179,1416,320,2001,40,-45,45,-35,1
180,1424,328,2001,40,-45,45,-35,1
181,1432,336,2001,40,-45,45,-35,1
182,1440,344,2001,40,-45,45,-35,1
183,1448,352,2001,40,-45,45,-35,1
184,1456,360,2001,40,-45,45,-35,1
185,1462,1,2002,40,-45,45,-35,1
186,1469,8,2002,40,-45,45,-35,1
187,1477,16,2002,40,-45,45,-35,1
188,1485,24,2002,40,-45,45,-35,1
189,1493,32,2002,40,-45,45,-35,1
190,1501,40,2002,40,-45,45,-35,1
191,1509,48,2002,40,-45,45,-35,1
192,1517,56,2002,40,-45,45,-35,1
193,1525,64,2002,40,-45,45,-35,1
194,1533,72,2002,40,-45,45,-35,1
195,1541,80,2002,40,-45,45,-35,1
196,1549,88,2002,40,-45,45,-35,1
197,1557,96,2002,40,-45,45,-35,1
198,1565,104,2002,40,-45,45,-35,1
199,1573,112,2002,40,-45,45,-35,1
200,1581,120,2002,40,-45,45,-35,1
201,1589,128,2002,40,-45,45,-35,1
202,1597,136,2002,40,-45,45,-35,1
203,1605,144,2002,40,-45,45,-35,1
204,1613,152,2002,40,-45,45,-35,1
205,1621,160,2002,40,-45,45,-35,1
206,1629,168,2002,40,-45,45,-35,1
207,1637,176,2002,40,-45,45,-35,1
208,1645,184,2002,40,-45,45,-35,1
209,1653,192,2002,40,-45,45,-35,1
210,1661,200,2002,40,-45,45,-35,1
211,1669,208,2002,40,-45,45,-35,1
212,1677,216,2002,40,-45,45,-35,1
213,1685,224,2002,40,-45,45,-35,1
214,1693,232,2002,40,-45,45,-35,1
215,1701,240,2002,40,-45,45,-35,1
216,1709,248,2002,40,-45,45,-35,1
217,1717,256,2002,40,-45,45,-35,1
218,1725,264,2002,40,-45,45,-35,1
219,1733,272,2002,40,-45,45,-35,1
220,1741,280,2002,40,-45,45,-35,1
221,1749,288,2002,40,-45,45,-35,1
222,1757,296,2002,40,-45,45,-35,1
223,1765,304,2002,40,-45,45,-35,1
224,1773,312,2002,40,-45,45,-35,1
225,1781,320,2002,40,-45,45,-35,1
226,1789,328,2002,40,-45,45,-35,1
227,1797,336,2002,40,-45,45,-35,1
228,1805,344,2002,40,-45,45,-35,1
229,1813,352,2002,40,-45,45,-35,1
230,1821,360,2002,40,-45,45,-35,1
1,1,1,1998,45,-45,50,-35,2
2,8,8,1998,45,-45,50,-35,2
3,16,16,1998,45,-45,50,-35,2
4,24,24,1998,45,-45,50,-35,2
5,32,32,1998,45,-45,50,-35,2
6,40,40,1998,45,-45,50,-35,2
7,48,48,1998,45,-45,50,-35,2
8,56,56,1998,45,-45,50,-35,2
9,64,64,1998,45,-45,50,-35,2
10,72,72,1998,45,-45,50,-35,2
11,80,80,1998,45,-45,50,-35,2
12,88,88,1998,45,-45,50,-35,2
13,96,96,1998,45,-45,50,-35,2
14,104,104,1998,45,-45,50,-35,2
15,112,112,1998,45,-45,50,-35,2
16,120,120,1998,45,-45,50,-35,2
17,128,128,1998,45,-45,50,-35,2
18,136,136,1998,45,-45,50,-35,2
19,144,144,1998,45,-45,50,-35,2
20,152,152,1998,45,-45,50,-35,2
21,160,160,1998,45,-45,50,-35,2
22,168,168,1998,45,-45,50,-35,2
23,176,176,1998,45,-45,50,-35,2
24,184,184,1998,45,-45,50,-35,2
25,192,192,1998,45,-45,50,-35,2
26,200,200,1998,45,-45,50,-35,2
27,208,208,1998,45,-45,50,-35,2
28,216,216,1998,45,-45,50,-35,2
29,224,224,1998,45,-45,50,-35,2
30,232,232,1998,45,-45,50,-35,2
31,240,240,1998,45,-45,50,-35,2
32,248,248,1998,45,-45,50,-35,2
33,256,256,1998,45,-45,50,-35,2
34,264,264,1998,45,-45,50,-35,2
35,272,272,1998,45,-45,50,-35,2
36,280,280,1998,45,-45,50,-35,2
37,288,288,1998,45,-45,50,-35,2
38,296,296,1998,45,-45,50,-35,2
39,304,304,1998,45,-45,50,-35,2
40,312,312,1998,45,-45,50,-35,2
41,320,320,1998,45,-45,50,-35,2
42,328,328,1998,45,-45,50,-35,2
43,336,336,1998,45,-45,50,-35,2
44,344,344,1998,45,-45,50,-35,2
45,352,352,1998,45,-45,50,-35,2
46,360,360,1998,45,-45,50,-35,2
47,366,1,1999,45,-45,50,-35,2
48,373,8,1999,45,-45,50,-35,2
49,381,16,1999,45,-45,50,-35,2
50,389,24,1999,45,-45,50,-35,2
51,397,32,1999,45,-45,50,-35,2
52,405,40,1999,45,-45,50,-35,2
53,413,48,1999,45,-45,50,-35,2
54,421,56,1999,45,-45,50,-35,2
55,429,64,1999,45,-45,50,-35,2
56,437,72,1999,45,-45,50,-35,2
57,445,80,1999,45,-45,50,-35,2
58,453,88,1999,45,-45,50,-35,2
59,461,96,1999,45,-45,50,-35,2
60,469,104,1999,45,-45,50,-35,2
61,477,112,1999,45,-45,50,-35,2
62,485,120,1999,45,-45,50,-35,2
63,493,128,1999,45,-45,50,-35,2
64,501,136,1999,45,-45,50,-35,2
65,509,144,1999,45,-45,50,-35,2
66,517,152,1999,45,-45,50,-35,2
67,525,160,1999,45,-45,50,-35,2
68,533,168,1999,45,-45,50,-35,2
69,541,176,1999,45,-45,50,-35,2
70,549,184,1999,45,-45,50,-35,2
71,557,192,1999,45,-45,50,-35,2
72,565,200,1999,45,-45,50,-35,2
73,573,208,1999,45,-45,50,-35,2
74,581,216,1999,45,-45,50,-35,2
75,589,224,1999,45,-45,50,-35,2
76,597,232,1999,45,-45,50,-35,2
77,605,240,1999,45,-45,50,-35,2
78,613,248,1999,45,-45,50,-35,2
79,621,256,1999,45,-45,50,-35,2
80,629,264,1999,45,-45,50,-35,2
81,637,272,1999,45,-45,50,-35,2
82,645,280,1999,45,-45,50,-35,2
83,653,288,1999,45,-45,50,-35,2
84,661,296,1999,45,-45,50,-35,2
85,669,304,1999,45,-45,50,-35,2
86,677,312,1999,45,-45,50,-35,2
87,685,320,1999,45,-45,50,-35,2
88,693,328,1999,45,-45,50,-35,2
89,701,336,1999,45,-45,50,-35,2
90,709,344,1999,45,-45,50,-35,2
91,717,352,1999,45,-45,50,-35,2
92,725,360,1999,45,-45,50,-35,2
93,732,1,2000,45,-45,50,-35,2
94,739,8,2000,45,-45,50,-35,2
95,747,16,2000,45,-45,50,-35,2
96,755,24,2000,45,-45,50,-35,2
97,763,32,2000,45,-45,50,-35,2
98,771,40,2000,45,-45,50,-35,2
99,779,48,2000,45,-45,50,-35,2
100,787,56,2000,45,-45,50,-35,2
101,795,64,2000,45,-45,50,-35,2
102,803,72,2000,45,-45,50,-35,2
103,811,80,2000,45,-45,50,-35,2
104,819,88,2000,45,-45,50,-35,2
105,827,96,2000,45,-45,50,-35,2
106,835,104,2000,45,-45,50,-35,2
107,843,112,2000,45,-45,50,-35,2
108,851,120,2000,45,-45,50,-35,2
109,859,128,2000,45,-45,50,-35,2
110,867,136,2000,45,-45,50,-35,2
111,875,144,2000,45,-45,50,-35,2
112,883,152,2000,45,-45,50,-35,2
113,891,160,2000,45,-45,50,-35,2
114,899,168,2000,45,-45,50,-35,2
115,907,176,2000,45,-45,50,-35,2
116,915,184,2000,45,-45,50,-35,2
117,923,192,2000,45,-45,50,-35,2
118,931,200,2000,45,-45,50,-35,2
119,939,208,2000,45,-45,50,-35,2
120,947,216,2000,45,-45,50,-35,2
121,955,224,2000,45,-45,50,-35,2
122,963,232,2000,45,-45,50,-35,2
123,971,240,2000,45,-45,50,-35,2
124,979,248,2000,45,-45,50,-35,2
125,987,256,2000,45,-45,50,-35,2
126,995,264,2000,45,-45,50,-35,2
127,1003,272,2000,45,-45,50,-35,2
128,1011,280,2000,45,-45,50,-35,2
129,1019,288,2000,45,-45,50,-35,2
130,1027,296,2000,45,-45,50,-35,2
131,1035,304,2000,45,-45,50,-35,2
132,1043,312,2000,45,-45,50,-35,2
133,1051,320,2000,45,-45,50,-35,2
134,1059,328,2000,45,-45,50,-35,2
135,1067,336,2000,45,-45,50,-35,2
136,1075,344,2000,45,-45,50,-35,2
137,1083,352,2000,45,-45,50,-35,2
138,1091,360,2000,45,-45,50,-35,2
139,1097,1,2001,45,-45,50,-35,2
140,1104,8,2001,45,-45,50,-35,2
141,1112,16,2001,45,-45,50,-35,2
142,1120,24,2001,45,-45,50,-35,2
143,1128,32,2001,45,-45,50,-35,2
144,1136,40,2001,45,-45,50,-35,2
145,1144,48,2001,45,-45,50,-35,2
146,1152,56,2001,45,-45,50,-35,2
147,1160,64,2001,45,-45,50,-35,2
148,1168,72,2001,45,-45,50,-35,2
149,1176,80,2001,45,-45,50,-35,2
150,1184,88,2001,45,-45,50,-35,2
151,1192,96,2001,45,-45,50,-35,2
152,1200,104,2001,45,-45,50,-35,2
153,1208,112,2001,45,-45,50,-35,2
154,1216,120,2001,45,-45,50,-35,2
155,1224,128,2001,45,-45,50,-35,2
156,1232,136,2001,45,-45,50,-35,2
157,1240,144,2001,45,-45,50,-35,2
158,1248,152,2001,45,-45,50,-35,2
159,1256,160,2001,45,-45,50,-35,2
160,1264,168,2001,45,-45,50,-35,2
161,1272,176,2001,45,-45,50,-35,2
162,1280,184,2001,45,-45,50,-35,2
163,1288,192,2001,45,-45,50,-35,2
164,1296,200,2001,45,-45,50,-35,2
165,1304,208,2001,45,-45,50,-35,2
166,1312,216,2001,45,-45,50,-35,2
167,1320,224,2001,45,-45,50,-35,2
168,1328,232,2001,45,-45,50,-35,2
169,1336,240,2001,45,-45,50,-35,2
170,1344,248,2001,45,-45,50,-35,2
171,1352,256,2001,45,-45,50,-35,2
172,1360,264,2001,45,-45,50,-35,2
173,1368,272,2001,45,-45,50,-35,2
174,1376,280,2001,45,-45,50,-35,2
175,1384,288,2001,45,-45,50,-35,2
176,1392,296,2001,45,-45,50,-35,2
177,1400,304,2001,45,-45,50,-35,2
178,1408,312,2001,45,-45,50,-35,2
179,1416,320,2001,45,-45,50,-35,2
180,1424,328,2001,45,-45,50,-35,2
181,1432,336,2001,45,-45,50,-35,2
182,1440,344,2001,45,-45,50,-35,2
183,1448,352,2001,45,-45,50,-35,2
184,1456,360,2001,45,-45,50,-35,2
185,1462,1,2002,45,-45,50,-35,2
186,1469,8,2002,45,-45,50,-35,2
187,1477,16,2002,45,-45,50,-35,2
188,1485,24,2002,45,-45,50,-35,2
189,1493,32,2002,45,-45,50,-35,2
190,1501,40,2002,45,-45,50,-35,2
191,1509,48,2002,45,-45,50,-35,2
192,1517,56,2002,45,-45,50,-35,2
193,1525,64,2002,45,-45,50,-35,2
194,1533,72,2002,45,-45,50,-35,2
195,1541,80,2002,45,-45,50,-35,2
196,1549,88,2002,45,-45,50,-35,2
197,1557,96,2002,45,-45,50,-35,2
198,1565,104,2002,45,-45,50,-35,2
199,1573,112,2002,45,-45,50,-35,2
200,1581,120,2002,45,-45,50,-35,2
201,1589,128,2002,45,-45,50,-35,2
202,1597,136,2002,45,-45,50,-35,2
203,1605,144,2002,45,-45,50,-35,2
204,1613,152,2002,45,-45,50,-35,2
205,1621,160,2002,45,-45,50,-35,2
206,1629,168,2002,45,-45,50,-35,2
207,1637,176,2002,45,-45,50,-35,2
208,1645,184,2002,45,-45,50,-35,2
209,1653,192,2002,45,-45,50,-35,2
210,1661,200,2002,45,-45,50,-35,2
211,1669,208,2002,45,-45,50,-35,2
212,1677,216,2002,45,-45,50,-35,2
213,1685,224,2002,45,-45,50,-35,2
214,1693,232,2002,45,-45,50,-35,2
215,1701,240,2002,45,-45,50,-35,2
216,1709,248,2002,45,-45,50,-35,2
217,1717,256,2002,45,-45,50,-35,2
218,1725,264,2002,45,-45,50,-35,2
219,1733,272,2002,45,-45,50,-35,2
220,1741,280,2002,45,-45,50,-35,2
221,1749,288,2002,45,-45,50,-35,2
222,1757,296,2002,45,-45,50,-35,2
223,1765,304,2002,45,-45,50,-35,2
224,1773,312,2002,45,-45,50,-35,2
225,1781,320,2002,45,-45,50,-35,2
226,1789,328,2002,45,-45,50,-35,2
227,1797,336,2002,45,-45,50,-35,2
228,1805,344,2002,45,-45,50,-35,2
229,1813,352,2002,45,-45,50,-35,2
230,1821,360,2002,45,-45,50,-35,2
1,1,1,1998,50,-45,55,-35,3
2,8,8,1998,50,-45,55,-35,3
3,16,16,1998,50,-45,55,-35,3
4,24,24,1998,50,-45,55,-35,3
5,32,32,1998,50,-45,55,-35,3
6,40,40,1998,50,-45,55,-35,3
7,48,48,1998,50,-45,55,-35,3
8,56,56,1998,50,-45,55,-35,3
9,64,64,1998,50,-45,55,-35,3
10,72,72,1998,50,-45,55,-35,3
11,80,80,1998,50,-45,55,-35,3
12,88,88,1998,50,-45,55,-35,3
13,96,96,1998,50,-45,55,-35,3
14,104,104,1998,50,-45,55,-35,3
15,112,112,1998,50,-45,55,-35,3
16,120,120,1998,50,-45,55,-35,3
17,128,128,1998,50,-45,55,-35,3
18,136,136,1998,50,-45,55,-35,3
19,144,144,1998,50,-45,55,-35,3
20,152,152,1998,50,-45,55,-35,3
21,160,160,1998,50,-45,55,-35,3
22,168,168,1998,50,-45,55,-35,3
23,176,176,1998,50,-45,55,-35,3
24,184,184,1998,50,-45,55,-35,3
25,192,192,1998,50,-45,55,-35,3
26,200,200,1998,50,-45,55,-35,3
27,208,208,1998,50,-45,55,-35,3
28,216,216,1998,50,-45,55,-35,3
29,224,224,1998,50,-45,55,-35,3
30,232,232,1998,50,-45,55,-35,3
31,240,240,1998,50,-45,55,-35,3
32,248,248,1998,50,-45,55,-35,3
33,256,256,1998,50,-45,55,-35,3
34,264,264,1998,50,-45,55,-35,3
35,272,272,1998,50,-45,55,-35,3
36,280,280,1998,50,-45,55,-35,3
37,288,288,1998,50,-45,55,-35,3
38,296,296,1998,50,-45,55,-35,3
39,304,304,1998,50,-45,55,-35,3
40,312,312,1998,50,-45,55,-35,3
41,320,320,1998,50,-45,55,-35,3
42,328,328,1998,50,-45,55,-35,3
43,336,336,1998,50,-45,55,-35,3
44,344,344,1998,50,-45,55,-35,3
45,352,352,1998,50,-45,55,-35,3
46,360,360,1998,50,-45,55,-35,3
47,366,1,1999,50,-45,55,-35,3
48,373,8,1999,50,-45,55,-35,3
49,381,16,1999,50,-45,55,-35,3
50,389,24,1999,50,-45,55,-35,3
51,397,32,1999,50,-45,55,-35,3
52,405,40,1999,50,-45,55,-35,3
53,413,48,1999,50,-45,55,-35,3
54,421,56,1999,50,-45,55,-35,3
55,429,64,1999,50,-45,55,-35,3
56,437,72,1999,50,-45,55,-35,3
57,445,80,1999,50,-45,55,-35,3
58,453,88,1999,50,-45,55,-35,3
59,461,96,1999,50,-45,55,-35,3
60,469,104,1999,50,-45,55,-35,3
61,477,112,1999,50,-45,55,-35,3
62,485,120,1999,50,-45,55,-35,3
63,493,128,1999,50,-45,55,-35,3
64,501,136,1999,50,-45,55,-35,3
65,509,144,1999,50,-45,55,-35,3
66,517,152,1999,50,-45,55,-35,3
67,525,160,1999,50,-45,55,-35,3
68,533,168,1999,50,-45,55,-35,3
69,541,176,1999,50,-45,55,-35,3
70,549,184,1999,50,-45,55,-35,3
71,557,192,1999,50,-45,55,-35,3
72,565,200,1999,50,-45,55,-35,3
73,573,208,1999,50,-45,55,-35,3
74,581,216,1999,50,-45,55,-35,3
75,589,224,1999,50,-45,55,-35,3
76,597,232,1999,50,-45,55,-35,3
77,605,240,1999,50,-45,55,-35,3
78,613,248,1999,50,-45,55,-35,3
79,621,256,1999,50,-45,55,-35,3
80,629,264,1999,50,-45,55,-35,3
81,637,272,1999,50,-45,55,-35,3
82,645,280,1999,50,-45,55,-35,3
83,653,288,1999,50,-45,55,-35,3
84,661,296,1999,50,-45,55,-35,3
85,669,304,1999,50,-45,55,-35,3
86,677,312,1999,50,-45,55,-35,3
87,685,320,1999,50,-45,55,-35,3
88,693,328,1999,50,-45,55,-35,3
89,701,336,1999,50,-45,55,-35,3
90,709,344,1999,50,-45,55,-35,3
91,717,352,1999,50,-45,55,-35,3
92,725,360,1999,50,-45,55,-35,3
93,732,1,2000,50,-45,55,-35,3
94,739,8,2000,50,-45,55,-35,3
95,747,16,2000,50,-45,55,-35,3
96,755,24,2000,50,-45,55,-35,3
97,763,32,2000,50,-45,55,-35,3
98,771,40,2000,50,-45,55,-35,3
99,779,48,2000,50,-45,55,-35,3
100,787,56,2000,50,-45,55,-35,3
101,795,64,2000,50,-45,55,-35,3
102,803,72,2000,50,-45,55,-35,3
103,811,80,2000,50,-45,55,-35,3
104,819,88,2000,50,-45,55,-35,3
105,827,96,2000,50,-45,55,-35,3
106,835,104,2000,50,-45,55,-35,3
107,843,112,2000,50,-45,55,-35,3
108,851,120,2000,50,-45,55,-35,3
109,859,128,2000,50,-45,55,-35,3
110,867,136,2000,50,-45,55,-35,3
111,875,144,2000,50,-45,55,-35,3
112,883,152,2000,50,-45,55,-35,3
113,891,160,2000,50,-45,55,-35,3
114,899,168,2000,50,-45,55,-35,3
115,907,176,2000,50,-45,55,-35,3
116,915,184,2000,50,-45,55,-35,3
117,923,192,2000,50,-45,55,-35,3
118,931,200,2000,50,-45,55,-35,3
119,939,208,2000,50,-45,55,-35,3
120,947,216,2000,50,-45,55,-35,3
121,955,224,2000,50,-45,55,-35,3
122,963,232,2000,50,-45,55,-35,3
123,971,240,2000,50,-45,55,-35,3
124,979,248,2000,50,-45,55,-35,3
125,987,256,2000,50,-45,55,-35,3
126,995,264,2000,50,-45,55,-35,3
127,1003,272,2000,50,-45,55,-35,3
128,1011,280,2000,50,-45,55,-35,3
129,1019,288,2000,50,-45,55,-35,3
130,1027,296,2000,50,-45,55,-35,3
131,1035,304,2000,50,-45,55,-35,3
132,1043,312,2000,50,-45,55,-35,3
133,1051,320,2000,50,-45,55,-35,3
134,1059,328,2000,50,-45,55,-35,3
135,1067,336,2000,50,-45,55,-35,3
136,1075,344,2000,50,-45,55,-35,3
137,1083,352,2000,50,-45,55,-35,3
138,1091,360,2000,50,-45,55,-35,3
139,1097,1,2001,50,-45,55,-35,3
140,1104,8,2001,50,-45,55,-35,3
141,1112,16,2001,50,-45,55,-35,3
142,1120,24,2001,50,-45,55,-35,3
143,1128,32,2001,50,-45,55,-35,3
144,1136,40,2001,50,-45,55,-35,3
145,1144,48,2001,50,-45,55,-35,3
146,1152,56,2001,50,-45,55,-35,3
147,1160,64,2001,50,-45,55,-35,3
148,1168,72,2001,50,-45,55,-35,3
149,1176,80,2001,50,-45,55,-35,3
150,1184,88,2001,50,-45,55,-35,3
151,1192,96,2001,50,-45,55,-35,3
152,1200,104,2001,50,-45,55,-35,3
153,1208,112,2001,50,-45,55,-35,3
154,1216,120,2001,50,-45,55,-35,3
155,1224,128,2001,50,-45,55,-35,3
156,1232,136,2001,50,-45,55,-35,3
157,1240,144,2001,50,-45,55,-35,3
158,1248,152,2001,50,-45,55,-35,3
159,1256,160,2001,50,-45,55,-35,3
160,1264,168,2001,50,-45,55,-35,3
161,1272,176,2001,50,-45,55,-35,3
162,1280,184,2001,50,-45,55,-35,3
163,1288,192,2001,50,-45,55,-35,3
164,1296,200,2001,50,-45,55,-35,3
165,1304,208,2001,50,-45,55,-35,3
166,1312,216,2001,50,-45,55,-35,3
167,1320,224,2001,50,-45,55,-35,3
168,1328,232,2001,50,-45,55,-35,3
169,1336,240,2001,50,-45,55,-35,3
170,1344,248,2001,50,-45,55,-35,3
171,1352,256,2001,50,-45,55,-35,3
172,1360,264,2001,50,-45,55,-35,3
173,1368,272,2001,50,-45,55,-35,3
174,1376,280,2001,50,-45,55,-35,3
175,1384,288,2001,50,-45,55,-35,3
176,1392,296,2001,50,-45,55,-35,3
177,1400,304,2001,50,-45,55,-35,3
178,1408,312,2001,50,-45,55,-35,3
179,1416,320,2001,50,-45,55,-35,3
180,1424,328,2001,50,-45,55,-35,3
181,1432,336,2001,50,-45,55,-35,3
182,1440,344,2001,50,-45,55,-35,3
183,1448,352,2001,50,-45,55,-35,3
184,1456,360,2001,50,-45,55,-35,3
185,1462,1,2002,50,-45,55,-35,3
186,1469,8,2002,50,-45,55,-35,3
187,1477,16,2002,50,-45,55,-35,3
188,1485,24,2002,50,-45,55,-35,3
189,1493,32,2002,50,-45,55,-35,3
190,1501,40,2002,50,-45,55,-35,3
191,1509,48,2002,50,-45,55,-35,3
192,1517,56,2002,50,-45,55,-35,3
193,1525,64,2002,50,-45,55,-35,3
194,1533,72,2002,50,-45,55,-35,3
195,1541,80,2002,50,-45,55,-35,3
196,1549,88,2002,50,-45,55,-35,3
197,1557,96,2002,50,-45,55,-35,3
198,1565,104,2002,50,-45,55,-35,3
199,1573,112,2002,50,-45,55,-35,3
200,1581,120,2002,50,-45,55,-35,3
201,1589,128,2002,50,-45,55,-35,3
202,1597,136,2002,50,-45,55,-35,3
203,1605,144,2002,50,-45,55,-35,3
204,1613,152,2002,50,-45,55,-35,3
205,1621,160,2002,50,-45,55,-35,3
206,1629,168,2002,50,-45,55,-35,3
207,1637,176,2002,50,-45,55,-35,3
208,1645,184,2002,50,-45,55,-35,3
209,1653,192,2002,50,-45,55,-35,3
210,1661,200,2002,50,-45,55,-35,3
211,1669,208,2002,50,-45,55,-35,3
212,1677,216,2002,50,-45,55,-35,3
213,1685,224,2002,50,-45,55,-35,3
214,1693,232,2002,50,-45,55,-35,3
215,1701,240,2002,50,-45,55,-35,3
216,1709,248,2002,50,-45,55,-35,3
217,1717,256,2002,50,-45,55,-35,3
218,1725,264,2002,50,-45,55,-35,3
219,1733,272,2002,50,-45,55,-35,3
220,1741,280,2002,50,-45,55,-35,3
221,1749,288,2002,50,-45,55,-35,3
222,1757,296,2002,50,-45,55,-35,3
223,1765,304,2002,50,-45,55,-35,3
224,1773,312,2002,50,-45,55,-35,3
225,1781,320,2002,50,-45,55,-35,3
226,1789,328,2002,50,-45,55,-35,3
227,1797,336,2002,50,-45,55,-35,3
228,1805,344,2002,50,-45,55,-35,3
229,1813,352,2002,50,-45,55,-35,3
230,1821,360,2002,50,-45,55,-35,3
1,1,1,1998,40,-35,45,-25,4
2,8,8,1998,40,-35,45,-25,4
3,16,16,1998,40,-35,45,-25,4
4,24,24,1998,40,-35,45,-25,4
5,32,32,1998,40,-35,45,-25,4
6,40,40,1998,40,-35,45,-25,4
7,48,48,1998,40,-35,45,-25,4
8,56,56,1998,40,-35,45,-25,4
9,64,64,1998,40,-35,45,-25,4
10,72,72,1998,40,-35,45,-25,4
11,80,80,1998,40,-35,45,-25,4
12,88,88,1998,40,-35,45,-25,4
13,96,96,1998,40,-35,45,-25,4
14,104,104,1998,40,-35,45,-25,4
15,112,112,1998,40,-35,45,-25,4
16,120,120,1998,40,-35,45,-25,4
17,128,128,1998,40,-35,45,-25,4
18,136,136,1998,40,-35,45,-25,4
19,144,144,1998,40,-35,45,-25,4
20,152,152,1998,40,-35,45,-25,4
21,160,160,1998,40,-35,45,-25,4
22,168,168,1998,40,-35,45,-25,4
23,176,176,1998,40,-35,45,-25,4
24,184,184,1998,40,-35,45,-25,4
25,192,192,1998,40,-35,45,-25,4
26,200,200,1998,40,-35,45,-25,4
27,208,208,1998,40,-35,45,-25,4
28,216,216,1998,40,-35,45,-25,4
29,224,224,1998,40,-35,45,-25,4
30,232,232,1998,40,-35,45,-25,4
31,240,240,1998,40,-35,45,-25,4
32,248,248,1998,40,-35,45,-25,4
33,256,256,1998,40,-35,45,-25,4
34,264,264,1998,40,-35,45,-25,4
35,272,272,1998,40,-35,45,-25,4
36,280,280,1998,40,-35,45,-25,4
37,288,288,1998,40,-35,45,-25,4
38,296,296,1998,40,-35,45,-25,4
39,304,304,1998,40,-35,45,-25,4
40,312,312,1998,40,-35,45,-25,4
41,320,320,1998,40,-35,45,-25,4
42,328,328,1998,40,-35,45,-25,4
43,336,336,1998,40,-35,45,-25,4
44,344,344,1998,40,-35,45,-25,4
45,352,352,1998,40,-35,45,-25,4
46,360,360,1998,40,-35,45,-25,4
47,366,1,1999,40,-35,45,-25,4
48,373,8,1999,40,-35,45,-25,4
49,381,16,1999,40,-35,45,-25,4
50,389,24,1999,40,-35,45,-25,4
51,397,32,1999,40,-35,45,-25,4
52,405,40,1999,40,-35,45,-25,4
53,413,48,1999,40,-35,45,-25,4
54,421,56,1999,40,-35,45,-25,4
55,429,64,1999,40,-35,45,-25,4
56,437,72,1999,40,-35,45,-25,4
57,445,80,1999,40,-35,45,-25,4
58,453,88,1999,40,-35,45,-25,4
59,461,96,1999,40,-35,45,-25,4
60,469,104,1999,40,-35,45,-25,4
61,477,112,1999,40,-35,45,-25,4
62,485,120,1999,40,-35,45,-25,4
63,493,128,1999,40,-35,45,-25,4
64,501,136,1999,40,-35,45,-25,4
65,509,144,1999,40,-35,45,-25,4
66,517,152,1999,40,-35,45,-25,4
67,525,160,1999,40,-35,45,-25,4
68,533,168,1999,40,-35,45,-25,4
69,541,176,1999,40,-35,45,-25,4
70,549,184,1999,40,-35,45,-25,4
71,557,192,1999,40,-35,45,-25,4
72,565,200,1999,40,-35,45,-25,4
73,573,208,1999,40,-35,45,-25,4
74,581,216,1999,40,-35,45,-25,4
75,589,224,1999,40,-35,45,-25,4
76,597,232,1999,40,-35,45,-25,4
77,605,240,1999,40,-35,45,-25,4
78,613,248,1999,40,-35,45,-25,4
79,621,256,1999,40,-35,45,-25,4
80,629,264,1999,40,-35,45,-25,4
81,637,272,1999,40,-35,45,-25,4
82,645,280,1999,40,-35,45,-25,4
83,653,288,1999,40,-35,45,-25,4
84,661,296,1999,40,-35,45,-25,4
85,669,304,1999,40,-35,45,-25,4
86,677,312,1999,40,-35,45,-25,4
87,685,320,1999,40,-35,45,-25,4
88,693,328,1999,40,-35,45,-25,4
89,701,336,1999,40,-35,45,-25,4
90,709,344,1999,40,-35,45,-25,4
91,717,352,1999,40,-35,45,-25,4
92,725,360,1999,40,-35,45,-25,4
93,732,1,2000,40,-35,45,-25,4
94,739,8,2000,40,-35,45,-25,4
95,747,16,2000,40,-35,45,-25,4
96,755,24,2000,40,-35,45,-25,4
97,763,32,2000,40,-35,45,-25,4
98,771,40,2000,40,-35,45,-25,4
99,779,48,2000,40,-35,45,-25,4
100,787,56,2000,40,-35,45,-25,4
101,795,64,2000,40,-35,45,-25,4
102,803,72,2000,40,-35,45,-25,4
103,811,80,2000,40,-35,45,-25,4
104,819,88,2000,40,-35,45,-25,4
105,827,96,2000,40,-35,45,-25,4
106,835,104,2000,40,-35,45,-25,4
107,843,112,2000,40,-35,45,-25,4
108,851,120,2000,40,-35,45,-25,4
109,859,128,2000,40,-35,45,-25,4
110,867,136,2000,40,-35,45,-25,4
111,875,144,2000,40,-35,45,-25,4
112,883,152,2000,40,-35,45,-25,4
113,891,160,2000,40,-35,45,-25,4
114,899,168,2000,40,-35,45,-25,4
115,907,176,2000,40,-35,45,-25,4
116,915,184,2000,40,-35,45,-25,4
117,923,192,2000,40,-35,45,-25,4
118,931,200,2000,40,-35,45,-25,4
119,939,208,2000,40,-35,45,-25,4
120,947,216,2000,40,-35,45,-25,4
121,955,224,2000,40,-35,45,-25,4
122,963,232,2000,40,-35,45,-25,4
123,971,240,2000,40,-35,45,-25,4
124,979,248,2000,40,-35,45,-25,4
125,987,256,2000,40,-35,45,-25,4
126,995,264,2000,40,-35,45,-25,4
127,1003,272,2000,40,-35,45,-25,4
128,1011,280,2000,40,-35,45,-25,4
129,1019,288,2000,40,-35,45,-25,4
130,1027,296,2000,40,-35,45,-25,4
131,1035,304,2000,40,-35,45,-25,4
132,1043,312,2000,40,-35,45,-25,4
133,1051,320,2000,40,-35,45,-25,4
134,1059,328,2000,40,-35,45,-25,4
135,1067,336,2000,40,-35,45,-25,4
136,1075,344,2000,40,-35,45,-25,4
137,1083,352,2000,40,-35,45,-25,4
138,1091,360,2000,40,-35,45,-25,4
139,1097,1,2001,40,-35,45,-25,4
140,1104,8,2001,40,-35,45,-25,4
141,1112,16,2001,40,-35,45,-25,4
142,1120,24,2001,40,-35,45,-25,4
143,1128,32,2001,40,-35,45,-25,4
144,1136,40,2001,40,-35,45,-25,4
145,1144,48,2001,40,-35,45,-25,4
146,1152,56,2001,40,-35,45,-25,4
147,1160,64,2001,40,-35,45,-25,4
148,1168,72,2001,40,-35,45,-25,4
149,1176,80,2001,40,-35,45,-25,4
150,1184,88,2001,40,-35,45,-25,4
151,1192,96,2001,40,-35,45,-25,4
152,1200,104,2001,40,-35,45,-25,4
153,1208,112,2001,40,-35,45,-25,4
154,1216,120,2001,40,-35,45,-25,4
155,1224,128,2001,40,-35,45,-25,4
156,1232,136,2001,40,-35,45,-25,4
157,1240,144,2001,40,-35,45,-25,4
158,1248,152,2001,40,-35,45,-25,4
159,1256,160,2001,40,-35,45,-25,4
160,1264,168,2001,40,-35,45,-25,4
161,1272,176,2001,40,-35,45,-25,4
162,1280,184,2001,40,-35,45,-25,4
163,1288,192,2001,40,-35,45,-25,4
164,1296,200,2001,40,-35,45,-25,4
165,1304,208,2001,40,-35,45,-25,4
166,1312,216,2001,40,-35,45,-25,4
167,1320,224,2001,40,-35,45,-25,4
168,1328,232,2001,40,-35,45,-25,4
169,1336,240,2001,40,-35,45,-25,4
170,1344,248,2001,40,-35,45,-25,4
171,1352,256,2001,40,-35,45,-25,4
172,1360,264,2001,40,-35,45,-25,4
173,1368,272,2001,40,-35,45,-25,4
174,1376,280,2001,40,-35,45,-25,4
175,1384,288,2001,40,-35,45,-25,4
176,1392,296,2001,40,-35,45,-25,4
177,1400,304,2001,40,-35,45,-25,4
178,1408,312,2001,40,-35,45,-25,4
179,1416,320,2001,40,-35,45,-25,4
180,1424,328,2001,40,-35,45,-25,4
181,1432,336,2001,40,-35,45,-25,4
182,1440,344,2001,40,-35,45,-25,4
183,1448,352,2001,40,-35,45,-25,4
184,1456,360,2001,40,-35,45,-25,4
185,1462,1,2002,40,-35,45,-25,4
186,1469,8,2002,40,-35,45,-25,4
187,1477,16,2002,40,-35,45,-25,4
188,1485,24,2002,40,-35,45,-25,4
189,1493,32,2002,40,-35,45,-25,4
190,1501,40,2002,40,-35,45,-25,4
191,1509,48,2002,40,-35,45,-25,4
192,1517,56,2002,40,-35,45,-25,4
193,1525,64,2002,40,-35,45,-25,4
194,1533,72,2002,40,-35,45,-25,4
195,1541,80,2002,40,-35,45,-25,4
196,1549,88,2002,40,-35,45,-25,4
197,1557,96,2002,40,-35,45,-25,4
198,1565,104,2002,40,-35,45,-25,4
199,1573,112,2002,40,-35,45,-25,4
200,1581,120,2002,40,-35,45,-25,4
201,1589,128,2002,40,-35,45,-25,4
202,1597,136,2002,40,-35,45,-25,4
203,1605,144,2002,40,-35,45,-25,4
204,1613,152,2002,40,-35,45,-25,4
205,1621,160,2002,40,-35,45,-25,4
206,1629,168,2002,40,-35,45,-25,4
207,1637,176,2002,40,-35,45,-25,4
208,1645,184,2002,40,-35,45,-25,4
209,1653,192,2002,40,-35,45,-25,4
210,1661,200,2002,40,-35,45,-25,4
211,1669,208,2002,40,-35,45,-25,4
212,1677,216,2002,40,-35,45,-25,4
213,1685,224,2002,40,-35,45,-25,4
214,1693,232,2002,40,-35,45,-25,4
215,1701,240,2002,40,-35,45,-25,4
216,1709,248,2002,40,-35,45,-25,4
217,1717,256,2002,40,-35,45,-25,4
218,1725,264,2002,40,-35,45,-25,4
219,1733,272,2002,40,-35,45,-25,4
220,1741,280,2002,40,-35,45,-25,4
221,1749,288,2002,40,-35,45,-25,4
222,1757,296,2002,40,-35,45,-25,4
223,1765,304,2002,40,-35,45,-25,4
224,1773,312,2002,40,-35,45,-25,4
225,1781,320,2002,40,-35,45,-25,4
226,1789,328,2002,40,-35,45,-25,4
227,1797,336,2002,40,-35,45,-25,4
228,1805,344,2002,40,-35,45,-25,4
229,1813,352,2002,40,-35,45,-25,4
230,1821,360,2002,40,-35,45,-25,4
1,1,1,1998,45,-35,50,-25,5
2,8,8,1998,45,-35,50,-25,5
3,16,16,1998,45,-35,50,-25,5
4,24,24,1998,45,-35,50,-25,5
5,32,32,1998,45,-35,50,-25,5
6,40,40,1998,45,-35,50,-25,5
7,48,48,1998,45,-35,50,-25,5
8,56,56,1998,45,-35,50,-25,5
9,64,64,1998,45,-35,50,-25,5
10,72,72,1998,45,-35,50,-25,5
11,80,80,1998,45,-35,50,-25,5
12,88,88,1998,45,-35,50,-25,5
13,96,96,1998,45,-35,50,-25,5
14,104,104,1998,45,-35,50,-25,5
15,112,112,1998,45,-35,50,-25,5
16,120,120,1998,45,-35,50,-25,5
17,128,128,1998,45,-35,50,-25,5
18,136,136,1998,45,-35,50,-25,5
19,144,144,1998,45,-35,50,-25,5
20,152,152,1998,45,-35,50,-25,5
21,160,160,1998,45,-35,50,-25,5
22,168,168,1998,45,-35,50,-25,5
23,176,176,1998,45,-35,50,-25,5
24,184,184,1998,45,-35,50,-25,5
25,192,192,1998,45,-35,50,-25,5
26,200,200,1998,45,-35,50,-25,5
27,208,208,1998,45,-35,50,-25,5
28,216,216,1998,45,-35,50,-25,5
29,224,224,1998,45,-35,50,-25,5
30,232,232,1998,45,-35,50,-25,5
31,240,240,1998,45,-35,50,-25,5
32,248,248,1998,45,-35,50,-25,5
33,256,256,1998,45,-35,50,-25,5
34,264,264,1998,45,-35,50,-25,5
35,272,272,1998,45,-35,50,-25,5
36,280,280,1998,45,-35,50,-25,5
37,288,288,1998,45,-35,50,-25,5
38,296,296,1998,45,-35,50,-25,5
39,304,304,1998,45,-35,50,-25,5
40,312,312,1998,45,-35,50,-25,5
41,320,320,1998,45,-35,50,-25,5
42,328,328,1998,45,-35,50,-25,5
43,336,336,1998,45,-35,50,-25,5
44,344,344,1998,45,-35,50,-25,5
45,352,352,1998,45,-35,50,-25,5
46,360,360,1998,45,-35,50,-25,5
47,366,1,1999,45,-35,50,-25,5
48,373,8,1999,45,-35,50,-25,5
49,381,16,1999,45,-35,50,-25,5
50,389,24,1999,45,-35,50,-25,5
51,397,32,1999,45,-35,50,-25,5
52,405,40,1999,45,-35,50,-25,5
53,413,48,1999,45,-35,50,-25,5
54,421,56,1999,45,-35,50,-25,5
55,429,64,1999,45,-35,50,-25,5
56,437,72,1999,45,-35,50,-25,5
57,445,80,1999,45,-35,50,-25,5
58,453,88,1999,45,-35,50,-25,5
59,461,96,1999,45,-35,50,-25,5
60,469,104,1999,45,-35,50,-25,5
61,477,112,1999,45,-35,50,-25,5
62,485,120,1999,45,-35,50,-25,5
63,493,128,1999,45,-35,50,-25,5
64,501,136,1999,45,-35,50,-25,5
65,509,144,1999,45,-35,50,-25,5
66,517,152,1999,45,-35,50,-25,5
67,525,160,1999,45,-35,50,-25,5
68,533,168,1999,45,-35,50,-25,5
69,541,176,1999,45,-35,50,-25,5
70,549,184,1999,45,-35,50,-25,5
71,557,192,1999,45,-35,50,-25,5
72,565,200,1999,45,-35,50,-25,5
73,573,208,1999,45,-35,50,-25,5
74,581,216,1999,45,-35,50,-25,5
75,589,224,1999,45,-35,50,-25,5
76,597,232,1999,45,-35,50,-25,5
77,605,240,1999,45,-35,50,-25,5
78,613,248,1999,45,-35,50,-25,5
79,621,256,1999,45,-35,50,-25,5
80,629,264,1999,45,-35,50,-25,5
81,637,272,1999,45,-35,50,-25,5
82,645,280,1999,45,-35,50,-25,5
83,653,288,1999,45,-35,50,-25,5
84,661,296,1999,45,-35,50,-25,5
85,669,304,1999,45,-35,50,-25,5
86,677,312,1999,45,-35,50,-25,5
87,685,320,1999,45,-35,50,-25,5
88,693,328,1999,45,-35,50,-25,5
89,701,336,1999,45,-35,50,-25,5
90,709,344,1999,45,-35,50,-25,5
91,717,352,1999,45,-35,50,-25,5
92,725,360,1999,45,-35,50,-25,5
93,732,1,2000,45,-35,50,-25,5
94,739,8,2000,45,-35,50,-25,5
95,747,16,2000,45,-35,50,-25,5
96,755,24,2000,45,-35,50,-25,5
97,763,32,2000,45,-35,50,-25,5
98,771,40,2000,45,-35,50,-25,5
99,779,48,2000,45,-35,50,-25,5
100,787,56,2000,45,-35,50,-25,5
101,795,64,2000,45,-35,50,-25,5
102,803,72,2000,45,-35,50,-25,5
103,811,80,2000,45,-35,50,-25,5
104,819,88,2000,45,-35,50,-25,5
105,827,96,2000,45,-35,50,-25,5
106,835,104,2000,45,-35,50,-25,5
107,843,112,2000,45,-35,50,-25,5
108,851,120,2000,45,-35,50,-25,5
109,859,128,2000,45,-35,50,-25,5
110,867,136,2000,45,-35,50,-25,5
111,875,144,2000,45,-35,50,-25,5
112,883,152,2000,45,-35,50,-25,5
113,891,160,2000,45,-35,50,-25,5
114,899,168,2000,45,-35,50,-25,5
115,907,176,2000,45,-35,50,-25,5
116,915,184,2000,45,-35,50,-25,5
117,923,192,2000,45,-35,50,-25,5
118,931,200,2000,45,-35,50,-25,5
119,939,208,2000,45,-35,50,-25,5
120,947,216,2000,45,-35,50,-25,5
121,955,224,2000,45,-35,50,-25,5
122,963,232,2000,45,-35,50,-25,5
123,971,240,2000,45,-35,50,-25,5
124,979,248,2000,45,-35,50,-25,5
125,987,256,2000,45,-35,50,-25,5
126,995,264,2000,45,-35,50,-25,5
127,1003,272,2000,45,-35,50,-25,5
128,1011,280,2000,45,-35,50,-25,5
129,1019,288,2000,45,-35,50,-25,5
130,1027,296,2000,45,-35,50,-25,5
131,1035,304,2000,45,-35,50,-25,5
132,1043,312,2000,45,-35,50,-25,5
133,1051,320,2000,45,-35,50,-25,5
134,1059,328,2000,45,-35,50,-25,5
135,1067,336,2000,45,-35,50,-25,5
136,1075,344,2000,45,-35,50,-25,5
137,1083,352,2000,45,-35,50,-25,5
138,1091,360,2000,45,-35,50,-25,5
139,1097,1,2001,45,-35,50,-25,5
140,1104,8,2001,45,-35,50,-25,5
141,1112,16,2001,45,-35,50,-25,5
142,1120,24,2001,45,-35,50,-25,5
143,1128,32,2001,45,-35,50,-25,5
144,1136,40,2001,45,-35,50,-25,5
145,1144,48,2001,45,-35,50,-25,5
146,1152,56,2001,45,-35,50,-25,5
147,1160,64,2001,45,-35,50,-25,5
148,1168,72,2001,45,-35,50,-25,5
149,1176,80,2001,45,-35,50,-25,5
150,1184,88,2001,45,-35,50,-25,5
151,1192,96,2001,45,-35,50,-25,5
152,1200,104,2001,45,-35,50,-25,5
153,1208,112,2001,45,-35,50,-25,5
154,1216,120,2001,45,-35,50,-25,5
155,1224,128,2001,45,-35,50,-25,5
156,1232,136,2001,45,-35,50,-25,5
157,1240,144,2001,45,-35,50,-25,5
158,1248,152,2001,45,-35,50,-25,5
159,1256,160,2001,45,-35,50,-25,5
160,1264,168,2001,45,-35,50,-25,5
161,1272,176,2001,45,-35,50,-25,5
162,1280,184,2001,45,-35,50,-25,5
163,1288,192,2001,45,-35,50,-25,5
164,1296,200,2001,45,-35,50,-25,5
165,1304,208,2001,45,-35,50,-25,5
166,1312,216,2001,45,-35,50,-25,5
167,1320,224,2001,45,-35,50,-25,5
168,1328,232,2001,45,-35,50,-25,5
169,1336,240,2001,45,-35,50,-25,5
170,1344,248,2001,45,-35,50,-25,5
171,1352,256,2001,45,-35,50,-25,5
172,1360,264,2001,45,-35,50,-25,5
173,1368,272,2001,45,-35,50,-25,5
174,1376,280,2001,45,-35,50,-25,5
175,1384,288,2001,45,-35,50,-25,5
176,1392,296,2001,45,-35,50,-25,5
177,1400,304,2001,45,-35,50,-25,5
178,1408,312,2001,45,-35,50,-25,5
179,1416,320,2001,45,-35,50,-25,5
180,1424,328,2001,45,-35,50,-25,5
181,1432,336,2001,45,-35,50,-25,5
182,1440,344,2001,45,-35,50,-25,5
183,1448,352,2001,45,-35,50,-25,5
184,1456,360,2001,45,-35,50,-25,5
185,1462,1,2002,45,-35,50,-25,5
186,1469,8,2002,45,-35,50,-25,5
187,1477,16,2002,45,-35,50,-25,5
188,1485,24,2002,45,-35,50,-25,5
189,1493,32,2002,45,-35,50,-25,5
190,1501,40,2002,45,-35,50,-25,5
191,1509,48,2002,45,-35,50,-25,5
192,1517,56,2002,45,-35,50,-25,5
193,1525,64,2002,45,-35,50,-25,5
194,1533,72,2002,45,-35,50,-25,5
195,1541,80,2002,45,-35,50,-25,5
196,1549,88,2002,45,-35,50,-25,5
197,1557,96,2002,45,-35,50,-25,5
198,1565,104,2002,45,-35,50,-25,5
199,1573,112,2002,45,-35,50,-25,5
200,1581,120,2002,45,-35,50,-25,5
201,1589,128,2002,45,-35,50,-25,5
202,1597,136,2002,45,-35,50,-25,5
203,1605,144,2002,45,-35,50,-25,5
204,1613,152,2002,45,-35,50,-25,5
205,1621,160,2002,45,-35,50,-25,5
206,1629,168,2002,45,-35,50,-25,5
207,1637,176,2002,45,-35,50,-25,5
208,1645,184,2002,45,-35,50,-25,5
209,1653,192,2002,45,-35,50,-25,5
210,1661,200,2002,45,-35,50,-25,5
211,1669,208,2002,45,-35,50,-25,5
212,1677,216,2002,45,-35,50,-25,5
213,1685,224,2002,45,-35,50,-25,5
214,1693,232,2002,45,-35,50,-25,5
215,1701,240,2002,45,-35,50,-25,5
216,1709,248,2002,45,-35,50,-25,5
217,1717,256,2002,45,-35,50,-25,5
218,1725,264,2002,45,-35,50,-25,5
219,1733,272,2002,45,-35,50,-25,5
220,1741,280,2002,45,-35,50,-25,5
221,1749,288,2002,45,-35,50,-25,5
222,1757,296,2002,45,-35,50,-25,5
223,1765,304,2002,45,-35,50,-25,5
224,1773,312,2002,45,-35,50,-25,5
225,1781,320,2002,45,-35,50,-25,5
226,1789,328,2002,45,-35,50,-25,5
227,1797,336,2002,45,-35,50,-25,5
228,1805,344,2002,45,-35,50,-25,5
229,1813,352,2002,45,-35,50,-25,5
230,1821,360,2002,45,-35,50,-25,5
1,1,1,1998,50,-35,55,-25,6
2,8,8,1998,50,-35,55,-25,6
3,16,16,1998,50,-35,55,-25,6
4,24,24,1998,50,-35,55,-25,6
5,32,32,1998,50,-35,55,-25,6
6,40,40,1998,50,-35,55,-25,6
7,48,48,1998,50,-35,55,-25,6
8,56,56,1998,50,-35,55,-25,6
9,64,64,1998,50,-35,55,-25,6
10,72,72,1998,50,-35,55,-25,6
11,80,80,1998,50,-35,55,-25,6
12,88,88,1998,50,-35,55,-25,6
13,96,96,1998,50,-35,55,-25,6
14,104,104,1998,50,-35,55,-25,6
15,112,112,1998,50,-35,55,-25,6
16,120,120,1998,50,-35,55,-25,6
17,128,128,1998,50,-35,55,-25,6
18,136,136,1998,50,-35,55,-25,6
19,144,144,1998,50,-35,55,-25,6
20,152,152,1998,50,-35,55,-25,6
21,160,160,1998,50,-35,55,-25,6
22,168,168,1998,50,-35,55,-25,6
23,176,176,1998,50,-35,55,-25,6
24,184,184,1998,50,-35,55,-25,6
25,192,192,1998,50,-35,55,-25,6
26,200,200,1998,50,-35,55,-25,6
27,208,208,1998,50,-35,55,-25,6
28,216,216,1998,50,-35,55,-25,6
29,224,224,1998,50,-35,55,-25,6
30,232,232,1998,50,-35,55,-25,6
31,240,240,1998,50,-35,55,-25,6
32,248,248,1998,50,-35,55,-25,6
33,256,256,1998,50,-35,55,-25,6
34,264,264,1998,50,-35,55,-25,6
35,272,272,1998,50,-35,55,-25,6
36,280,280,1998,50,-35,55,-25,6
37,288,288,1998,50,-35,55,-25,6
38,296,296,1998,50,-35,55,-25,6
39,304,304,1998,50,-35,55,-25,6
40,312,312,1998,50,-35,55,-25,6
41,320,320,1998,50,-35,55,-25,6
42,328,328,1998,50,-35,55,-25,6
43,336,336,1998,50,-35,55,-25,6
44,344,344,1998,50,-35,55,-25,6
45,352,352,1998,50,-35,55,-25,6
46,360,360,1998,50,-35,55,-25,6
47,366,1,1999,50,-35,55,-25,6
48,373,8,1999,50,-35,55,-25,6
49,381,16,1999,50,-35,55,-25,6
50,389,24,1999,50,-35,55,-25,6
51,397,32,1999,50,-35,55,-25,6
52,405,40,1999,50,-35,55,-25,6
53,413,48,1999,50,-35,55,-25,6
54,421,56,1999,50,-35,55,-25,6
55,429,64,1999,50,-35,55,-25,6
56,437,72,1999,50,-35,55,-25,6
57,445,80,1999,50,-35,55,-25,6
58,453,88,1999,50,-35,55,-25,6
59,461,96,1999,50,-35,55,-25,6
60,469,104,1999,50,-35,55,-25,6
61,477,112,1999,50,-35,55,-25,6
62,485,120,1999,50,-35,55,-25,6
63,493,128,1999,50,-35,55,-25,6
64,501,136,1999,50,-35,55,-25,6
65,509,144,1999,50,-35,55,-25,6
66,517,152,1999,50,-35,55,-25,6
67,525,160,1999,50,-35,55,-25,6
68,533,168,1999,50,-35,55,-25,6
69,541,176,1999,50,-35,55,-25,6
70,549,184,1999,50,-35,55,-25,6
71,557,192,1999,50,-35,55,-25,6
72,565,200,1999,50,-35,55,-25,6
73,573,208,1999,50,-35,55,-25,6
74,581,216,1999,50,-35,55,-25,6
75,589,224,1999,50,-35,55,-25,6
76,597,232,1999,50,-35,55,-25,6
77,605,240,1999,50,-35,55,-25,6
78,613,248,1999,50,-35,55,-25,6
79,621,256,1999,50,-35,55,-25,6
80,629,264,1999,50,-35,55,-25,6
81,637,272,1999,50,-35,55,-25,6
82,645,280,1999,50,-35,55,-25,6
83,653,288,1999,50,-35,55,-25,6
84,661,296,1999,50,-35,55,-25,6
85,669,304,1999,50,-35,55,-25,6
86,677,312,1999,50,-35,55,-25,6
87,685,320,1999,50,-35,55,-25,6
88,693,328,1999,50,-35,55,-25,6
89,701,336,1999,50,-35,55,-25,6
90,709,344,1999,50,-35,55,-25,6
91,717,352,1999,50,-35,55,-25,6
92,725,360,1999,50,-35,55,-25,6
93,732,1,2000,50,-35,55,-25,6
94,739,8,2000,50,-35,55,-25,6
95,747,16,2000,50,-35,55,-25,6
96,755,24,2000,50,-35,55,-25,6
97,763,32,2000,50,-35,55,-25,6
98,771,40,2000,50,-35,55,-25,6
99,779,48,2000,50,-35,55,-25,6
100,787,56,2000,50,-35,55,-25,6
101,795,64,2000,50,-35,55,-25,6
102,803,72,2000,50,-35,55,-25,6
103,811,80,2000,50,-35,55,-25,6
104,819,88,2000,50,-35,55,-25,6
105,827,96,2000,50,-35,55,-25,6
106,835,104,2000,50,-35,55,-25,6
107,843,112,2000,50,-35,55,-25,6
108,851,120,2000,50,-35,55,-25,6
109,859,128,2000,50,-35,55,-25,6
110,867,136,2000,50,-35,55,-25,6
111,875,144,2000,50,-35,55,-25,6
112,883,152,2000,50,-35,55,-25,6
113,891,160,2000,50,-35,55,-25,6
114,899,168,2000,50,-35,55,-25,6
115,907,176,2000,50,-35,55,-25,6
116,915,184,2000,50,-35,55,-25,6
117,923,192,2000,50,-35,55,-25,6
118,931,200,2000,50,-35,55,-25,6
119,939,208,2000,50,-35,55,-25,6
120,947,216,2000,50,-35,55,-25,6
121,955,224,2000,50,-35,55,-25,6
122,963,232,2000,50,-35,55,-25,6
123,971,240,2000,50,-35,55,-25,6
124,979,248,2000,50,-35,55,-25,6
125,987,256,2000,50,-35,55,-25,6
126,995,264,2000,50,-35,55,-25,6
127,1003,272,2000,50,-35,55,-25,6
128,1011,280,2000,50,-35,55,-25,6
129,1019,288,2000,50,-35,55,-25,6
130,1027,296,2000,50,-35,55,-25,6
131,1035,304,2000,50,-35,55,-25,6
132,1043,312,2000,50,-35,55,-25,6
133,1051,320,2000,50,-35,55,-25,6
134,1059,328,2000,50,-35,55,-25,6
135,1067,336,2000,50,-35,55,-25,6
136,1075,344,2000,50,-35,55,-25,6
137,1083,352,2000,50,-35,55,-25,6
138,1091,360,2000,50,-35,55,-25,6
139,1097,1,2001,50,-35,55,-25,6
140,1104,8,2001,50,-35,55,-25,6
141,1112,16,2001,50,-35,55,-25,6
142,1120,24,2001,50,-35,55,-25,6
143,1128,32,2001,50,-35,55,-25,6
144,1136,40,2001,50,-35,55,-25,6
145,1144,48,2001,50,-35,55,-25,6
146,1152,56,2001,50,-35,55,-25,6
147,1160,64,2001,50,-35,55,-25,6
148,1168,72,2001,50,-35,55,-25,6
149,1176,80,2001,50,-35,55,-25,6
150,1184,88,2001,50,-35,55,-25,6
151,1192,96,2001,50,-35,55,-25,6
152,1200,104,2001,50,-35,55,-25,6
153,1208,112,2001,50,-35,55,-25,6
154,1216,120,2001,50,-35,55,-25,6
155,1224,128,2001,50,-35,55,-25,6
156,1232,136,2001,50,-35,55,-25,6
157,1240,144,2001,50,-35,55,-25,6
158,1248,152,2001,50,-35,55,-25,6
159,1256,160,2001,50,-35,55,-25,6
160,1264,168,2001,50,-35,55,-25,6
161,1272,176,2001,50,-35,55,-25,6
162,1280,184,2001,50,-35,55,-25,6
163,1288,192,2001,50,-35,55,-25,6
164,1296,200,2001,50,-35,55,-25,6
165,1304,208,2001,50,-35,55,-25,6
166,1312,216,2001,50,-35,55,-25,6
167,1320,224,2001,50,-35,55,-25,6
168,1328,232,2001,50,-35,55,-25,6
169,1336,240,2001,50,-35,55,-25,6
170,1344,248,2001,50,-35,55,-25,6
171,1352,256,2001,50,-35,55,-25,6
172,1360,264,2001,50,-35,55,-25,6
173,1368,272,2001,50,-35,55,-25,6
174,1376,280,2001,50,-35,55,-25,6
175,1384,288,2001,50,-35,55,-25,6
176,1392,296,2001,50,-35,55,-25,6
177,1400,304,2001,50,-35,55,-25,6
178,1408,312,2001,50,-35,55,-25,6
179,1416,320,2001,50,-35,55,-25,6
180,1424,328,2001,50,-35,55,-25,6
181,1432,336,2001,50,-35,55,-25,6
182,1440,344,2001,50,-35,55,-25,6
183,1448,352,2001,50,-35,55,-25,6
184,1456,360,2001,50,-35,55,-25,6
185,1462,1,2002,50,-35,55,-25,6
186,1469,8,2002,50,-35,55,-25,6
187,1477,16,2002,50,-35,55,-25,6
188,1485,24,2002,50,-35,55,-25,6
189,1493,32,2002,50,-35,55,-25,6
190,1501,40,2002,50,-35,55,-25,6
191,1509,48,2002,50,-35,55,-25,6
192,1517,56,2002,50,-35,55,-25,6
193,1525,64,2002,50,-35,55,-25,6
194,1533,72,2002,50,-35,55,-25,6
195,1541,80,2002,50,-35,55,-25,6
196,1549,88,2002,50,-35,55,-25,6
197,1557,96,2002,50,-35,55,-25,6
198,1565,104,2002,50,-35,55,-25,6
199,1573,112,2002,50,-35,55,-25,6
200,1581,120,2002,50,-35,55,-25,6
201,1589,128,2002,50,-35,55,-25,6
202,1597,136,2002,50,-35,55,-25,6
203,1605,144,2002,50,-35,55,-25,6
204,1613,152,2002,50,-35,55,-25,6
205,1621,160,2002,50,-35,55,-25,6
206,1629,168,2002,50,-35,55,-25,6
207,1637,176,2002,50,-35,55,-25,6
208,1645,184,2002,50,-35,55,-25,6
209,1653,192,2002,50,-35,55,-25,6
210,1661,200,2002,50,-35,55,-25,6
211,1669,208,2002,50,-35,55,-25,6
212,1677,216,2002,50,-35,55,-25,6
213,1685,224,2002,50,-35,55,-25,6
214,1693,232,2002,50,-35,55,-25,6
215,1701,240,2002,50,-35,55,-25,6
216,1709,248,2002,50,-35,55,-25,6
217,1717,256,2002,50,-35,55,-25,6
218,1725,264,2002,50,-35,55,-25,6
219,1733,272,2002,50,-35,55,-25,6
220,1741,280,2002,50,-35,55,-25,6
221,1749,288,2002,50,-35,55,-25,6
222,1757,296,2002,50,-35,55,-25,6
223,1765,304,2002,50,-35,55,-25,6
224,1773,312,2002,50,-35,55,-25,6
225,1781,320,2002,50,-35,55,-25,6
226,1789,328,2002,50,-35,55,-25,6
227,1797,336,2002,50,-35,55,-25,6
228,1805,344,2002,50,-35,55,-25,6
229,1813,352,2002,50,-35,55,-25,6
230,1821,360,2002,50,-35,55,-25,6
1,1,1,1998,40,-25,45,-15,7
2,8,8,1998,40,-25,45,-15,7
3,16,16,1998,40,-25,45,-15,7
4,24,24,1998,40,-25,45,-15,7
5,32,32,1998,40,-25,45,-15,7
6,40,40,1998,40,-25,45,-15,7
7,48,48,1998,40,-25,45,-15,7
8,56,56,1998,40,-25,45,-15,7
9,64,64,1998,40,-25,45,-15,7
10,72,72,1998,40,-25,45,-15,7
11,80,80,1998,40,-25,45,-15,7
12,88,88,1998,40,-25,45,-15,7
13,96,96,1998,40,-25,45,-15,7
14,104,104,1998,40,-25,45,-15,7
15,112,112,1998,40,-25,45,-15,7
16,120,120,1998,40,-25,45,-15,7
17,128,128,1998,40,-25,45,-15,7
18,136,136,1998,40,-25,45,-15,7
19,144,144,1998,40,-25,45,-15,7
20,152,152,1998,40,-25,45,-15,7
21,160,160,1998,40,-25,45,-15,7
22,168,168,1998,40,-25,45,-15,7
23,176,176,1998,40,-25,45,-15,7
24,184,184,1998,40,-25,45,-15,7
25,192,192,1998,40,-25,45,-15,7
26,200,200,1998,40,-25,45,-15,7
27,208,208,1998,40,-25,45,-15,7
28,216,216,1998,40,-25,45,-15,7
29,224,224,1998,40,-25,45,-15,7
30,232,232,1998,40,-25,45,-15,7
31,240,240,1998,40,-25,45,-15,7
32,248,248,1998,40,-25,45,-15,7
33,256,256,1998,40,-25,45,-15,7
34,264,264,1998,40,-25,45,-15,7
35,272,272,1998,40,-25,45,-15,7
36,280,280,1998,40,-25,45,-15,7
37,288,288,1998,40,-25,45,-15,7
38,296,296,1998,40,-25,45,-15,7
39,304,304,1998,40,-25,45,-15,7
40,312,312,1998,40,-25,45,-15,7
41,320,320,1998,40,-25,45,-15,7
42,328,328,1998,40,-25,45,-15,7
43,336,336,1998,40,-25,45,-15,7
44,344,344,1998,40,-25,45,-15,7
45,352,352,1998,40,-25,45,-15,7
46,360,360,1998,40,-25,45,-15,7
47,366,1,1999,40,-25,45,-15,7
48,373,8,1999,40,-25,45,-15,7
49,381,16,1999,40,-25,45,-15,7
50,389,24,1999,40,-25,45,-15,7
51,397,32,1999,40,-25,45,-15,7
52,405,40,1999,40,-25,45,-15,7
53,413,48,1999,40,-25,45,-15,7
54,421,56,1999,40,-25,45,-15,7
55,429,64,1999,40,-25,45,-15,7
56,437,72,1999,40,-25,45,-15,7
57,445,80,1999,40,-25,45,-15,7
58,453,88,1999,40,-25,45,-15,7
59,461,96,1999,40,-25,45,-15,7
60,469,104,1999,40,-25,45,-15,7
61,477,112,1999,40,-25,45,-15,7
62,485,120,1999,40,-25,45,-15,7
63,493,128,1999,40,-25,45,-15,7
64,501,136,1999,40,-25,45,-15,7
65,509,144,1999,40,-25,45,-15,7
66,517,152,1999,40,-25,45,-15,7
67,525,160,1999,40,-25,45,-15,7
68,533,168,1999,40,-25,45,-15,7
69,541,176,1999,40,-25,45,-15,7
70,549,184,1999,40,-25,45,-15,7
71,557,192,1999,40,-25,45,-15,7
72,565,200,1999,40,-25,45,-15,7
73,573,208,1999,40,-25,45,-15,7
74,581,216,1999,40,-25,45,-15,7
75,589,224,1999,40,-25,45,-15,7
76,597,232,1999,40,-25,45,-15,7
77,605,240,1999,40,-25,45,-15,7
78,613,248,1999,40,-25,45,-15,7
79,621,256,1999,40,-25,45,-15,7
80,629,264,1999,40,-25,45,-15,7
81,637,272,1999,40,-25,45,-15,7
82,645,280,1999,40,-25,45,-15,7
83,653,288,1999,40,-25,45,-15,7
84,661,296,1999,40,-25,45,-15,7
85,669,304,1999,40,-25,45,-15,7
86,677,312,1999,40,-25,45,-15,7
87,685,320,1999,40,-25,45,-15,7
88,693,328,1999,40,-25,45,-15,7
89,701,336,1999,40,-25,45,-15,7
90,709,344,1999,40,-25,45,-15,7
91,717,352,1999,40,-25,45,-15,7
92,725,360,1999,40,-25,45,-15,7
93,732,1,2000,40,-25,45,-15,7
94,739,8,2000,40,-25,45,-15,7
95,747,16,2000,40,-25,45,-15,7
96,755,24,2000,40,-25,45,-15,7
97,763,32,2000,40,-25,45,-15,7
98,771,40,2000,40,-25,45,-15,7
99,779,48,2000,40,-25,45,-15,7
100,787,56,2000,40,-25,45,-15,7
101,795,64,2000,40,-25,45,-15,7
102,803,72,2000,40,-25,45,-15,7
103,811,80,2000,40,-25,45,-15,7
104,819,88,2000,40,-25,45,-15,7
105,827,96,2000,40,-25,45,-15,7
106,835,104,2000,40,-25,45,-15,7
107,843,112,2000,40,-25,45,-15,7
108,851,120,2000,40,-25,45,-15,7
109,859,128,2000,40,-25,45,-15,7
110,867,136,2000,40,-25,45,-15,7
111,875,144,2000,40,-25,45,-15,7
112,883,152,2000,40,-25,45,-15,7
113,891,160,2000,40,-25,45,-15,7
114,899,168,2000,40,-25,45,-15,7
115,907,176,2000,40,-25,45,-15,7
116,915,184,2000,40,-25,45,-15,7
117,923,192,2000,40,-25,45,-15,7
118,931,200,2000,40,-25,45,-15,7
119,939,208,2000,40,-25,45,-15,7
120,947,216,2000,40,-25,45,-15,7
121,955,224,2000,40,-25,45,-15,7
122,963,232,2000,40,-25,45,-15,7
123,971,240,2000,40,-25,45,-15,7
124,979,248,2000,40,-25,45,-15,7
125,987,256,2000,40,-25,45,-15,7
126,995,264,2000,40,-25,45,-15,7
127,1003,272,2000,40,-25,45,-15,7
128,1011,280,2000,40,-25,45,-15,7
129,1019,288,2000,40,-25,45,-15,7
130,1027,296,2000,40,-25,45,-15,7
131,1035,304,2000,40,-25,45,-15,7
132,1043,312,2000,40,-25,45,-15,7
133,1051,320,2000,40,-25,45,-15,7
134,1059,328,2000,40,-25,45,-15,7
135,1067,336,2000,40,-25,45,-15,7
136,1075,344,2000,40,-25,45,-15,7
137,1083,352,2000,40,-25,45,-15,7
138,1091,360,2000,40,-25,45,-15,7
139,1097,1,2001,40,-25,45,-15,7
140,1104,8,2001,40,-25,45,-15,7
141,1112,16,2001,40,-25,45,-15,7
142,1120,24,2001,40,-25,45,-15,7
143,1128,32,2001,40,-25,45,-15,7
144,1136,40,2001,40,-25,45,-15,7
145,1144,48,2001,40,-25,45,-15,7
146,1152,56,2001,40,-25,45,-15,7
147,1160,64,2001,40,-25,45,-15,7
148,1168,72,2001,40,-25,45,-15,7
149,1176,80,2001,40,-25,45,-15,7
150,1184,88,2001,40,-25,45,-15,7
151,1192,96,2001,40,-25,45,-15,7
152,1200,104,2001,40,-25,45,-15,7
153,1208,112,2001,40,-25,45,-15,7
154,1216,120,2001,40,-25,45,-15,7
155,1224,128,2001,40,-25,45,-15,7
156,1232,136,2001,40,-25,45,-15,7
157,1240,144,2001,40,-25,45,-15,7
158,1248,152,2001,40,-25,45,-15,7
159,1256,160,2001,40,-25,45,-15,7
160,1264,168,2001,40,-25,45,-15,7
161,1272,176,2001,40,-25,45,-15,7
162,1280,184,2001,40,-25,45,-15,7
163,1288,192,2001,40,-25,45,-15,7
164,1296,200,2001,40,-25,45,-15,7
165,1304,208,2001,40,-25,45,-15,7
166,1312,216,2001,40,-25,45,-15,7
167,1320,224,2001,40,-25,45,-15,7
168,1328,232,2001,40,-25,45,-15,7
169,1336,240,2001,40,-25,45,-15,7
170,1344,248,2001,40,-25,45,-15,7
171,1352,256,2001,40,-25,45,-15,7
172,1360,264,2001,40,-25,45,-15,7
173,1368,272,2001,40,-25,45,-15,7
174,1376,280,2001,40,-25,45,-15,7
175,1384,288,2001,40,-25,45,-15,7
176,1392,296,2001,40,-25,45,-15,7
177,1400,304,2001,40,-25,45,-15,7
178,1408,312,2001,40,-25,45,-15,7
179,1416,320,2001,40,-25,45,-15,7
180,1424,328,2001,40,-25,45,-15,7
181,1432,336,2001,40,-25,45,-15,7
182,1440,344,2001,40,-25,45,-15,7
183,1448,352,2001,40,-25,45,-15,7
184,1456,360,2001,40,-25,45,-15,7
185,1462,1,2002,40,-25,45,-15,7
186,1469,8,2002,40,-25,45,-15,7
187,1477,16,2002,40,-25,45,-15,7
188,1485,24,2002,40,-25,45,-15,7
189,1493,32,2002,40,-25,45,-15,7
190,1501,40,2002,40,-25,45,-15,7
191,1509,48,2002,40,-25,45,-15,7
192,1517,56,2002,40,-25,45,-15,7
193,1525,64,2002,40,-25,45,-15,7
194,1533,72,2002,40,-25,45,-15,7
195,1541,80,2002,40,-25,45,-15,7
196,1549,88,2002,40,-25,45,-15,7
197,1557,96,2002,40,-25,45,-15,7
198,1565,104,2002,40,-25,45,-15,7
199,1573,112,2002,40,-25,45,-15,7
200,1581,120,2002,40,-25,45,-15,7
201,1589,128,2002,40,-25,45,-15,7
202,1597,136,2002,40,-25,45,-15,7
203,1605,144,2002,40,-25,45,-15,7
204,1613,152,2002,40,-25,45,-15,7
205,1621,160,2002,40,-25,45,-15,7
206,1629,168,2002,40,-25,45,-15,7
207,1637,176,2002,40,-25,45,-15,7
208,1645,184,2002,40,-25,45,-15,7
209,1653,192,2002,40,-25,45,-15,7
210,1661,200,2002,40,-25,45,-15,7
211,1669,208,2002,40,-25,45,-15,7
212,1677,216,2002,40,-25,45,-15,7
213,1685,224,2002,40,-25,45,-15,7
214,1693,232,2002,40,-25,45,-15,7
215,1701,240,2002,40,-25,45,-15,7
216,1709,248,2002,40,-25,45,-15,7
217,1717,256,2002,40,-25,45,-15,7
218,1725,264,2002,40,-25,45,-15,7
219,1733,272,2002,40,-25,45,-15,7
220,1741,280,2002,40,-25,45,-15,7
221,1749,288,2002,40,-25,45,-15,7
222,1757,296,2002,40,-25,45,-15,7
223,1765,304,2002,40,-25,45,-15,7
224,1773,312,2002,40,-25,45,-15,7
225,1781,320,2002,40,-25,45,-15,7
226,1789,328,2002,40,-25,45,-15,7
227,1797,336,2002,40,-25,45,-15,7
228,1805,344,2002,40,-25,45,-15,7
229,1813,352,2002,40,-25,45,-15,7
230,1821,360,2002,40,-25,45,-15,7
1,1,1,1998,45,-25,50,-15,8
2,8,8,1998,45,-25,50,-15,8
3,16,16,1998,45,-25,50,-15,8
4,24,24,1998,45,-25,50,-15,8
5,32,32,1998,45,-25,50,-15,8
6,40,40,1998,45,-25,50,-15,8
7,48,48,1998,45,-25,50,-15,8
8,56,56,1998,45,-25,50,-15,8
9,64,64,1998,45,-25,50,-15,8
10,72,72,1998,45,-25,50,-15,8
11,80,80,1998,45,-25,50,-15,8
12,88,88,1998,45,-25,50,-15,8
13,96,96,1998,45,-25,50,-15,8
14,104,104,1998,45,-25,50,-15,8
15,112,112,1998,45,-25,50,-15,8
16,120,120,1998,45,-25,50,-15,8
17,128,128,1998,45,-25,50,-15,8
18,136,136,1998,45,-25,50,-15,8
19,144,144,1998,45,-25,50,-15,8
20,152,152,1998,45,-25,50,-15,8
21,160,160,1998,45,-25,50,-15,8
22,168,168,1998,45,-25,50,-15,8
23,176,176,1998,45,-25,50,-15,8
24,184,184,1998,45,-25,50,-15,8
25,192,192,1998,45,-25,50,-15,8
26,200,200,1998,45,-25,50,-15,8
27,208,208,1998,45,-25,50,-15,8
28,216,216,1998,45,-25,50,-15,8
29,224,224,1998,45,-25,50,-15,8
30,232,232,1998,45,-25,50,-15,8
31,240,240,1998,45,-25,50,-15,8
32,248,248,1998,45,-25,50,-15,8
33,256,256,1998,45,-25,50,-15,8
34,264,264,1998,45,-25,50,-15,8
35,272,272,1998,45,-25,50,-15,8
36,280,280,1998,45,-25,50,-15,8
37,288,288,1998,45,-25,50,-15,8
38,296,296,1998,45,-25,50,-15,8
39,304,304,1998,45,-25,50,-15,8
40,312,312,1998,45,-25,50,-15,8
41,320,320,1998,45,-25,50,-15,8
42,328,328,1998,45,-25,50,-15,8
43,336,336,1998,45,-25,50,-15,8
44,344,344,1998,45,-25,50,-15,8
45,352,352,1998,45,-25,50,-15,8
46,360,360,1998,45,-25,50,-15,8
47,366,1,1999,45,-25,50,-15,8
48,373,8,1999,45,-25,50,-15,8
49,381,16,1999,45,-25,50,-15,8
50,389,24,1999,45,-25,50,-15,8
51,397,32,1999,45,-25,50,-15,8
52,405,40,1999,45,-25,50,-15,8
53,413,48,1999,45,-25,50,-15,8
54,421,56,1999,45,-25,50,-15,8
55,429,64,1999,45,-25,50,-15,8
56,437,72,1999,45,-25,50,-15,8
57,445,80,1999,45,-25,50,-15,8
58,453,88,1999,45,-25,50,-15,8
59,461,96,1999,45,-25,50,-15,8
60,469,104,1999,45,-25,50,-15,8
61,477,112,1999,45,-25,50,-15,8
62,485,120,1999,45,-25,50,-15,8
63,493,128,1999,45,-25,50,-15,8
64,501,136,1999,45,-25,50,-15,8
65,509,144,1999,45,-25,50,-15,8
66,517,152,1999,45,-25,50,-15,8
67,525,160,1999,45,-25,50,-15,8
68,533,168,1999,45,-25,50,-15,8
69,541,176,1999,45,-25,50,-15,8
70,549,184,1999,45,-25,50,-15,8
71,557,192,1999,45,-25,50,-15,8
72,565,200,1999,45,-25,50,-15,8
73,573,208,1999,45,-25,50,-15,8
74,581,216,1999,45,-25,50,-15,8
75,589,224,1999,45,-25,50,-15,8
76,597,232,1999,45,-25,50,-15,8
77,605,240,1999,45,-25,50,-15,8
78,613,248,1999,45,-25,50,-15,8
79,621,256,1999,45,-25,50,-15,8
80,629,264,1999,45,-25,50,-15,8
81,637,272,1999,45,-25,50,-15,8
82,645,280,1999,45,-25,50,-15,8
83,653,288,1999,45,-25,50,-15,8
84,661,296,1999,45,-25,50,-15,8
85,669,304,1999,45,-25,50,-15,8
86,677,312,1999,45,-25,50,-15,8
87,685,320,1999,45,-25,50,-15,8
88,693,328,1999,45,-25,50,-15,8
89,701,336,1999,45,-25,50,-15,8
90,709,344,1999,45,-25,50,-15,8
91,717,352,1999,45,-25,50,-15,8
92,725,360,1999,45,-25,50,-15,8
93,732,1,2000,45,-25,50,-15,8
94,739,8,2000,45,-25,50,-15,8
95,747,16,2000,45,-25,50,-15,8
96,755,24,2000,45,-25,50,-15,8
97,763,32,2000,45,-25,50,-15,8
98,771,40,2000,45,-25,50,-15,8
99,779,48,2000,45,-25,50,-15,8
100,787,56,2000,45,-25,50,-15,8
101,795,64,2000,45,-25,50,-15,8
102,803,72,2000,45,-25,50,-15,8
103,811,80,2000,45,-25,50,-15,8
104,819,88,2000,45,-25,50,-15,8
105,827,96,2000,45,-25,50,-15,8
106,835,104,2000,45,-25,50,-15,8
107,843,112,2000,45,-25,50,-15,8
108,851,120,2000,45,-25,50,-15,8
109,859,128,2000,45,-25,50,-15,8
110,867,136,2000,45,-25,50,-15,8
111,875,144,2000,45,-25,50,-15,8
112,883,152,2000,45,-25,50,-15,8
113,891,160,2000,45,-25,50,-15,8
114,899,168,2000,45,-25,50,-15,8
115,907,176,2000,45,-25,50,-15,8
116,915,184,2000,45,-25,50,-15,8
117,923,192,2000,45,-25,50,-15,8
118,931,200,2000,45,-25,50,-15,8
119,939,208,2000,45,-25,50,-15,8
120,947,216,2000,45,-25,50,-15,8
121,955,224,2000,45,-25,50,-15,8
122,963,232,2000,45,-25,50,-15,8
123,971,240,2000,45,-25,50,-15,8
124,979,248,2000,45,-25,50,-15,8
125,987,256,2000,45,-25,50,-15,8
126,995,264,2000,45,-25,50,-15,8
127,1003,272,2000,45,-25,50,-15,8
128,1011,280,2000,45,-25,50,-15,8
129,1019,288,2000,45,-25,50,-15,8
130,1027,296,2000,45,-25,50,-15,8
131,1035,304,2000,45,-25,50,-15,8
132,1043,312,2000,45,-25,50,-15,8
133,1051,320,2000,45,-25,50,-15,8
134,1059,328,2000,45,-25,50,-15,8
135,1067,336,2000,45,-25,50,-15,8
136,1075,344,2000,45,-25,50,-15,8
137,1083,352,2000,45,-25,50,-15,8
138,1091,360,2000,45,-25,50,-15,8
139,1097,1,2001,45,-25,50,-15,8
140,1104,8,2001,45,-25,50,-15,8
141,1112,16,2001,45,-25,50,-15,8
142,1120,24,2001,45,-25,50,-15,8
143,1128,32,2001,45,-25,50,-15,8
144,1136,40,2001,45,-25,50,-15,8
145,1144,48,2001,45,-25,50,-15,8
146,1152,56,2001,45,-25,50,-15,8
147,1160,64,2001,45,-25,50,-15,8
148,1168,72,2001,45,-25,50,-15,8
149,1176,80,2001,45,-25,50,-15,8
150,1184,88,2001,45,-25,50,-15,8
151,1192,96,2001,45,-25,50,-15,8
152,1200,104,2001,45,-25,50,-15,8
153,1208,112,2001,45,-25,50,-15,8
154,1216,120,2001,45,-25,50,-15,8
155,1224,128,2001,45,-25,50,-15,8
156,1232,136,2001,45,-25,50,-15,8
157,1240,144,2001,45,-25,50,-15,8
158,1248,152,2001,45,-25,50,-15,8
159,1256,160,2001,45,-25,50,-15,8
160,1264,168,2001,45,-25,50,-15,8
161,1272,176,2001,45,-25,50,-15,8
162,1280,184,2001,45,-25,50,-15,8
163,1288,192,2001,45,-25,50,-15,8
164,1296,200,2001,45,-25,50,-15,8
165,1304,208,2001,45,-25,50,-15,8
166,1312,216,2001,45,-25,50,-15,8
167,1320,224,2001,45,-25,50,-15,8
168,1328,232,2001,45,-25,50,-15,8
169,1336,240,2001,45,-25,50,-15,8
170,1344,248,2001,45,-25,50,-15,8
171,1352,256,2001,45,-25,50,-15,8
172,1360,264,2001,45,-25,50,-15,8
173,1368,272,2001,45,-25,50,-15,8
174,1376,280,2001,45,-25,50,-15,8
175,1384,288,2001,45,-25,50,-15,8
176,1392,296,2001,45,-25,50,-15,8
177,1400,304,2001,45,-25,50,-15,8
178,1408,312,2001,45,-25,50,-15,8
179,1416,320,2001,45,-25,50,-15,8
180,1424,328,2001,45,-25,50,-15,8
181,1432,336,2001,45,-25,50,-15,8
182,1440,344,2001,45,-25,50,-15,8
183,1448,352,2001,45,-25,50,-15,8
184,1456,360,2001,45,-25,50,-15,8
185,1462,1,2002,45,-25,50,-15,8
186,1469,8,2002,45,-25,50,-15,8
187,1477,16,2002,45,-25,50,-15,8
188,1485,24,2002,45,-25,50,-15,8
189,1493,32,2002,45,-25,50,-15,8
190,1501,40,2002,45,-25,50,-15,8
191,1509,48,2002,45,-25,50,-15,8
192,1517,56,2002,45,-25,50,-15,8
193,1525,64,2002,45,-25,50,-15,8
194,1533,72,2002,45,-25,50,-15,8
195,1541,80,2002,45,-25,50,-15,8
196,1549,88,2002,45,-25,50,-15,8
197,1557,96,2002,45,-25,50,-15,8
198,1565,104,2002,45,-25,50,-15,8
199,1573,112,2002,45,-25,50,-15,8
200,1581,120,2002,45,-25,50,-15,8
201,1589,128,2002,45,-25,50,-15,8
202,1597,136,2002,45,-25,50,-15,8
203,1605,144,2002,45,-25,50,-15,8
204,1613,152,2002,45,-25,50,-15,8
205,1621,160,2002,45,-25,50,-15,8
206,1629,168,2002,45,-25,50,-15,8
207,1637,176,2002,45,-25,50,-15,8
208,1645,184,2002,45,-25,50,-15,8
209,1653,192,2002,45,-25,50,-15,8
210,1661,200,2002,45,-25,50,-15,8
211,1669,208,2002,45,-25,50,-15,8
212,1677,216,2002,45,-25,50,-15,8
213,1685,224,2002,45,-25,50,-15,8
214,1693,232,2002,45,-25,50,-15,8
215,1701,240,2002,45,-25,50,-15,8
216,1709,248,2002,45,-25,50,-15,8
217,1717,256,2002,45,-25,50,-15,8
218,1725,264,2002,45,-25,50,-15,8
219,1733,272,2002,45,-25,50,-15,8
220,1741,280,2002,45,-25,50,-15,8
221,1749,288,2002,45,-25,50,-15,8
222,1757,296,2002,45,-25,50,-15,8
223,1765,304,2002,45,-25,50,-15,8
224,1773,312,2002,45,-25,50,-15,8
225,1781,320,2002,45,-25,50,-15,8
226,1789,328,2002,45,-25,50,-15,8
227,1797,336,2002,45,-25,50,-15,8
228,1805,344,2002,45,-25,50,-15,8
229,1813,352,2002,45,-25,50,-15,8
230,1821,360,2002,45,-25,50,-15,8
1,1,1,1998,50,-25,55,-15,9
2,8,8,1998,50,-25,55,-15,9
3,16,16,1998,50,-25,55,-15,9
4,24,24,1998,50,-25,55,-15,9
5,32,32,1998,50,-25,55,-15,9
6,40,40,1998,50,-25,55,-15,9
7,48,48,1998,50,-25,55,-15,9
8,56,56,1998,50,-25,55,-15,9
9,64,64,1998,50,-25,55,-15,9
10,72,72,1998,50,-25,55,-15,9
11,80,80,1998,50,-25,55,-15,9
12,88,88,1998,50,-25,55,-15,9
13,96,96,1998,50,-25,55,-15,9
14,104,104,1998,50,-25,55,-15,9
15,112,112,1998,50,-25,55,-15,9
16,120,120,1998,50,-25,55,-15,9
17,128,128,1998,50,-25,55,-15,9
18,136,136,1998,50,-25,55,-15,9
19,144,144,1998,50,-25,55,-15,9
20,152,152,1998,50,-25,55,-15,9
21,160,160,1998,50,-25,55,-15,9
22,168,168,1998,50,-25,55,-15,9
23,176,176,1998,50,-25,55,-15,9
24,184,184,1998,50,-25,55,-15,9
25,192,192,1998,50,-25,55,-15,9
26,200,200,1998,50,-25,55,-15,9
27,208,208,1998,50,-25,55,-15,9
28,216,216,1998,50,-25,55,-15,9
29,224,224,1998,50,-25,55,-15,9
30,232,232,1998,50,-25,55,-15,9
31,240,240,1998,50,-25,55,-15,9
32,248,248,1998,50,-25,55,-15,9
33,256,256,1998,50,-25,55,-15,9
34,264,264,1998,50,-25,55,-15,9
35,272,272,1998,50,-25,55,-15,9
36,280,280,1998,50,-25,55,-15,9
37,288,288,1998,50,-25,55,-15,9
38,296,296,1998,50,-25,55,-15,9
39,304,304,1998,50,-25,55,-15,9
40,312,312,1998,50,-25,55,-15,9
41,320,320,1998,50,-25,55,-15,9
42,328,328,1998,50,-25,55,-15,9
43,336,336,1998,50,-25,55,-15,9
44,344,344,1998,50,-25,55,-15,9
45,352,352,1998,50,-25,55,-15,9
46,360,360,1998,50,-25,55,-15,9
47,366,1,1999,50,-25,55,-15,9
48,373,8,1999,50,-25,55,-15,9
49,381,16,1999,50,-25,55,-15,9
50,389,24,1999,50,-25,55,-15,9
51,397,32,1999,50,-25,55,-15,9
52,405,40,1999,50,-25,55,-15,9
53,413,48,1999,50,-25,55,-15,9
54,421,56,1999,50,-25,55,-15,9
55,429,64,1999,50,-25,55,-15,9
56,437,72,1999,50,-25,55,-15,9
57,445,80,1999,50,-25,55,-15,9
58,453,88,1999,50,-25,55,-15,9
59,461,96,1999,50,-25,55,-15,9
60,469,104,1999,50,-25,55,-15,9
61,477,112,1999,50,-25,55,-15,9
62,485,120,1999,50,-25,55,-15,9
63,493,128,1999,50,-25,55,-15,9
64,501,136,1999,50,-25,55,-15,9
65,509,144,1999,50,-25,55,-15,9
66,517,152,1999,50,-25,55,-15,9
67,525,160,1999,50,-25,55,-15,9
68,533,168,1999,50,-25,55,-15,9
69,541,176,1999,50,-25,55,-15,9
70,549,184,1999,50,-25,55,-15,9
71,557,192,1999,50,-25,55,-15,9
72,565,200,1999,50,-25,55,-15,9
73,573,208,1999,50,-25,55,-15,9
74,581,216,1999,50,-25,55,-15,9
75,589,224,1999,50,-25,55,-15,9
76,597,232,1999,50,-25,55,-15,9
77,605,240,1999,50,-25,55,-15,9
78,613,248,1999,50,-25,55,-15,9
79,621,256,1999,50,-25,55,-15,9
80,629,264,1999,50,-25,55,-15,9
81,637,272,1999,50,-25,55,-15,9
82,645,280,1999,50,-25,55,-15,9
83,653,288,1999,50,-25,55,-15,9
84,661,296,1999,50,-25,55,-15,9
85,669,304,1999,50,-25,55,-15,9
86,677,312,1999,50,-25,55,-15,9
87,685,320,1999,50,-25,55,-15,9
88,693,328,1999,50,-25,55,-15,9
89,701,336,1999,50,-25,55,-15,9
90,709,344,1999,50,-25,55,-15,9
91,717,352,1999,50,-25,55,-15,9
92,725,360,1999,50,-25,55,-15,9
93,732,1,2000,50,-25,55,-15,9
94,739,8,2000,50,-25,55,-15,9
95,747,16,2000,50,-25,55,-15,9
96,755,24,2000,50,-25,55,-15,9
97,763,32,2000,50,-25,55,-15,9
98,771,40,2000,50,-25,55,-15,9
99,779,48,2000,50,-25,55,-15,9
100,787,56,2000,50,-25,55,-15,9
101,795,64,2000,50,-25,55,-15,9
102,803,72,2000,50,-25,55,-15,9
103,811,80,2000,50,-25,55,-15,9
104,819,88,2000,50,-25,55,-15,9
105,827,96,2000,50,-25,55,-15,9
106,835,104,2000,50,-25,55,-15,9
107,843,112,2000,50,-25,55,-15,9
108,851,120,2000,50,-25,55,-15,9
109,859,128,2000,50,-25,55,-15,9
110,867,136,2000,50,-25,55,-15,9
111,875,144,2000,50,-25,55,-15,9
112,883,152,2000,50,-25,55,-15,9
113,891,160,2000,50,-25,55,-15,9
114,899,168,2000,50,-25,55,-15,9
115,907,176,2000,50,-25,55,-15,9
116,915,184,2000,50,-25,55,-15,9
117,923,192,2000,50,-25,55,-15,9
118,931,200,2000,50,-25,55,-15,9
119,939,208,2000,50,-25,55,-15,9
120,947,216,2000,50,-25,55,-15,9
121,955,224,2000,50,-25,55,-15,9
122,963,232,2000,50,-25,55,-15,9
123,971,240,2000,50,-25,55,-15,9
124,979,248,2000,50,-25,55,-15,9
125,987,256,2000,50,-25,55,-15,9
126,995,264,2000,50,-25,55,-15,9
127,1003,272,2000,50,-25,55,-15,9
128,1011,280,2000,50,-25,55,-15,9
129,1019,288,2000,50,-25,55,-15,9
130,1027,296,2000,50,-25,55,-15,9
131,1035,304,2000,50,-25,55,-15,9
132,1043,312,2000,50,-25,55,-15,9
133,1051,320,2000,50,-25,55,-15,9
134,1059,328,2000,50,-25,55,-15,9
135,1067,336,2000,50,-25,55,-15,9
136,1075,344,2000,50,-25,55,-15,9
137,1083,352,2000,50,-25,55,-15,9
138,1091,360,2000,50,-25,55,-15,9
139,1097,1,2001,50,-25,55,-15,9
140,1104,8,2001,50,-25,55,-15,9
141,1112,16,2001,50,-25,55,-15,9
142,1120,24,2001,50,-25,55,-15,9
143,1128,32,2001,50,-25,55,-15,9
144,1136,40,2001,50,-25,55,-15,9
145,1144,48,2001,50,-25,55,-15,9
146,1152,56,2001,50,-25,55,-15,9
147,1160,64,2001,50,-25,55,-15,9
148,1168,72,2001,50,-25,55,-15,9
149,1176,80,2001,50,-25,55,-15,9
150,1184,88,2001,50,-25,55,-15,9
151,1192,96,2001,50,-25,55,-15,9
152,1200,104,2001,50,-25,55,-15,9
153,1208,112,2001,50,-25,55,-15,9
154,1216,120,2001,50,-25,55,-15,9
155,1224,128,2001,50,-25,55,-15,9
156,1232,136,2001,50,-25,55,-15,9
157,1240,144,2001,50,-25,55,-15,9
158,1248,152,2001,50,-25,55,-15,9
159,1256,160,2001,50,-25,55,-15,9
160,1264,168,2001,50,-25,55,-15,9
161,1272,176,2001,50,-25,55,-15,9
162,1280,184,2001,50,-25,55,-15,9
163,1288,192,2001,50,-25,55,-15,9
164,1296,200,2001,50,-25,55,-15,9
165,1304,208,2001,50,-25,55,-15,9
166,1312,216,2001,50,-25,55,-15,9
167,1320,224,2001,50,-25,55,-15,9
168,1328,232,2001,50,-25,55,-15,9
169,1336,240,2001,50,-25,55,-15,9
170,1344,248,2001,50,-25,55,-15,9
171,1352,256,2001,50,-25,55,-15,9
172,1360,264,2001,50,-25,55,-15,9
173,1368,272,2001,50,-25,55,-15,9
174,1376,280,2001,50,-25,55,-15,9
175,1384,288,2001,50,-25,55,-15,9
176,1392,296,2001,50,-25,55,-15,9
177,1400,304,2001,50,-25,55,-15,9
178,1408,312,2001,50,-25,55,-15,9
179,1416,320,2001,50,-25,55,-15,9
180,1424,328,2001,50,-25,55,-15,9
181,1432,336,2001,50,-25,55,-15,9
182,1440,344,2001,50,-25,55,-15,9
183,1448,352,2001,50,-25,55,-15,9
184,1456,360,2001,50,-25,55,-15,9
185,1462,1,2002,50,-25,55,-15,9
186,1469,8,2002,50,-25,55,-15,9
187,1477,16,2002,50,-25,55,-15,9
188,1485,24,2002,50,-25,55,-15,9
189,1493,32,2002,50,-25,55,-15,9
190,1501,40,2002,50,-25,55,-15,9
191,1509,48,2002,50,-25,55,-15,9
192,1517,56,2002,50,-25,55,-15,9
193,1525,64,2002,50,-25,55,-15,9
194,1533,72,2002,50,-25,55,-15,9
195,1541,80,2002,50,-25,55,-15,9
196,1549,88,2002,50,-25,55,-15,9
197,1557,96,2002,50,-25,55,-15,9
198,1565,104,2002,50,-25,55,-15,9
199,1573,112,2002,50,-25,55,-15,9
200,1581,120,2002,50,-25,55,-15,9
201,1589,128,2002,50,-25,55,-15,9
202,1597,136,2002,50,-25,55,-15,9
203,1605,144,2002,50,-25,55,-15,9
204,1613,152,2002,50,-25,55,-15,9
205,1621,160,2002,50,-25,55,-15,9
206,1629,168,2002,50,-25,55,-15,9
207,1637,176,2002,50,-25,55,-15,9
208,1645,184,2002,50,-25,55,-15,9
209,1653,192,2002,50,-25,55,-15,9
210,1661,200,2002,50,-25,55,-15,9
211,1669,208,2002,50,-25,55,-15,9
212,1677,216,2002,50,-25,55,-15,9
213,1685,224,2002,50,-25,55,-15,9
214,1693,232,2002,50,-25,55,-15,9
215,1701,240,2002,50,-25,55,-15,9
216,1709,248,2002,50,-25,55,-15,9
217,1717,256,2002,50,-25,55,-15,9
218,1725,264,2002,50,-25,55,-15,9
219,1733,272,2002,50,-25,55,-15,9
220,1741,280,2002,50,-25,55,-15,9
221,1749,288,2002,50,-25,55,-15,9
222,1757,296,2002,50,-25,55,-15,9
223,1765,304,2002,50,-25,55,-15,9
224,1773,312,2002,50,-25,55,-15,9
225,1781,320,2002,50,-25,55,-15,9
226,1789,328,2002,50,-25,55,-15,9
227,1797,336,2002,50,-25,55,-15,9
228,1805,344,2002,50,-25,55,-15,9
229,1813,352,2002,50,-25,55,-15,9
230,1821,360,2002,50,-25,55,-15,9
