index,t,days,siteID,lpC,sdlpC,mld,dmld,N0,light,rPC,sdrPC,zeu,sdzeu,pgr,latitude,lpC_median,lpC_lb95,lpC_ub95,lpC_lb68,lpC_ub68
1,1,1,8,2.36556379649006,0.940503131355263,165.604297664166,0.963986465936458,14.161156875,27.2505060496447,-0.0692228794805931,0.140941343947515,60.2896509152445,4.22207924865496,0,47.5,2.36556379649006,0.522177659033745,4.20894993394638,1.4250606651348,3.30606692784532
2,8,8,8,2.36556379649006,0.940503131355263,165.604297664166,1.15211923989433,14.161156875,27.2505060496447,-0.0692228794805931,0.140941343947515,60.2896509152445,4.22207924865496,-0.00836960683147624,47.5,2.36556379649006,0.522177659033745,4.20894993394638,1.4250606651348,3.30606692784532
3,16,16,8,1.68804872165674,1.28013521444707,188.739972846641,1.34025200765442,14.161156875,30.1774249317945,0.0343179893325734,0.199954819465317,62.8522501114864,5.85722375022758,-0.0415546713220932,47.5,1.68804872165674,-0.821016298659517,4.197113741973,0.40791350720967,2.96818393610381
4,24,24,8,2.01028304094476,1.06237080215012,193.25515942163,0.564398316169751,14.161156875,26.5468041233535,-0.102442081320302,0.199060749327405,64.0165644580132,5.71081569092072,0.0152715337996692,47.5,2.01028304094476,-0.071963731269475,4.092529813159,0.94791223879464,3.07265384309488
5,32,32,8,1.19074639038234,1.40888296564854,197.770345847872,0.479968071058375,14.161156875,43.716465298993,0.0993136473720168,0.210318543385481,67.0095048094134,5.80208418704812,-0.0169727912709759,47.5,1.19074639038234,-1.5706642222888,3.95215700305348,-0.2181365752662,2.59962935603088
6,40,40,8,1.98525556935848,1.14319254118622,202.285532434715,0.142247111789042,14.161156875,32.7647668731042,-0.0550271231778933,0.168634328758672,64.4485840553714,5.03607704519822,0.0450494988079169,47.5,1.98525556935848,-0.255401811366511,4.22591295008347,0.84206302817226,3.1284481105447
7,48,48,8,1.54503858393533,0.86783945699681,204.774393127031,-0.195473859514333,14.161156875,54.2875651197842,0.0865116767648276,0.136450941676383,58.8312106255365,4.2828421033468,0.00560982672365824,47.5,1.54503858393533,-0.155926751778418,3.24600391964908,0.67719912693852,2.41287804093214
8,56,56,8,2.23713199805395,0.859669479438321,201.184276530809,-0.44876456317525,14.161156875,45.6975571148611,-0.0161836516124047,0.14737369888342,58.3165650682322,4.32431999756028,0.0219397638220525,47.5,2.23713199805395,0.552179818354841,3.92208417775306,1.37746251861563,3.09680147749227
9,64,64,8,2.10766278515471,0.911922866012249,197.594159806371,-0.0253899522705,14.161156875,57.0807445147362,-0.0045087336862659,0.159028351374544,60.8131159654929,4.92549335750198,0.0188118509815327,47.5,2.10766278515471,0.320293967770702,3.89503160253872,1.19573991914246,3.01958565116696
10,72,72,8,2.07159291566459,0.997072492290953,194.004043610825,0.539109522382999,14.161156875,64.8817897511789,0.0729643346182253,0.140802163549783,56.75837372515,6.2445359531546,0.0202335587616308,47.5,2.07159291566459,0.117330830774322,4.02585500055486,1.07452042337364,3.06866540795554
11,80,80,8,2.65530759261038,0.723198152005067,200.574917676317,1.10360898229538,14.161156875,63.0045590997698,-0.017975225008821,0.098408127285321,48.6245686147946,7.03633171973214,0.0347648214595707,47.5,2.65530759261038,1.23783921468045,4.07277597054031,1.93210944060531,3.37850574461545
12,88,88,8,2.51150579253982,0.65432929541708,210.532788343563,1.24473385085108,14.161156875,91.927935123281,0.0333083135417982,0.105498669330701,52.3285656091576,5.18382325317665,0.00912158168186386,47.5,2.51150579253982,1.22902037352234,3.7939912115573,1.85717649712274,3.1658350879569
13,96,96,8,2.7779723008742,0.676910691631069,220.490659185914,-1.17694150086633,14.161156875,74.4282331124761,0.000198218910147173,0.101501943966363,54.4368119130868,5.21187625269522,0.00334499790035034,47.5,2.7779723008742,1.4512273452773,4.1047172564711,2.10106160924313,3.45488299250527
14,104,104,8,2.77955805215538,0.562545126189983,230.448530096743,-3.94457047823683,14.161156875,82.5412820887366,-0.0292482796166513,0.102288532783507,55.8936719512284,5.5336953198735,-0.00598158793342583,47.5,2.77955805215538,1.67696960482301,3.88214649948775,2.2170129259654,3.34210317834536
15,112,112,8,2.54557181522217,0.664172893440911,182.286192322771,-6.71219945497536,14.161156875,116.392728998669,0.0111052969062266,0.10402869040434,55.2589629139177,5.65402026739662,-0.00108285931615084,47.5,2.54557181522217,1.24379294407798,3.84735068636636,1.88139892178126,3.20974470866308
16,120,120,8,2.63441419047198,0.593809473979834,125.82096770823,-6.76806498221088,14.161156875,87.8756721447427,0.0148944047619726,0.0945189301443832,53.6775091433861,5.48010713247031,0.0297493104714446,47.5,2.63441419047198,1.47054762147151,3.79828075947245,2.04060471649215,3.22822366445181
17,128,128,8,2.75356942856776,0.571134834223129,69.3557431773345,-4.44736024251208,14.161156875,150.919601153071,0.0632482297461354,0.0829682001878929,48.6723901470838,7.22087855945298,0.06239841754351,47.5,2.75356942856776,1.63414515349043,3.87299370364509,2.18243459434463,3.32470426279089
18,136,136,8,3.25955526653684,0.542055154085639,19.8526327497099,-2.12665550710426,14.161156875,131.279860594147,0.109052618122424,0.083634905896679,42.6803527435002,7.8425836787687,0.0552133338722071,47.5,3.25955526653684,2.19712716452899,4.32198336854469,2.7175001124512,3.80161042062248
19,144,144,8,4.13197621151622,0.564343999959918,19.0843218879402,-0.0960388583910709,14.161156875,156.185532150856,-0.00666084625193698,0.0682245909558769,33.2889202454193,7.39833557434175,0.02938231266954,47.5,4.13197621151622,3.02586197159478,5.23809045143766,3.5676322115563,4.69632021147614
20,152,152,8,4.07868944150073,0.467745254700962,18.3160110068322,-0.0941659349596333,14.161156875,115.543254740558,-0.0142448338618669,0.0566762098925153,34.4322926531901,7.23857677658991,-0.0102623439274204,47.5,4.07868944150073,3.16190874228684,4.99547014071462,3.61094418679977,4.54643469620169
21,160,160,8,3.9647307706058,0.458551959160673,17.5477001483242,-0.0866742345970166,14.161156875,174.802024578679,-0.00988135166845791,0.051536134639912,36.2594207659037,7.51724713439078,-0.00900080223324042,47.5,3.9647307706058,3.06596893065088,4.86349261056072,3.50617881144513,4.42328272976647
22,168,168,8,3.88567995725813,0.421852680489558,16.824339448909,-0.0791825356838041,14.161156875,100.529049416962,-0.00287622116939612,0.0519234435899975,35.7663425074687,7.141910202741,-0.0176784429758717,47.5,3.88567995725813,3.0588487034986,4.71251121101766,3.46382727676857,4.30753263774769
23,176,176,8,3.86267018790296,0.408062189698312,16.2358293765038,-0.0735637591427417,14.161156875,100.792482794791,-0.0402777560897595,0.0519989424682606,36.1822392098775,7.51941880230191,-0.0184777128279433,47.5,3.86267018790296,3.06286829609427,4.66247207971165,3.45460799820465,4.27073237760127
24,184,184,8,3.54044813918488,0.393752591474211,15.6473192919129,-0.0733524517687375,14.161156875,137.317536159513,-0.0122791612246747,0.0502301617567169,39.259912177838,7.3897200709461,-0.0287981745957321,47.5,3.54044813918488,2.76869305989543,4.31220321847433,3.14669554771067,3.93420073065909
25,192,192,8,3.44221484938749,0.364841371300498,15.0588092294832,-0.0729298359766208,14.161156875,111.102393312893,-0.0338376064727619,0.0489644436787834,41.2889294397836,7.20573329332102,-0.0171240026284425,47.5,3.44221484938749,2.72712576163851,4.15730393713647,3.07737347808699,3.80705622068799
26,200,200,8,3.17151399760539,0.429829833166899,14.4753705340541,-0.0725072207802,14.161156875,121.497725963328,-0.00525524018789144,0.0539597277432534,41.8706320927877,7.29454659371668,-0.0213560182129092,47.5,3.17151399760539,2.32904752459827,4.01398047061251,2.74168416443849,3.60134383077229
27,208,208,8,3.12947207610226,0.375397707365464,13.897003228474,-0.0722959131933709,14.161156875,139.125808026957,-0.0249752079780736,0.0533169297712853,42.3732704963622,7.50028092154243,-0.0133543382962146,47.5,3.12947207610226,2.39369256966595,3.86525158253857,2.7540743687368,3.50486978346772
28,216,216,8,2.92967041227767,0.416145179429923,13.3186359307584,-0.0154619665409417,14.161156875,141.415224997376,-0.00983256672267994,0.0520981741603287,46.0277850206367,7.35678459344433,-0.0176068591548733,47.5,2.92967041227767,2.11402586059502,3.74531496396032,2.51352523284775,3.34581559170759
29,224,224,8,2.85100987849624,0.407195603593369,12.7402686174132,0.0754723474145375,14.161156875,109.054998925846,-0.0180128027638677,0.055478241761112,47.3595427077021,6.94897090138946,-0.0186906388720396,47.5,2.85100987849624,2.05290649545324,3.64911326153924,2.44381427490287,3.25820548208961
30,232,232,8,2.7069074563853,0.452229694135361,13.5259160314914,0.166406662438613,14.161156875,105.990357707472,-0.0282265471295724,0.0537037197257978,49.7057587147095,6.19046389177913,-0.00994159052024083,47.5,2.7069074563853,1.82053725587999,3.59327765689061,2.25467776224994,3.15913715052066
31,240,240,8,2.48109507934872,0.389823589475226,15.1299722687073,0.200507030590888,14.161156875,96.8221191433291,0.0164145783327169,0.0642818148426492,51.8199986719096,6.12872486370291,0.00296263758427042,47.5,2.48109507934872,1.71704084397728,3.24514931472016,2.09127148987349,2.87091866882395
32,248,248,8,2.61241170601046,0.478358174016635,16.7340285159399,0.201306001319792,14.161156875,81.9477625863638,0.0206998815496661,0.0731176429915155,51.5390557966967,6.23086881675386,0.00389787513880626,47.5,2.61241170601046,1.67482968493786,3.54999372708306,2.13405353199383,3.0907698800271
33,256,256,8,2.77801075840779,0.444061727377433,18.3380847656727,0.202371295662596,14.161156875,123.386641164517,-0.0254208344659636,0.0777280651170872,46.117453449965,5.20832001061,0.00599615666043749,47.5,2.77801075840779,1.90764977274802,3.64837174406756,2.33394903103036,3.22207248578522
34,264,264,8,2.57464408268007,0.489766387474174,19.9613163003823,0.2034365903869,14.161156875,78.9197173318174,0.0227094228976107,0.0715604922984652,46.2364621568558,5.84753125591905,-0.00823178519399626,47.5,2.57464408268007,1.61470196323069,3.53458620212945,2.0848776952059,3.06441047015424
35,272,272,8,2.75631946586096,0.508679568736992,21.5909396118422,0.203702914122217,14.161156875,56.0572951558679,-0.0219839440136355,0.0745510234992887,48.7512557164832,5.43589934229915,0.00031822345777791,47.5,2.75631946586096,1.75930751113646,3.75333142058546,2.24763989712397,3.26499903459795
36,280,280,8,2.58044791375188,0.4914018136571,23.2205629349583,0.360122146971388,14.161156875,80.4413016710239,0.000229191489357227,0.0654176788850232,48.3722763348625,4.96288803254848,0.000847805110653737,47.5,2.58044791375188,1.61730035898396,3.5435954685198,2.08904610009478,3.07184972740898
37,288,288,8,2.58228144566674,0.40633472499144,24.8501862393155,0.516541378561546,14.161156875,61.1469359971118,0.0242981678562391,0.0701931641266876,49.9698207239977,5.72517760559422,-0.00257580376884958,47.5,2.58228144566674,1.78586538468352,3.37869750664996,2.1759467206753,2.98861617065818
38,296,296,8,2.77666678851665,0.477576711852264,30.2338711391555,0.672960611921904,14.161156875,49.8843879560653,-0.0322547706521457,0.0850693310479999,49.5862818108671,4.94874717229407,-0.00746130073457749,47.5,2.77666678851665,1.84061643328621,3.71271714374709,2.29909007666439,3.25424350036891
39,304,304,8,2.51862862329949,0.574523194649249,35.6175560204354,0.708433870153025,14.161156875,44.2416792067428,-0.014427299407826,0.0999211645671871,49.9288548375837,4.93503418094773,-0.0221906223255496,47.5,2.51862862329949,1.39256316178696,3.64469408481202,1.94410542865024,3.09315181794874
40,312,312,8,2.40321022803688,0.625284314104567,41.0012409254412,0.99221995391435,14.161156875,43.9134126798432,-0.0198897969166764,0.119072719712931,51.231856828498,4.56687570166442,-0.0330625411749896,47.5,2.40321022803688,1.17765297239193,3.62876748368183,1.77792591393231,3.02849454214145
41,320,320,8,2.24409185270346,0.75811564742962,47.2362840228281,1.27600603339367,14.161156875,32.3648371058947,-0.0657477374430591,0.152022531897581,52.3941532153227,4.5929766575315,-0.0109403250905203,47.5,2.24409185270346,0.758185183741405,3.72999852166552,1.48597620527384,3.00220750013308
42,328,328,8,1.72512763509974,1.08278038224737,59.4308349143798,1.52431885474948,14.161156875,32.6113455047542,0.0294524736561904,0.151965190758794,53.1426308086575,5.9037193313378,0.0114306328816568,47.5,1.72512763509974,-0.397121914105105,3.84737718430459,0.64234725285237,2.80790801734711
43,336,336,8,1.95400606345952,0.860889735169405,71.6253857268893,1.7238356178668,14.161156875,21.3144512674741,0.0190357403678296,0.141189285644885,54.9100503808633,4.60849185220731,0.0210712240591415,47.5,1.95400606345952,0.266662182527486,3.64134994439155,1.09311632829011,2.81489579862893
44,344,344,8,2.17456935448534,0.898751919660284,83.8199365368157,2.25588034355253,14.161156875,19.2348162195483,-0.0561953313599072,0.157839001085715,57.2537796829459,4.06133934131073,0.0369097264652125,47.5,2.17456935448534,0.413015591951184,3.9361231170195,1.27581743482506,3.07332127414562
45,352,352,8,1.70248318718788,1.03274839892449,100.802889743183,4.15092104049743,14.161156875,24.1683782958349,0.0743435515961745,0.139923973847157,53.169642869394,5.23383158920201,0.0315948183573685,47.5,1.70248318718788,-0.321703674704121,3.72667004907988,0.66973478826339,2.73523158611237
46,360,360,8,2.27686193481989,0.727593429572356,125.76651397215,3.44329799023213,14.161156875,26.5164106367999,0.0306666869244433,0.104689530067926,50.1901144810868,5.15390492605449,0.0435777362467054,47.5,2.27686193481989,0.850778812858072,3.70294505678171,1.54926850524753,3.00445536439225
47,366,1,8,2.16892343033675,0.806028725917975,169.023159624603,3.00628535817342,14.161156875,26.0085901654868,0.0326132253023627,0.136102861336958,60.0030360979732,5.49576109928917,0.0137217640370206,47.5,2.16892343033675,0.589107127537519,3.74873973313598,1.36289470441878,2.97495215625473
48,373,8,8,2.16892343033675,0.806028725917975,169.023159624603,-0.0197849382322085,14.161156875,26.3244214453522,0.0326132253023627,0.136102861336958,60.0030360979732,5.49576109928917,-0.0240244336510196,47.5,2.16892343033675,0.589107127537519,3.74873973313598,1.36289470441878,2.97495215625473
49,381,16,8,2.24801894581467,1.01023590570982,183.498480684161,-0.642708265183959,14.161156875,30.0309431822183,-0.0671849138221201,0.170144112313454,60.6915446728234,5.06219087383558,-0.0196030215800575,47.5,2.24801894581467,0.267956570623423,4.22808132100592,1.23778304010485,3.25825485152449
50,389,24,8,1.59233702271228,1.21234166277778,168.54832110703,-1.8687699786615,14.161156875,34.1039411749149,0.0132642362128867,0.180446834976492,62.4680699567337,6.28101843540789,-0.0308046685380121,47.5,1.59233702271228,-0.783852636332169,3.96852668175673,0.3799953599345,2.80467868549006
51,397,32,8,1.69845091241537,1.10131404303378,153.598161260188,-1.69363999764538,14.161156875,40.6504645218318,-0.0237180014391235,0.183112861465645,60.3312551425569,4.40850909411565,0.00964994377196542,47.5,1.69845091241537,-0.460124611930839,3.85702643676158,0.59713686938159,2.79976495544915
52,405,40,8,1.50870690090238,1.14342544172166,138.648001196285,-0.993120082242875,14.161156875,32.752580857149,0.0394035965421351,0.171438037609463,59.6821186305753,5.50005871291785,0.0160032164353362,47.5,1.50870690090238,-0.732406964872074,3.74982076667683,0.36528145918072,2.65213234262404
53,413,48,8,1.82393567323945,1.01990339319292,127.900961163541,-0.292600135158876,14.161156875,46.0861212394261,0.0323240542029977,0.147504223400499,60.4964557703344,4.85962604377828,0.0459189422940605,47.5,1.82393567323945,-0.175074977418673,3.82294632389757,0.80403228004653,2.84383906643237
54,421,56,8,2.08252810686344,0.757175843326527,129.763279286359,0.232789784374625,14.161156875,51.5202593703795,0.0642479697233908,0.121652146579911,56.129937031766,5.05019810773903,0.0221569132726552,47.5,2.08252810686344,0.598463453943447,3.56659275978343,1.32535226353691,2.83970395018997
55,429,64,8,2.59651186465056,0.734981429407032,131.625597952472,0.0499790766545421,14.161156875,75.44666573131,-0.033638670960951,0.136629229069007,57.2147110489678,4.26633030376849,0.00805220511301813,47.5,2.59651186465056,1.15594826301278,4.03707546628834,1.86153043524353,3.33149329405759
56,437,72,8,2.32740249696295,0.9015323370419,133.487915988532,-0.193768542773166,14.161156875,63.8613864628986,-0.00999007027591304,0.123977324979137,58.74682913267,5.39360515104999,-0.00578939282253072,47.5,2.32740249696295,0.560399116360826,4.09440587756507,1.42587015992105,3.22893483400485
57,445,80,8,2.24748193475565,0.549425887401134,130.962777126068,-0.4375161497985,14.161156875,63.1398398840961,0.0245043823304033,0.0956776708299754,50.5436725201547,5.35818059310735,0.00336897196631165,47.5,2.24748193475565,1.17060719544943,3.32435667406187,1.69805604735452,2.79690782215678
58,453,88,8,2.44351699339887,0.635778834321929,126.975152925916,-0.498453038111334,14.161156875,102.336308191185,-0.00440739615555429,0.0987792375165594,55.8477914280035,5.10808433841881,0.0294209088179904,47.5,2.44351699339887,1.19739047812789,3.68964350866985,1.80773815907694,3.0792958277208
59,461,96,8,2.40825782415443,0.552681085515595,122.987528393368,-1.15022221162918,14.161156875,102.275786762045,0.0681657402791235,0.0995933537341983,52.6169408071377,6.0678053152429,0.0122190775031958,47.5,2.40825782415443,1.32500289654386,3.491512751765,1.85557673863883,2.96093890967003
60,469,104,8,2.95358374638742,0.63913928122189,118.999904211396,-1.89510125996199,14.161156875,76.5292983631111,-0.0271011116139808,0.0897005187320105,43.7024630220073,7.16577385548997,0.0168831911738683,47.5,2.95358374638742,1.70087075519252,4.20629673758232,2.31444446516553,3.59272302760931
61,477,112,8,2.73677485347557,0.564313197898897,99.3698198468157,-2.63998031978394,14.161156875,106.206028504912,0.00958494485646212,0.0853951379327572,54.1539498909651,5.76780906016827,0.00103437715032624,47.5,2.73677485347557,1.63072098559373,3.84282872135741,2.17246165557667,3.30108805137447
62,485,120,8,2.81345441232727,0.477139279205415,77.5050981542802,-2.64207500656723,14.161156875,133.481351732647,0.0206192982084966,0.0757716385741843,48.3707578020299,5.10222095465178,0.0260353112720175,47.5,2.81345441232727,1.87826142508466,3.74864739956988,2.33631513312185,3.29059369153268
63,493,128,8,2.97840879799525,0.416138413861022,55.6403765365814,-1.9139534119158,14.161156875,133.62726700122,0.0479016907510923,0.0633874654678833,45.009947691792,5.4611286746453,0.0434346160033921,47.5,2.97840879799525,2.16277750682765,3.79404008916285,2.56227038413423,3.39454721185627
64,501,136,8,3.36162232400399,0.385932907558394,35.9600196892023,-1.18583181960647,14.161156875,93.8721144091612,0.0617828590505881,0.0664127656806899,42.4566716586885,6.25844733195228,0.0238986769682508,47.5,3.36162232400399,2.60519382518954,4.11805082281844,2.9756894164456,3.74755523156238
65,509,144,8,3.85588519640868,0.486084482953443,31.5702162683011,-0.548725427022133,14.161156875,114.214551756826,-0.0379885188969271,0.0656067528396895,36.3044424418282,7.91521702313489,0.00790013930876417,47.5,3.85588519640868,2.90315960981993,4.80861078299743,3.36980071345524,4.34196967936212
66,517,152,8,3.55197704523327,0.469579981830632,27.1804128660262,-0.503826899775479,14.161156875,138.151949866307,-9.39222273683112E-05,0.0648323885016572,40.8671887065971,7.16182741865279,0.00649664310013416,47.5,3.55197704523327,2.63160028084523,4.47235380962131,3.08239706340264,4.0215570270639
67,525,160,8,3.55122566741433,0.449254238260291,22.7906094406711,-0.324232795399233,14.161156875,93.2325294252651,0.0575723704246981,0.0671949132134483,40.8764277123746,7.62668952846883,0.0125862703262129,47.5,3.55122566741433,2.67068736042416,4.4317639744045,3.10197142915404,4.00047990567462
68,533,168,8,4.0118046308119,0.496031365076972,19.4783706736896,-0.144638691800475,14.161156875,86.8762860891637,-0.01971963721869,0.0548411797064193,33.7334711201989,8.14057046410991,0.0103419198564929,47.5,4.0118046308119,3.03958315526104,4.98402610636276,3.51577326573493,4.50783599588887
69,541,176,8,3.85404753306238,0.473950104374399,19.3988257764446,-0.00994311424351254,14.161156875,120.728879165277,-0.00682697363652732,0.0513853188276354,35.1660151198841,8.14418959577023,-0.0206987503780258,47.5,3.85404753306238,2.92510532848856,4.7829897376362,3.38009742868798,4.32799763743678
70,549,184,8,3.79943174397016,0.403158379833998,19.3192808374597,-0.0193089619213375,14.161156875,126.199783684553,-0.0355496402788608,0.0483654798984158,37.6301759942708,7.69890479353345,-0.0249213398411358,47.5,3.79943174397016,3.00924131949552,4.5896221684448,3.39627336413616,4.20259012380416
71,557,192,8,3.51503462173928,0.408387047202016,19.2397359318453,-0.0380406547137708,14.161156875,129.408010878219,-0.0323874056080217,0.044455945267886,37.4482497435481,6.97614395259143,-0.0302264143689712,47.5,3.51503462173928,2.71459600922333,4.31547323425523,3.10664757453726,3.9234216689413
72,565,200,8,3.25593537687512,0.406976192375673,18.9354106903325,-0.0567723503087958,14.161156875,98.6804240896937,-0.022742197220033,0.0451157765324038,43.5624910026794,6.90470709248084,-0.0254873036918712,47.5,3.25593537687512,2.4582620398188,4.05360871393144,2.84895918449945,3.66291156925079
73,573,208,8,3.07399779911485,0.348396597657719,18.4063051243292,-0.0661381970487416,14.161156875,93.3451815251975,-0.0213323082475596,0.0569373593418309,45.0125642601157,6.4671978906926,-0.0156772060498208,47.5,3.07399779911485,2.39114046770572,3.75685513052398,2.72560120145713,3.42239439677257
74,581,216,8,2.90333933313437,0.447560424949753,17.8771995244342,-0.00543893965030007,14.161156875,121.390379828519,-0.00295711268186789,0.0637032148941411,48.5019887476834,6.24558925812045,-0.0115649306878792,47.5,2.90333933313437,2.02612090023285,3.78055776603589,2.45577890818462,3.35089975808412
75,589,224,8,2.87968243167942,0.363871369931581,17.3480939611627,0.0916798755695541,14.161156875,124.077838295516,-0.0104053711342094,0.0615435610192728,49.587248131832,5.23033263441507,-0.00335080620146,47.5,2.87968243167942,2.16649454661352,3.59287031674532,2.51581106174784,3.243553801611
76,597,232,8,2.79643946260575,0.434581822014395,18.275770572722,0.188798688545963,14.161156875,102.571562141181,0.00331006521169691,0.0623786841209313,50.4608027582374,5.78097994637212,-0.00721584786203292,47.5,2.79643946260575,1.94465909145754,3.64821983375396,2.36185764059136,3.23102128462014
77,605,240,8,2.82291998429933,0.39667752442661,20.0775165381035,0.22521824401355,14.161156875,90.4847017200708,-0.0145522376635869,0.0564205272354371,51.2562968259062,5.39110965192036,0.000654714150207917,47.5,2.82291998429933,2.04543203642317,3.60040793217549,2.42624245987272,3.21959750872594
78,613,248,8,2.70650208299063,0.399589126833188,21.8792624862658,0.278672826921358,14.161156875,93.0758614051159,0.0132063149025132,0.067145833050044,53.1871003417179,5.71128398162946,0.00343158848891499,47.5,2.70650208299063,1.92330739439758,3.48969677158368,2.30691295615744,3.10609120982382
79,621,256,8,2.81215260221074,0.451568104166152,23.6810084290472,0.349945603514571,14.161156875,105.310674539542,0.011640688227819,0.0781053805763391,51.5642725376956,6.00677989873686,0.0129701611358496,47.5,2.81215260221074,1.92707911804508,3.6972260863764,2.36058449804459,3.26372070637689
80,629,264,8,2.90527810803329,0.462340534518925,26.7656643842161,0.421218380069154,14.161156875,68.2750899738965,0.0140634802772171,0.0704349540822963,50.7645738958324,4.8188719672909,-0.000163624832355413,47.5,2.90527810803329,1.9990906603762,3.81146555569038,2.44293757351437,3.36761864255221
81,637,272,8,3.01778595025102,0.37770672077845,30.2779569706155,0.439036572719067,14.161156875,58.7391758993273,-0.0261950430021016,0.0754993332150163,47.0085849102344,5.1345394780305,-0.00391907891438875,47.5,3.01778595025102,2.27748077752526,3.75809112297678,2.64007922947257,3.39549267102947
82,645,280,8,2.80822560623421,0.533135484270206,33.7902495507069,1.0448051360836,14.161156875,50.2495556824905,0.000374325981717765,0.0837275831867807,50.2757360828259,4.77978028874122,-0.0210200422070483,47.5,2.80822560623421,1.76328005706461,3.85317115540381,2.275090121964,3.34136109050442
83,653,288,8,2.81122021408796,0.492619064924264,37.3025421294737,1.65057370343695,14.161156875,57.6704897043195,-0.0372394096007628,0.0951258835627125,48.892016208669,5.07868667817268,-0.0119687217047137,47.5,2.81122021408796,1.8456868468364,3.77675358133952,2.3186011491637,3.30383927901222
84,661,296,8,2.51330493728186,0.630433123474801,55.3532802366219,2.25634226518995,14.161156875,42.1648126050598,0.000958918504903342,0.10483458530517,50.5711355371613,4.87818159798672,-0.00855374043158483,47.5,2.51330493728186,1.27765601527125,3.74895385929247,1.88287181380706,3.14373806075666
85,669,304,8,2.52097628532108,0.57503266155467,73.4040184331937,2.17353910363246,14.161156875,34.889422469902,-0.016863943233812,0.104542932528251,51.6868980402421,3.81402700374889,0.00590083716044507,47.5,2.52097628532108,1.39391226867393,3.64804030196823,1.94594362376641,3.09600894687575
86,677,312,8,2.38606473945059,0.667659527745547,91.4547564940324,1.5111138257426,14.161156875,37.4604623758739,-0.0141026673573229,0.116724695311248,54.1670311364868,4.73928069089979,-0.00570480301360753,47.5,2.38606473945059,1.07745206506932,3.69467741383186,1.71840521170504,3.05372426719614
87,685,320,8,2.27324340059201,0.763525630234704,107.518218723801,0.848688552619692,14.161156875,28.6584063614594,-0.0357511999577954,0.124023921186408,53.8026719834081,4.22253179414329,-0.00991225098714904,47.5,2.27324340059201,0.77673316533199,3.76975363585203,1.50971777035731,3.03676903082671
88,693,328,8,1.98255699642718,0.896294569549925,109.670750251016,0.269066434406,14.161156875,25.3268449280057,0.000927322801471476,0.15281010875914,54.5187119763014,4.34091513642891,-0.0147548498462208,47.5,1.98255699642718,0.225819640109327,3.73929435274503,1.08626242687725,2.87885156597711
89,701,336,8,1.94709531747037,1.06971798853729,111.823281756905,0.517877093628041,14.161156875,31.5912450175762,-0.0286152513921402,0.149334486348997,59.3464233297133,4.63643403454485,-0.0196141525098071,47.5,1.94709531747037,-0.149551940062719,4.04374257500346,0.87737732893308,3.01681330600766
90,709,344,8,1.86080105346201,0.792162186381484,113.975813149545,1.18137221530079,14.161156875,25.0586074571873,-0.053808062411923,0.159991008139862,58.7555498751764,5.16641418207095,-0.00570824304275496,47.5,1.86080105346201,0.308163168154302,3.41343893876972,1.06863886708053,2.65296323984349
91,717,352,8,1.40446128673423,1.08063655233171,122.099800498089,6.2285197150987,14.161156875,27.5644210743745,0.0273405353389096,0.12298121203766,59.3720386453386,4.46339009753576,0.0250968336218365,47.5,1.40446128673423,-0.713586355835921,3.52250892930438,0.32382473440252,2.48509783906594
92,725,360,8,1.58411695901273,1.07974082199252,140.176214924124,5.8900202422427,14.161156875,29.7239331442252,0.0201223833483049,0.15989942661928,59.5990923308642,4.19444739466288,0.0412421369578413,47.5,1.58411695901273,-0.532175052092609,3.70040897011807,0.50437613702021,2.66385778100525
93,732,1,8,1.60147012302324,0.867514464881643,248.04977738844,4.48180159125928,14.161156875,29.2467500729684,0.0825979593471208,0.161775747896578,64.8736278875671,4.52361311447283,0.0535093364252742,47.5,1.60147012302324,-0.0988582281447803,3.30179847419126,0.733955658141597,2.46898458790488
94,739,8,8,1.60147012302324,0.867514464881643,248.04977738844,-1.08532895212921,14.161156875,21.8449771547389,0.0825979593471208,0.161775747896578,64.8736278875671,4.52361311447283,0.0107483149068208,47.5,1.60147012302324,-0.0988582281447803,3.30179847419126,0.733955658141597,2.46898458790488
95,747,16,8,2.21360014449473,0.993370972097142,232.328944190873,-1.51562318918325,14.161156875,22.7119863240809,-0.0291729358176825,0.149038196614105,62.4895373903855,5.52473912784934,0.0158637726239342,47.5,2.21360014449473,0.266593039184332,4.16060724980513,1.22022917239759,3.20697111659187
96,755,24,8,1.85942968078694,0.987268961505551,222.001882537339,-1.29088272130046,14.161156875,36.9382264564311,0.01534637315134,0.151396736756496,63.6881225334279,5.81551019591451,-0.0105395114956725,47.5,1.85942968078694,-0.0756174837639401,3.79447684533782,0.872160719281389,2.84669864229249
97,763,32,8,1.98220066599766,0.862804369147919,211.674820848042,-1.04687639470454,14.161156875,34.5286202861953,-0.00269359967488273,0.158995214950858,63.6772035635517,5.71017587454724,0.0236424877774921,47.5,1.98220066599766,0.291104102467739,3.67329722952758,1.11939629684974,2.84500503514558
98,771,40,8,1.96065186859859,1.06122423913966,201.347758879662,-0.070851056139792,14.161156875,44.6783672264771,0.05827468985602,0.139827769191266,57.9443101074967,5.02411349441427,0.0065538099830856,47.5,1.96065186859859,-0.119347640115144,4.04065137731232,0.89942762945893,3.02187610773825
99,779,48,8,2.42684938744675,0.671541182990736,196.87684906443,0.905174286917417,14.161156875,48.0524896346563,-0.043970559667825,0.11886653092327,59.2805547729141,3.73794863943302,0.0327319807571461,47.5,2.42684938744675,1.11062866878491,3.74307010610859,1.75530820445601,3.09839057043749
100,787,56,8,2.07508491010414,0.811896104649787,209.974395500687,1.63719328721917,14.161156875,49.5171406024783,0.0682773212534049,0.12094754854024,57.3136841637232,4.50938398446523,0.0208788045038946,47.5,2.07508491010414,0.483768544990558,3.66640127521772,1.26318880545435,2.88698101475393
101,795,64,8,2.62130348013139,0.681893926244457,223.07194176568,1.29564112940871,14.161156875,77.8515448375409,0.0155832375550309,0.120030938367864,53.2293524981875,7.94764112217216,0.0460106112607114,47.5,2.62130348013139,1.28479138469225,3.95781557557053,1.93940955388693,3.30319740637585
102,803,72,8,2.74596938057163,0.89174451129584,236.16948795769,0.840238234069583,14.161156875,90.6835595493511,0.0369086688655706,0.113214236510003,42.8444256924262,8.43832668206733,0.00594479161543164,47.5,2.74596938057163,0.998150138431783,4.49378862271148,1.85422486927579,3.63771389186747
103,811,80,8,3.0412387314962,0.515258491104091,241.069782606496,0.384835355072125,14.161156875,81.30916785112,-0.0454756139861058,0.0860687098564885,45.2317321350844,7.78975737566385,0.00966971200341508,47.5,3.0412387314962,2.03133208893218,4.05114537406022,2.52598024039211,3.55649722260029
104,819,88,8,2.67743381960735,0.585427204446537,243.23765938335,0.270984618956291,14.161156875,79.1357766319684,0.032780784070097,0.0860229998397128,49.9300931772926,7.23630194669487,0.000185518968173086,47.5,2.67743381960735,1.52999649889214,3.82487114032256,2.09200661516081,3.26286102405389
105,827,96,8,2.93968009216812,0.53908668287975,245.405536479421,-1.48708842580792,14.161156875,86.017101133274,0.0110231809328448,0.0817918314703189,47.1567540039292,7.01014079572541,0.0156894368868853,47.5,2.93968009216812,1.88307019372381,3.99628999061243,2.40059340928837,3.47876677504787
106,835,104,8,3.02786553963088,0.55483572806447,247.573413461447,-3.49631478034787,14.161156875,97.034867367454,0.00215520746759444,0.0757447197671571,51.3537651169306,6.13348542769049,-0.00764707095462459,47.5,3.02786553963088,1.94038751262452,4.11534356663724,2.47302981156641,3.58270126769535
107,843,112,8,3.04510719937164,0.461854874957308,207.54753716396,-5.50554112648108,14.161156875,126.239858598738,-0.0361196012643131,0.0802627106443664,53.9252502182462,4.19569359384044,-0.000751026067244991,47.5,3.04510719937164,2.13987164445532,3.95034275428796,2.58325232441433,3.50696207432895
108,851,120,8,2.75615038925713,0.529494721431084,161.493981751072,-5.55368242168456,14.161156875,118.805440388357,0.0317113155949832,0.0851576410837752,53.3059472332404,4.57827241057078,-0.00500459639840415,47.5,2.75615038925713,1.71834073525221,3.79396004326205,2.22665566782605,3.28564511068821
109,859,128,8,3.009840914017,0.454661094766866,115.440426425901,-3.92958640252899,14.161156875,120.420171404422,-0.0106055035258812,0.0741831182902207,45.6963552501802,5.6201675683215,0.00875079640837668,47.5,3.009840914017,2.11870516827394,3.90097665976006,2.55517981925013,3.46450200878387
110,867,136,8,2.92499688580994,0.431724749868141,74.2591590435306,-2.30549038226199,14.161156875,121.739300380011,0.00514657715602845,0.072872024024195,49.1191513733736,5.7089372041599,-0.000585698257251664,47.5,2.92499688580994,2.07881637606838,3.7711773955515,2.4932721359418,3.35672163567808
111,875,144,8,2.96616950305817,0.450541160460667,67.1839080903763,-0.884406359017721,14.161156875,122.963382946481,0.00370183159809697,0.0675588818437411,44.879058115549,6.62218343401739,0.00567471621212625,47.5,2.96616950305817,2.08310882855526,3.84923017756108,2.5156283425975,3.41671066351884
112,883,152,8,2.99578415584296,0.434939455901883,60.1086572516132,-0.887406400767746,14.161156875,118.919211922764,0.00817573988225289,0.0709955620109753,44.2253602606394,5.97476577168764,0.011637251398925,47.5,2.99578415584296,2.14330282227527,3.84826548941065,2.56084469994108,3.43072361174484
113,891,160,8,3.06119007490097,0.470898600776532,53.0334064271053,-0.899406583333329,14.161156875,92.190390244041,0.0230341827164235,0.0613915365289332,46.0853995795387,6.90120336441614,0.0123144335044962,47.5,3.06119007490097,2.13822881737897,3.98415133242297,2.59029147412444,3.5320886756775
114,899,168,8,3.24546353663237,0.377274931472138,45.8861544719504,-0.91140676738315,14.161156875,144.170417105715,0.0057333779148152,0.0507337755049696,42.4260279859772,5.60448654329153,0.0165977289494416,47.5,3.24546353663237,2.50600467094698,3.98492240231776,2.86818860516023,3.62273846810451
115,907,176,8,3.29133055995087,0.32044227123403,38.5228992516133,-0.920406903354446,14.161156875,103.661828558309,0.0210256262170863,0.0462732661930173,41.5505495451229,5.5604782417412,0.00564958689914334,47.5,3.29133055995087,2.66326370833217,3.91939741156957,2.97088828871684,3.6117728311849
116,915,184,8,3.45953556968757,0.360534700499548,31.1596440099097,-0.767957549837792,14.161156875,116.854195949282,-0.00981024343447006,0.0510887559648838,41.2360776900919,6.52315520253225,-0.00460284283340834,47.5,3.45953556968757,2.75288755670846,4.16618358266668,3.09900086918802,3.82007027018712
117,923,192,8,3.38105362221181,0.348423746983305,23.7963887914437,-0.463058841563071,14.161156875,98.4640589541164,-0.0250239112828424,0.0529581090969903,43.9791710661854,5.69442782684632,-0.0172363634919517,47.5,3.38105362221181,2.69814307812453,4.06396416629909,3.03262987522851,3.72947736919512
118,931,200,8,3.18086233194907,0.392313188544231,20.0919180555063,-0.158160134053758,14.161156875,115.897944656294,-0.0168749357585423,0.053215795691608,47.1233830144673,6.46666267162044,-0.0245072079485192,47.5,3.18086233194907,2.41192848240238,3.94979618149576,2.78854914340484,3.5731755204933
119,939,208,8,3.04586284588073,0.38154898453795,20.046231812396,-0.00571078020596675,14.161156875,93.3126950785586,-0.0316227768041732,0.0555513136889768,47.7715003885499,6.04495112603329,-0.0218407561821121,47.5,3.04586284588073,2.29802683618635,3.79369885557511,2.66431386134278,3.42741183041868
120,947,216,8,2.79288063144735,0.36504115526198,20.0005455741535,0.0760282012599499,14.161156875,123.278472604553,-0.0170245559836207,0.0527848654920616,50.5955196784939,5.73526680893788,-0.0149550435725987,47.5,2.79288063144735,2.07739996713387,3.50836129576083,2.42783947618537,3.15792178670933
121,955,224,8,2.65668418357838,0.378445858047476,19.9548593305631,0.206810571537875,14.161156875,94.3415493276674,0.00378220206999613,0.0633449228959391,52.6552876667849,6.3042082605555,-0.00875140683649376,47.5,2.65668418357838,1.91493030180533,3.39843806535143,2.2782383255309,3.03513004162586
122,963,232,8,2.68694180013836,0.437509914128352,21.8709086426348,0.337592945029892,14.161156875,90.6852428483654,-0.0130118665958572,0.064951234259291,54.2317686131934,6.74247592850658,-0.00320567646724665,47.5,2.68694180013836,1.82942236844679,3.54446123182993,2.24943188601001,3.12445171426671
123,971,240,8,2.5828468673715,0.387016544250721,24.9639992910625,0.386636332524246,14.161156875,99.5490897486427,-0.000387364875880144,0.0655363066755336,52.2173351365995,6.2480212699797,-0.00574989624103876,47.5,2.5828468673715,1.82429444064009,3.34139929410291,2.19583032312078,2.96986341162222
124,979,248,8,2.57974794836446,0.434229516004412,28.0570900112805,0.542336932215833,14.161156875,107.451674355083,-0.00385045725137723,0.0622382432580573,53.9788713020755,5.72497647718161,0.00398988579386417,47.5,2.57974794836446,1.72865809699581,3.43083779973311,2.14551843236005,3.01397746436887
125,987,256,8,2.54894429035343,0.398798393811551,31.1501806232167,0.749937729615787,14.161156875,98.1729989667946,0.0162074795088501,0.070578225088261,55.0770008522278,5.55014756543392,0.000292461405022503,47.5,2.54894429035343,1.76729943848279,3.33058914222407,2.15014589654188,2.94774268416498
126,995,264,8,2.67860412642424,0.464903498524569,37.9800856642425,0.95753852584365,14.161156875,83.2400928069621,-0.0114796380424051,0.0825042706922553,54.491915403009,5.34526391005616,0.000833231173456264,47.5,2.67860412642424,1.76739326931608,3.5898149835324,2.21370062789967,3.14350762494881
127,1003,272,8,2.586767022085,0.544689768303673,46.0555955220594,1.0094387262087,14.161156875,77.4291568643645,-0.00222814794607773,0.0892896944747689,51.4902777924808,5.49050686427196,-0.0199173156447838,47.5,2.586767022085,1.5191750762098,3.6543589679602,2.04207725378133,3.13145679038867
128,1011,280,8,2.56894183851638,0.547582225410373,54.1311052434643,1.54868846289261,14.161156875,62.1657548376129,-0.0460441609458688,0.0785994010601143,52.0314197907187,4.4397437746242,0.00148919169501209,47.5,2.56894183851638,1.49568067671205,3.64220300032071,2.02135961310601,3.11652406392675
129,1019,288,8,2.20058855094943,0.485679787577775,62.2066150932512,2.08793820920778,14.161156875,51.3821797352992,0.0527398839769822,0.0866441778955822,51.2203219723044,3.93128030141245,0.017534334218185,47.5,2.20058855094943,1.24865616729699,3.15252093460187,1.71490876337165,2.68626833852721
130,1027,296,8,2.62250762276529,0.571747782637729,83.2241186314821,2.62718794726799,14.161156875,47.0359530678544,0.0177604918406348,0.0943934964313824,51.7355560667322,4.32812811668145,0.0385277373594492,47.5,2.62250762276529,1.50188196879534,3.74313327673524,2.05075984012756,3.19425540540302
131,1035,304,8,2.76459155749035,0.609898757357643,104.241622264451,2.72857321178333,14.161156875,54.8194294985911,-0.0060230893636256,0.0996370446303208,53.2918566167361,3.93913436856186,0.0133760059185184,47.5,2.76459155749035,1.56918999306937,3.95999312191133,2.15469280013271,3.37449031484799
132,1043,312,8,2.71640684258135,0.650117888714285,125.259125827683,3.53965533974271,14.161156875,40.8612076636722,-0.0441668936871667,0.125326270052999,55.423972811534,4.72673786782899,0.00695680690663361,47.5,2.71640684258135,1.44217578070135,3.99063790446135,2.06628895386707,3.36652473129564
133,1051,320,8,2.36307169308402,0.905670657793156,148.709875714282,4.35073747006833,14.161156875,45.0349064418951,-0.00337420752025489,0.125635923263318,58.0624113811393,4.52391042129618,-0.0204329480656124,47.5,2.36307169308402,0.587957203809434,4.13818618235861,1.45740103529086,3.26874235087718
134,1059,328,8,2.33549690850821,0.745791091796788,189.193350418276,5.06043435085292,14.161156875,34.1330636861866,-0.0818618295217004,0.18179677989309,58.6211061638239,4.13280340838216,-0.0122283215658969,47.5,2.33549690850821,0.873746368586505,3.79724744842991,1.58970581671142,3.081288000305
135,1067,336,8,1.61972747460445,1.18953454006246,229.676825109323,4.17851454454442,14.161156875,29.5888410475997,-0.0477265549253017,0.197476257788164,57.6365959365254,3.70468877154055,0.0112633109128206,47.5,1.61972747460445,-0.711760223917971,3.95121517312687,0.43019293454199,2.80926201466691
136,1075,344,8,1.47257375341521,1.32447098129952,270.160300134752,1.82672843073254,14.161156875,33.6051553493495,0.0755476719144606,0.212589378870681,60.7128422932708,4.73218174436454,-0.0190758048559433,47.5,1.47257375341521,-1.12338936993185,4.06853687676227,0.14810277211569,2.79704473471473
137,1083,352,8,2.18050761772108,1.171011245091,289.477699487342,1.73430844496705,14.161156875,20.3048375161576,-0.16604996272127,0.207163866535128,58.659964070806,3.73477041777511,0.022883784445159,47.5,2.18050761772108,-0.11467442265728,4.47568965809944,1.00949637263008,3.35151886281208
138,1091,360,8,0.987212813403971,1.31443372307485,273.518307446904,0.929416805275804,14.161156875,14.874687901423,0.13252537108108,0.209030290504877,63.7676760400812,5.24358754579281,-0.00949107556282093,47.5,0.987212813403971,-1.58907728382273,3.56350291063068,-0.327220909670879,2.30164653647882
139,1097,1,8,1.65409891937043,1.00298885520779,302.217353972197,3.39016280784839,14.161156875,27.1311599595913,-0.0155016857631493,0.159455042099505,63.4493818356409,4.95819922221535,0.0440429544266021,47.5,1.65409891937043,-0.311759236836838,3.6199570755777,0.65111006416264,2.65708777457822
140,1104,8,8,1.65409891937043,1.00298885520779,302.217353972197,1.11716094947529,14.161156875,39.0512522461967,-0.0155016857631493,0.159455042099505,63.4493818356409,4.95819922221535,0.0125159491527261,47.5,1.65409891937043,-0.311759236836838,3.6199570755777,0.65111006416264,2.65708777457822
141,1112,16,8,1.55559805102744,0.896503418282871,345.315865993501,0.438550560159835,14.161156875,36.4707910508025,0.0601263432583588,0.181216499748489,63.242696737368,4.23338452932507,0.00566526360283779,47.5,1.55559805102744,-0.201548648806987,3.31274475086187,0.659094632744569,2.45210146931031
142,1120,24,8,1.86948162111681,1.27362291087174,329.029216759604,-2.03583116900596,14.161156875,41.7588928699087,-0.0205520566496655,0.179910738881047,61.7231347402938,4.31186780040542,0.0192832433157829,47.5,1.86948162111681,-0.626819284191801,4.36578252642542,0.59585871024507,3.14310453198855
143,1128,32,8,1.70506516791949,0.932516999756241,312.742567416033,-1.94747583588521,14.161156875,45.7161692555722,0.0452054653619987,0.156530053347344,60.9500043730279,5.25437592226349,-0.0172752919377242,47.5,1.70506516791949,-0.122668151602742,3.53279848744172,0.772548168163249,2.63758216767573
144,1136,40,8,2.06670889081548,1.15697672590078,296.455917937358,-1.59405450253579,14.161156875,33.9513386069879,-0.0764792845255066,0.177940346049253,61.1327380414147,5.63059331260096,0.0225703996339792,47.5,2.06670889081548,-0.200965491950049,4.33438327358101,0.9097321649147,3.22368561671626
145,1144,48,8,1.45487461461143,1.02007866893285,282.289796698359,-1.24063315198925,14.161156875,53.4346152537797,0.0989850180654456,0.148872268363858,59.3983941044416,4.52232251517837,-0.00732946152949583,47.5,1.45487461461143,-0.544479576496956,3.45422880571982,0.43479594567858,2.47495328354428
146,1152,56,8,2.24675475913499,0.839192900382718,274.485259355174,-0.975567161871332,14.161156875,54.1223338266456,-0.0444941181284261,0.135660828025183,53.675957539347,5.14096584101363,0.0412246903971017,47.5,2.24675475913499,0.601936674384863,3.89157284388512,1.40756185875227,3.08594765951771
147,1160,64,8,1.89080181410758,0.866492715382326,266.680722289616,-2.33136917894633,14.161156875,77.8697129809044,0.0691831712542865,0.11952166299462,62.7719149445831,5.09749828593292,-0.00807785658255958,47.5,1.89080181410758,0.192476091958221,3.58912753625694,1.02430909872525,2.75729452948991
148,1168,72,8,2.44426718414187,0.576027036846278,258.876184813447,-4.13910521090863,14.161156875,63.5983221199603,-0.0489226228735389,0.116512199151095,60.4764193607045,4.29320519076713,0.0171785804089046,47.5,2.44426718414187,1.31525419192317,3.57328017636058,1.86824014729559,3.02029422098815
149,1176,80,8,2.05288620115356,0.776962983051389,218.532399060462,-5.94684122001133,14.161156875,73.5176818169169,0.0312751928459657,0.12585522359551,56.1710416857407,4.74721383221247,0.00537489083172541,47.5,2.05288620115356,0.530038754372838,3.57573364793428,1.27592321810217,2.82984918420495
150,1184,88,8,2.30308774392129,0.742526984058275,167.342197227809,-6.39877521440941,14.161156875,92.6558106035857,0.0337721025227503,0.121368393463461,51.4141028558883,4.84368297579628,0.00147869593375708,47.5,2.30308774392129,0.847734855167071,3.75844063267551,1.56056075986301,3.04561472797957
151,1192,96,8,2.57326456410328,0.678254260213751,116.151995533175,-4.80415936558058,14.161156875,89.18874311195,-0.0606112075674458,0.158063657383588,56.9324617671642,5.05704501827921,0.0893618167253004,47.5,2.57326456410328,1.24388621408433,3.90264291412223,1.89501030388953,3.25151882431703
152,1200,104,8,2.08837490356373,1.10210469324584,64.9617939146362,-2.9817412568132,14.161156875,103.492217942062,0.2949245552206,0.161222254534145,53.3443118743439,8.64065406214774,0.0444306105023421,47.5,2.08837490356373,-0.0717502951981164,4.24850010232558,0.98627021031789,3.19047959680957
153,1208,112,8,4.4477713453285,0.637355000808578,52.0423724538751,-1.15932315331643,14.161156875,101.784368586481,-0.101021516146127,0.081139324996865,28.8150456632511,7.33132540930971,0.0565403266843696,47.5,4.4477713453285,3.19855554374369,5.69698714691331,3.81041634451992,5.08512634613708
154,1216,120,8,3.63959921615949,0.463185055247909,44.5902053696581,-0.904353853161963,14.161156875,126.751217367185,-0.0242820590213617,0.0960237451235216,44.5430892049939,6.42735358885459,-0.0522175102424821,47.5,3.63959921615949,2.73175650787359,4.54744192444539,3.17641416091158,4.1027842714074
155,1224,128,8,3.4453427439886,0.710905124585815,37.1380382350419,-0.687017538624788,14.161156875,117.855222857333,-0.0313489555599596,0.0839332867217177,40.4945756182079,9.74339501162418,-0.00272220707161416,47.5,3.4453427439886,2.0519686998004,4.8387167881768,2.73443761940279,4.15624786857442
156,1232,136,8,3.19455109950893,0.564999264162802,30.337879977988,-0.469681221681342,14.161156875,93.4431194056774,0.0474643933664776,0.0824609275935133,43.3221808269625,7.89877447061405,0.0191723415883017,47.5,3.19455109950893,2.08715254174984,4.30194965726802,2.62955183534613,3.75955036367173
157,1240,144,8,3.57426624644075,0.635217088211198,28.1017844426632,-0.279511940771787,14.161156875,84.1183645033895,0.0414015869583878,0.0765272844526532,37.0150284272766,8.66646376959256,0.0191003941737113,47.5,3.57426624644075,2.3292407535468,4.8192917393347,2.93904915822955,4.20948333465195
158,1248,152,8,3.90547894210784,0.542687064614769,25.8656889146897,-0.264494133452988,14.161156875,89.10671460959,-0.0315647978037319,0.0605292339007211,32.5643042092857,7.17887224529081,-0.00899407016853376,47.5,3.90547894210784,2.84181229546289,4.96914558875279,3.36279187749307,4.44816600672261
159,1256,160,8,3.652960559678,0.467825586482799,23.6295933994651,-0.204422901700487,14.161156875,133.554721946627,-0.0368189996602574,0.0600976887788707,37.991728169521,7.04435408074385,-0.0178199804656592,47.5,3.652960559678,2.73602241017171,4.56989870918429,3.1851349731952,4.1207861461608
160,1264,168,8,3.35840856239594,0.440772953562401,21.7539252397915,-0.144351670893804,14.161156875,156.514846194885,0.0149238560670101,0.0584589209177077,40.4457455007239,6.78259090096707,-0.0144937939419192,47.5,3.35840856239594,2.49449357341363,4.22232355137825,2.91763560883354,3.79918151595834
161,1272,176,8,3.47779941093202,0.432560121536329,20.959539273878,-0.0992982473969459,14.161156875,119.309544357631,-0.0215862382325098,0.0507659476316767,38.9557440388538,6.73460469210367,-0.0130409475836417,47.5,3.47779941093202,2.62998157272082,4.32561724914322,3.04523928939569,3.91035953246835
162,1280,184,8,3.30510950507194,0.414951216244191,20.1651532980138,-0.0890303634921167,14.161156875,145.478982304457,-0.0324604605854249,0.0569961160013485,43.2849165892605,6.63103519359735,-0.0245237149532858,47.5,3.30510950507194,2.49180512123333,4.11841388891055,2.89015828882775,3.72006072131613
163,1288,192,8,3.04542582038854,0.435213415099035,19.3707673022648,-0.0684945943675666,14.161156875,154.783846517983,-0.0195244460419228,0.0598813575934512,45.902602010403,6.24985308240899,-0.0267163253179317,47.5,3.04542582038854,2.19240752679443,3.89844411398265,2.6102124052895,3.48063923548758
164,1296,200,8,2.88923025205316,0.429860128259133,18.8228105500672,-0.047958824738375,14.161156875,84.1417042525789,-0.0281640693264484,0.0618317433949095,46.9478301509558,5.82245772723753,-0.0151852035234471,47.5,2.88923025205316,2.04670440066526,3.73175610344106,2.45937012379403,3.31909038031229
165,1304,208,8,2.66391769744158,0.439327791653927,18.5212830331922,-0.0376909409052916,14.161156875,117.161859958382,0.00213290479802926,0.0622471600361614,49.7927104258543,5.79988030045743,-0.00958087379400167,47.5,2.66391769744158,1.80283522579988,3.52500016908328,2.22458990578765,3.10324548909551
166,1312,216,8,2.68098093582581,0.482131265331814,18.2197555085438,0.0193653430237832,14.161156875,128.286758175412,-0.00271145685358668,0.0702989955907341,53.0042338690829,5.49814806777201,-0.00442364638963166,47.5,2.68098093582581,1.73600365577545,3.62595821587617,2.198849670494,3.16311220115762
167,1320,224,8,2.65928928099712,0.464640894999176,17.9182279683402,0.110655398741708,14.161156875,121.481409081749,-0.0126923871133373,0.0787275233905381,53.0882204011749,6.18321557748144,-0.0134687755767317,47.5,2.65928928099712,1.74859312679874,3.5699854351955,2.19464838599794,3.1239301759963
168,1328,232,8,2.55775018409042,0.519581653126824,18.986051265763,0.20194545256215,14.161156875,125.344414644053,-0.0250024827632713,0.0761273255895908,53.7318256396392,5.72510199408535,-0.0110874104245888,47.5,2.55775018409042,1.53937014396185,3.576130224219,2.0381685309636,3.07733183721724
169,1336,240,8,2.35773032198425,0.402291390840582,20.8754850783448,0.236179223214446,14.161156875,70.9023295289266,0.00443263860284149,0.0684871379665231,53.1681887391216,5.8121053807641,-0.00453996309285127,47.5,2.35773032198425,1.56923919593671,3.14622144803179,1.95543893114367,2.76002171282483
170,1344,248,8,2.39319143080699,0.45993651673849,22.7649188298318,0.371028545317413,14.161156875,96.7923241816377,0.00694995488187656,0.0731201946667156,56.8844207951432,5.55552214799133,0.00516736441348001,47.5,2.39319143080699,1.49171585799955,3.29466700361443,1.9332549140685,2.85312794754548
171,1352,256,8,2.44879106986199,0.432616366385231,24.6543526229097,0.550827642811675,14.161156875,60.8956665974623,0.0041194997557224,0.0708910168381231,57.2462550003998,5.16211771149949,0.00546899466063333,47.5,2.44879106986199,1.60086299174694,3.29671914797704,2.01617470347676,2.88140743624722
172,1360,264,8,2.48174706790777,0.415902496264991,29.7801701659627,0.730626739392546,14.161156875,79.2455860907242,0.00533752934430187,0.0853166153347024,57.68937690874,5.43128858380218,0.0183478241016879,47.5,2.48174706790777,1.66657817522839,3.29691596058715,2.06584457164278,2.89764956417276
173,1368,272,8,2.52444730266219,0.575138158519379,35.984782257312,0.775576514943879,14.161156875,64.9297736804926,0.045586443205039,0.096220480071391,55.5483743526213,5.40247097403551,0.00220238844643542,47.5,2.52444730266219,1.39717651196421,3.65171809336017,1.94930914414281,3.09958546118157
174,1376,280,8,2.8891388483025,0.523766976896188,42.1893943683308,0.979994521957854,14.161156875,54.0098941720778,-0.0443168072100357,0.0866054127644184,50.8951926952936,4.9975894832856,-0.00562676366467791,47.5,2.8891388483025,1.86255557358597,3.91572212301903,2.36537187140631,3.41290582519869
175,1384,288,8,2.53460439062222,0.490342544226001,48.3940065246158,1.18441252958443,14.161156875,64.9891167740796,-0.0181499269890359,0.0987757355753441,51.310533714593,4.19542083200461,-0.00738598177793041,47.5,2.53460439062222,1.57353300393926,3.49567577730518,2.04426184639622,3.02494693484822
176,1392,296,8,2.38940497470992,0.680889884161324,59.5046507843005,1.38883053141475,14.161156875,52.6088535036835,0.0403087888652803,0.116440511832163,52.6121370132107,4.45006400004665,-0.00168399711220431,47.5,2.38940497470992,1.05486080175373,3.72394914766612,1.7085150905486,3.07029485887124
177,1400,304,8,2.71187528563217,0.664411257058137,70.6152950783572,1.41772793338807,14.161156875,44.5170345061425,-0.0454764382754157,0.118128246851544,52.4242194665807,4.12545052662575,-0.00174125359445611,47.5,2.71187528563217,1.40962922179822,4.01412134946612,2.04746402857403,3.37628654269031
178,1408,312,8,2.34806377942885,0.742124011249363,81.7259392785697,1.64890714811783,14.161156875,47.1697620252921,-0.0351857077392493,0.12173139857777,51.7864386214817,5.22318748132254,-0.0431689376020656,47.5,2.34806377942885,0.893500717380099,3.8026268414776,1.60593976817949,3.09018779067821
179,1416,320,8,2.06657811751486,0.74154859481685,93.5301211856141,1.88008636120985,14.161156875,33.6684219786041,-0.104569591718437,0.150289457909454,54.4480765175162,4.06121630303293,0.00516750096358756,47.5,2.06657811751486,0.613142871673834,3.52001336335589,1.32502952269801,2.80812671233171
180,1424,328,8,1.23086987044535,1.22807477504638,110.189066633185,2.08236817536945,14.161156875,21.5788266339336,0.0853543886858493,0.168488761658705,55.9309483282723,4.47984043626476,0.0364593325485159,47.5,1.23086987044535,-1.17615668864555,3.63789642953626,0.00279509539896994,2.45894464549173
181,1432,336,8,2.03246563480419,0.986226487612371,126.848011947606,2.60204350848717,14.161156875,28.5903923205314,0.0508936157422843,0.137221793759298,58.7395502527576,4.64085795119057,0.0253029958816925,47.5,2.03246563480419,0.0994617190839429,3.96546955052444,1.04623914719182,3.01869212241656
182,1440,344,8,2.51350211720234,0.882015773255834,143.506957394481,3.98784443985529,14.161156875,28.0335947139095,-0.140627347874768,0.182136694470885,57.4788925677849,3.67037765355666,0.0128772051747424,47.5,2.51350211720234,0.784751201620906,4.24225303278377,1.63148634394651,3.39551789045817
183,1448,352,8,1.38914189088704,1.23705605225544,172.638110836877,3.01544915007311,14.161156875,28.6925051862709,0.0508254223807444,0.187216056528044,59.5229124515306,3.59354285341477,-0.0387784911836562,47.5,1.38914189088704,-1.03548797153362,3.8137717533077,0.1520858386316,2.62619794314248
184,1456,360,8,1.77932816573351,0.820115539536886,222.556278504133,1.80165108997328,14.161156875,25.7368178402453,-0.0340360148783709,0.163037861536075,64.0848721878837,4.33592343431942,0.000369266535682996,47.5,1.77932816573351,0.171901708241214,3.38675462322581,0.959212626196624,2.5994437052704
185,1462,1,8,1.32561179708897,1.20231950054679,217.54737237321,0.30812236909607,14.161156875,26.3867291348233,0.0244314481765087,0.212046312504473,64.5833215244987,4.64213757216536,-0.0122475483149865,47.5,1.32561179708897,-1.03093442398274,3.68215801816068,0.12329229654218,2.52793129763576
186,1469,8,8,1.32561179708897,1.20231950054679,217.54737237321,1.45464607688567,14.161156875,29.4750113128882,0.0244314481765087,0.212046312504473,64.5833215244987,4.64213757216536,0.0554302373115786,47.5,1.32561179708897,-1.03093442398274,3.68215801816068,0.12329229654218,2.52793129763576
187,1477,16,8,1.60429182366074,1.11104924381741,231.620850739413,2.32289722955892,14.161156875,39.6197824051139,0.118373875403357,0.171466301888933,61.9592007635848,5.11932811956388,0.0549108139544842,47.5,1.60429182366074,-0.573364694221384,3.78194834154286,0.49324257984333,2.71534106747815
188,1485,24,8,2.50710574648271,0.947916506168591,252.458878218466,2.60475344788421,14.161156875,32.3982307128904,-0.011472069400767,0.118919085021441,58.4021103678814,4.52235294246687,0.0429032553237838,47.5,2.50710574648271,0.649189394392272,4.36502209857315,1.55918924031412,3.4550222526513
189,1493,32,8,2.41532919127657,0.78540804352155,273.296905882624,2.37605400388442,14.161156875,33.8036982469975,-0.00253701107418224,0.132068954386402,59.8743451098606,4.25105796835605,-0.0236188529382245,47.5,2.41532919127657,0.875929425974332,3.95472895657881,1.62992114775502,3.20073723479812
190,1501,40,8,2.39503310268312,0.922887745077116,294.134933488634,1.46125623296808,14.161156875,47.4011656161323,-0.0823048009428958,0.153043027771005,60.7333993549485,4.28692809913557,-0.0194947535447251,47.5,2.39503310268312,0.586173122331973,4.20389308303427,1.472145357606,3.31792084776024
191,1509,48,8,1.73659469513996,0.990375650267747,309.484174311692,0.546458508350293,14.161156875,54.7929397150288,0.0112660463303147,0.164996164094219,62.5596141132388,5.22805742264511,0.000194848889351423,47.5,1.73659469513996,-0.204541579384824,3.67773096966474,0.746219044872213,2.72697034540771
192,1517,56,8,1.82672306578248,1.06131190083586,308.367055473858,-0.139639816542209,14.161156875,53.6131550554159,0.0657167772213732,0.164968654542456,60.7236871196832,4.62921660704591,0.0140917455090167,47.5,1.82672306578248,-0.253448259855806,3.90689439142077,0.76541116494662,2.88803496661834
193,1525,64,8,2.35245728355346,0.933731037519112,307.249937689041,-1.35671955482621,14.161156875,72.5928494467682,-0.0342555688035363,0.1443958827349,62.1111580975857,5.15553391148102,0.0151590517008508,47.5,2.35245728355346,0.522344450016001,4.18257011709092,1.41872624603435,3.28618832107257
194,1533,72,8,2.07841273312516,0.833587611735437,306.132818714679,-2.97949258100175,14.161156875,69.3594398681148,0.0140159466847172,0.135676604671995,62.2357053949111,4.61170563189853,-0.0208501581672846,47.5,2.07841273312516,0.444581014123703,3.71224445212662,1.24482512138972,2.9120003448606
195,1541,80,8,2.1905403066029,0.794051160877982,275.805786158029,-4.60226556844458,14.161156875,65.9313807907474,-0.0423108523830348,0.132053347063772,60.8296563578653,4.5395140807991,0.0116979769868667,47.5,2.1905403066029,0.634200031282055,3.74688058192374,1.39648914572492,2.98459146748088
196,1549,88,8,1.85205348753863,0.851806482078387,235.742115744999,-5.00795882737817,14.161156875,93.7770635013767,0.0633888366589168,0.123689855044676,55.4005816001368,6.25865706931911,-0.00662763134752333,47.5,1.85205348753863,0.182512782664991,3.52159419241227,1.00024700546024,2.70385996961702
197,1557,96,8,2.35916418080996,0.629161322689233,195.678445072009,-4.50361021008692,14.161156875,75.1893752821732,-0.0409608783184527,0.129906677920859,60.6912389222456,5.33922611653127,0.0290969542491042,47.5,2.35916418080996,1.12600798833906,3.59232037328086,1.73000285812073,2.98832550349919
198,1565,104,8,2.03147715426234,0.901762655504303,155.614774300953,-3.92721177734987,14.161156875,113.420393960624,0.064862904406849,0.129119914766682,57.8738653132324,5.61459871281615,0.0183350792510175,47.5,2.03147715426234,0.264022349473906,3.79893195905077,1.12971449875804,2.93323980976664
199,1573,112,8,2.55038038951713,0.625883166715966,127.655470702913,-3.35081333985483,14.161156875,46.830493275785,0.031103211664657,0.103350189126635,53.2305971522468,5.40339712992867,0.0388729320835254,47.5,2.55038038951713,1.32364938275384,3.77711139628042,1.92449722280116,3.1762635562331
200,1581,120,8,2.79920608283438,0.823978099338327,101.425362415612,-3.17784508198017,14.161156875,112.801316943701,0.0206526801790717,0.112574941361497,49.036492327353,6.61216125393371,0.0452277127558854,47.5,2.79920608283438,1.18420900813126,4.4142031575375,1.97522798349605,3.62318418217271
201,1589,128,8,2.96442752426695,0.699120657356558,75.195254144437,-2.37049744073717,14.161156875,115.522899240694,0.0839272464239292,0.0950162382155386,51.3037572525944,7.43870022833824,0.0289648867952183,47.5,2.96442752426695,1.5941510358481,4.3347040126858,2.26530686691039,3.66354818162351
202,1597,136,8,3.63584549565838,0.440488420025463,51.387188735389,-1.56314980080766,14.161156875,143.942489559354,-0.0176852662173443,0.0595072981457884,45.0074663876499,6.64712983085048,0.00911547184795958,47.5,3.63584549565838,2.77248819240847,4.49920279890829,3.19535707563292,4.07633391568384
203,1605,144,8,3.49436336591962,0.363819875409286,44.53342383792,-0.856720615640554,14.161156875,116.454960932958,-0.0388955646627056,0.059227887960465,47.818088260426,5.89986284853043,-0.00675281313706124,47.5,3.49436336591962,2.78127641011742,4.20745032172182,3.13054349051033,3.85818324132891
204,1613,152,8,3.18319884861798,0.461774299250239,37.6796589250532,-0.810832382208767,14.161156875,152.368676669227,0.0363223914688669,0.0643758976944663,46.0558067413839,5.79492766782208,-0.0195497565971362,47.5,3.18319884861798,2.27812122208751,4.08827647514845,2.72142454936774,3.64497314786822
205,1621,160,8,3.47377798036891,0.398100614322974,30.8258939600157,-0.627279446358896,14.161156875,168.568869704388,-0.0560760965975699,0.0719131135118166,42.7008079835943,6.22974246051456,-0.00210000462377417,47.5,3.47377798036891,2.69350077629588,4.25405518444194,3.07567736604594,3.87187859469188
206,1629,168,8,3.02516920758835,0.489303000286437,25.0734466649096,-0.443726509951263,14.161156875,154.403349690419,0.0134536912573787,0.0620050960172113,45.9189862588715,6.87254445337127,-0.0208540780719167,47.5,3.02516920758835,2.06613532702693,3.98420308814977,2.53586620730191,3.51447220787479
207,1637,176,8,3.1327987376474,0.426204863242499,22.6249522124397,-0.306061809828371,14.161156875,124.526488683768,-0.0199398288755603,0.0656576691489745,45.1718806729387,7.69968341861967,-0.000198755125660422,47.5,3.1327987376474,2.2974372056921,3.9681602696027,2.7065938744049,3.5590036008899
208,1645,184,8,2.97328010664291,0.499951631242823,20.1764577211854,-0.259680716001121,14.161156875,134.159887054509,0.00588987224119929,0.0698509887998043,46.9353238182933,7.61316069883718,0.00153110388760251,47.5,2.97328010664291,1.99337490940698,3.95318530387884,2.47332847540009,3.47323173788573
209,1653,192,8,3.0203990845725,0.47216802280886,17.7279632290287,-0.166918525988308,14.161156875,111.705887896596,0.0186432682971704,0.0648590839817199,51.471739165651,7.24140188784356,-0.000801752198758333,47.5,3.0203990845725,2.09494975986713,3.94584840927787,2.54823106176364,3.49256710738136
210,1661,200,8,3.16954523094986,0.463254927970363,16.3926150284128,-0.0741563342949708,14.161156875,118.223293816985,-0.0269383971346459,0.0634145916085815,50.6846764448621,7.3219993728145,-0.0101851772990658,47.5,3.16954523094986,2.26156557212795,4.07752488977177,2.7062903029795,3.63280015892022
211,1669,208,8,2.95403805387271,0.450997844040754,16.170413097466,-0.0277752396764416,14.161156875,115.780219408497,-0.0222604030597226,0.0636505500858321,52.2714700012411,7.92793897582161,-0.0131852384980346,47.5,2.95403805387271,2.07008227955283,3.83799382819259,2.50304020983196,3.40503589791346
212,1677,216,8,2.77595482939492,0.535797608447301,15.9482112059494,0.032919630429675,14.161156875,122.773915742373,0.00964308470026435,0.0817915225448045,52.345462153985,8.72382055688984,-0.00729641275465666,47.5,2.77595482939492,1.72579151683821,3.82611814195163,2.24015722094762,3.31175243784222
213,1685,224,8,2.85309950699703,0.556640494157471,15.7260092761782,0.130031420201479,14.161156875,101.313849318389,-0.00927191990451154,0.086567723261433,52.9020395112373,8.50515654545293,-0.00596355747596958,47.5,2.85309950699703,1.76208413844839,3.94411487554567,2.29645901283956,3.4097400011545
214,1693,232,8,2.77892414776095,0.58618026532139,16.9604842277782,0.227143210752142,14.161156875,118.200569186293,-0.0182618372236619,0.0814605503210217,51.450222495861,7.67050020498207,-0.00812960894459667,47.5,2.77892414776095,1.63001082773103,3.92783746779087,2.19274388243956,3.36510441308234
215,1701,240,8,2.63282944997165,0.552372016874262,19.0689652907849,0.263560131857583,14.161156875,96.381613324879,0.00314493029438244,0.0781004996697072,53.3867169131509,7.82087409359793,-0.0141327578768633,47.5,2.63282944997165,1.5501802968981,3.7154786030452,2.08045743309739,3.18520146684591
216,1709,248,8,2.65798889232671,0.469413386100917,21.1774463342296,0.363910104635825,14.161156875,98.698559725146,-0.0272813667013095,0.0771228491357843,52.6768439031977,7.42949870478099,0.00704486433743959,47.5,2.65798889232671,1.73793865556891,3.57803912908451,2.18857550622579,3.12740227842763
217,1717,256,8,2.43973795871623,0.5601695490323,23.2859273923602,0.497710068983338,14.161156875,84.9086693764865,0.0452710294192469,0.0810341980737798,50.7050032425263,7.52787999642487,0.00463487865580918,47.5,2.43973795871623,1.34180564261292,3.53767027481954,1.87956840968393,2.99990750774853
218,1725,264,8,2.8019061940702,0.459773637653636,27.8028078020447,0.631510031459929,14.161156875,94.9587432098171,-0.00408502675051023,0.0675635062154095,50.2149836954811,5.41926387415367,-0.00225791379365209,47.5,2.8019061940702,1.90074986426907,3.70306252387133,2.34213255641656,3.26167983172384
219,1733,272,8,2.76922598006613,0.419822890908005,33.1224879898297,0.664960022353467,14.161156875,75.9838732499628,-0.0479597440496937,0.0776792206234603,50.5634538652836,5.36850963847134,-0.0177578035196642,47.5,2.76922598006613,1.94637311388644,3.59207884624582,2.34940308915813,3.18904887097414
220,1741,280,8,2.38554802766858,0.501228940882421,38.4421681473985,0.840242285063417,14.161156875,59.9837347666462,-0.00122863975879021,0.110409364201887,49.2770337391567,5.86123264291991,-0.0213458750584883,47.5,2.38554802766858,1.40313930353903,3.36795675179813,1.88431908678616,2.886776968551
221,1749,288,8,2.37571890959826,0.768756517510534,43.7618483385279,1.01552455024103,14.161156875,53.2921234216082,-0.0148492413669812,0.125696340784709,50.3278875371157,5.31939606124637,0.00653630363004417,47.5,2.37571890959826,0.868956135277613,3.88248168391891,1.60696239208773,3.14447542710879
222,1757,296,8,2.25692497866241,0.70913639594916,53.2883028313517,1.19080681158505,14.161156875,56.2970725404446,0.0356867920159053,0.124905909247852,50.5349176344281,4.97611337013589,-0.00534680142404123,47.5,2.25692497866241,0.867017642602056,3.64683231472276,1.54778858271325,2.96606137461157
223,1765,304,8,2.54241931478964,0.728313084270067,62.8147573531833,1.27895036103412,14.161156875,49.7804165518712,-0.0545284477329718,0.127189322871578,51.4790898795266,4.654704376075,0.0221638539143862,47.5,2.54241931478964,1.11492566962031,3.96991295995897,1.81410623051957,3.27073239905971
224,1773,312,8,2.10619173292587,0.788267156123018,72.3412118165692,1.98409873194232,14.161156875,37.2732452957493,0.0490300062797845,0.125967870385456,52.424767190053,4.15471143581528,0.00358783582235386,47.5,2.10619173292587,0.561188106924755,3.65119535892699,1.31792457680285,2.89445888904889
225,1781,320,8,2.49843178316414,0.704044860327232,83.9831114961705,2.68924711677624,14.161156875,35.7159543541611,-0.0542692186650079,0.155593619636976,55.7318755200843,3.99954039439268,0.00911270517362681,47.5,2.49843178316414,1.11850385692277,3.87835970940551,1.79438692283691,3.20247664349137
226,1789,328,8,2.06430725858237,1.1420247121269,110.433126919799,3.30625195062273,14.161156875,34.1201576413692,-0.0337101409092421,0.159946979275211,59.6264576827067,5.65622390891077,-0.00283267171159729,47.5,2.06430725858237,-0.174061177186354,4.30267569435109,0.92228254645547,3.20633197070927
227,1797,336,8,1.68716304690041,1.203724975769,136.883142619199,3.09116271416625,14.161156875,31.6889701468443,-0.0127280886752843,0.150957422112125,62.4357994877566,3.8822418847216,0.00173161718212464,47.5,1.68716304690041,-0.67213790560683,4.04646399940765,0.48343807113141,2.89088802266941
228,1805,344,8,1.76527135622672,0.935133547881911,163.333158311116,2.51759140477413,14.161156875,25.0350359329684,-0.0178549464043141,0.175629770978696,65.3856526193213,4.22344100973676,0.00667859599545034,47.5,1.76527135622672,-0.0675903976218257,3.59813311007527,0.830137808344809,2.70040490410863
229,1813,352,8,1.59197097373541,1.03333073504834,184.621032059789,1.41550741761092,14.161156875,33.4384321050211,-0.00942058216985275,0.216912856584198,65.8551031734978,5.62759521676574,-0.0039369353354259,47.5,1.59197097373541,-0.433357266959336,3.61729921443016,0.55864023868707,2.62530170878375
230,1821,360,8,1.48182447958438,1.46115858371932,197.305336333778,0.528512678082875,14.161156875,29.9276199810245,-0.0708440311497958,0.263083937651408,62.4501933960446,4.57230423204351,0,47.5,1.48182447958438,-1.38204634450549,4.34569530367425,0.0206658958650601,2.9429830633037
