index,t,days,siteID,lpC,sdlpC,mld,dmld,N0,light,pgr,lpC_median,lpC_lb95,lpC_ub95,lpC_lb68,lpC_ub68
1,1,1,1,1.93086814488568,1.14746232821366,118.963939735327,0,15.5072484375,32.4354889137826,0,1.93086814488568,-0.318158018413093,4.17989430818445,0.78340581667202,3.07833047309934
2,8,8,1,1.93086814488568,1.14746232821366,118.963939735327,1.70192968302715,15.5072484375,32.4354889137826,-0.0324330139532509,1.93086814488568,-0.318158018413093,4.17989430818445,0.78340581667202,3.07833047309934
3,16,16,1,1.56304291375722,1.06875983281991,132.579377199544,0.650712030393411,15.5072484375,41.5635719793862,0.0018791210939571,1.56304291375722,-0.531726358569804,3.65781218608424,0.49428308093731,2.63180274657713
4,24,24,1,1.53956238949898,1.15147127566262,137.785073442691,0.650712029271677,15.5072484375,58.8601975301401,-0.0452941736208749,1.53956238949898,-0.717321310799755,3.79644608979772,0.38809111383636,2.6910336651616
5,32,32,1,1.14012395233716,1.23431673032577,142.990769676865,0.650712055870201,15.5072484375,57.094704994178,-0.0570074410981454,1.14012395233716,-1.27913683910135,3.55938474377567,-0.09419277798861,2.37444068266293
6,40,40,1,0.64830563675501,1.45635827029926,148.196466123826,0.0724982685347477,15.5072484375,48.7343391183721,0.160463088855492,0.64830563675501,-2.20615657303154,3.50276784654156,-0.80805263354425,2.10466390705427
7,48,48,1,1.92810435584183,0.944018154183117,148.776452272104,-1.66214292907467,15.5072484375,37.9135351802503,0.0698170741279875,1.92810435584183,0.0778287736429208,3.77837993804074,0.984086201658713,2.87212251002495
8,56,56,1,2.48664094886573,0.687267755329232,135.479308839507,-1.66214293928195,15.5072484375,57.2370220644588,-0.0659795655343537,2.48664094886573,1.13959614842044,3.83368574931102,1.7993731935365,3.17390870419496
9,64,64,1,1.9588044245909,1.14451937200936,122.182165325251,-1.66214295962619,15.5072484375,64.0677672582781,0.0158529592339675,1.9588044245909,-0.284453544547446,4.20206239372925,0.81428505258154,3.10332379660026
10,72,72,1,2.08562809846264,0.725923757502664,108.885021648242,-0.251717578419012,15.5072484375,82.4684247531982,-0.0281012326965175,2.08562809846264,0.662817533757419,3.50843866316786,1.35970434095998,2.8115518559653
11,80,80,1,1.8608182368905,0.97967968579822,106.87128102089,0.218424198132894,15.5072484375,93.1583539498449,0.00251382208404562,1.8608182368905,-0.0593539472740112,3.78099042105501,0.88113855109228,2.84049792268872
12,88,88,1,1.86471059233464,1.04946278944658,108.618674605953,0.218424212384107,15.5072484375,78.576273288207,-0.0494582971550438,1.86471059233464,-0.192236474980657,3.92165765964994,0.81524780288806,2.91417338178122
13,96,96,1,1.45308483121759,1.26856185389452,110.366068305026,0.218424244316086,15.5072484375,108.402087534229,0.122919447240412,1.45308483121759,-1.03329640241567,3.93946606485085,0.18452297732307,2.72164668511211
14,104,104,1,2.42073172904278,0.632335555213549,112.113462259554,-2.25576706305972,15.5072484375,113.334749158921,0.0913629408735487,2.42073172904278,1.18135404082422,3.66010941726134,1.78839617382923,3.05306728425633
15,112,112,1,3.15163525603117,0.532939633036334,94.0673257550766,-2.60922298039831,15.5072484375,109.239240324752,-0.00739781319720744,3.15163525603117,2.10707357527996,4.19619693678238,2.61869562299484,3.6845748890675
16,120,120,1,3.09245275045351,0.592686295527091,73.1935419118901,-2.6092229580879,15.5072484375,122.982581615129,0.0367781631568475,3.09245275045351,1.93078761122041,4.25411788968661,2.49976645492642,3.6851390459806
17,128,128,1,3.38667805570829,0.547388749861781,52.3197582471869,-2.34724354528307,15.5072484375,122.278263963844,-0.00835613530566247,3.38667805570829,2.3137961059792,4.45956000543738,2.83928930584651,3.93406680557007
18,136,136,1,3.31982897326299,0.498544385439361,33.5418098849224,-0.513387683271938,15.5072484375,88.35604062552,-0.00417797320655123,3.31982897326299,2.34268197780184,4.29697596872414,2.82128458782363,3.81837335870235
19,144,144,1,3.28640518761058,0.599451696796138,29.4347084187469,-0.513387677946866,15.5072484375,124.909349772183,-0.00967335871237003,3.28640518761058,2.11147986189015,4.46133051333101,2.68695349081444,3.88585688440672
20,152,152,1,3.20901831791162,0.42328696236519,25.327606995172,-0.513387675968304,15.5072484375,142.082093101887,-0.0124313808330663,3.20901831791162,2.37937587167585,4.03866076414739,2.78573135554643,3.63230528027681
21,160,160,1,3.10956727124709,0.418817203747889,21.2205055874255,-0.416005957341853,15.5072484375,141.453387199178,-0.0121358368212075,3.10956727124709,2.28868555190123,3.93044899059295,2.6907500674992,3.52838447499498
22,168,168,1,3.01248057667743,0.394780055891702,17.8924579286907,-0.123860779897206,15.5072484375,122.661309301509,-0.0606965618073363,3.01248057667743,2.23871166712969,3.78624948622517,2.61770052078573,3.40726063256913
23,176,176,1,2.52690808221874,0.38225679673723,16.901571689513,-0.12386077767549,15.5072484375,125.564530174802,-0.00250023983396875,2.52690808221874,1.77768476061377,3.27613140382371,2.14465128548151,2.90916487895597
24,184,184,1,2.50690616354699,0.360985688011122,15.9106854681091,-0.123860778680278,15.5072484375,130.428419608749,0.00225755665990001,2.50690616354699,1.79937421504519,3.21443811204879,2.14592047553587,2.86789185155811
25,192,192,1,2.52496661682619,0.279031100992894,14.9197992386669,-0.0670932177309325,15.5072484375,135.086815442315,-0.00750071687278254,2.52496661682619,1.97806565888012,3.07186757477226,2.2459355158333,2.80399771781908
26,200,200,1,2.46496088184393,0.31223388494647,14.3830534968194,-0.0103256586752849,15.5072484375,111.404749147505,0.00953155353950376,2.46496088184393,1.85298246734885,3.07693929633901,2.15272699689746,2.7771947667904
27,208,208,1,2.54121331015996,0.333119810029859,14.3004482274172,-0.0103256570620216,15.5072484375,115.149133190477,-0.04985820657322,2.54121331015996,1.88829848250144,3.19412813781848,2.2080935001301,2.87433312018982
28,216,216,1,2.1423476575742,0.427821906562947,14.217842970921,-0.0103256562517788,15.5072484375,123.242913992256,0.0303021776318575,2.1423476575742,1.30381672071082,2.98087859443758,1.71452575101125,2.57016956413715
29,224,224,1,2.38476507862906,0.34278698955229,14.1352377209068,0.205059023005889,15.5072484375,116.034433816284,-0.0194830021470063,2.38476507862906,1.71290257910657,3.05662757815155,2.04197808907677,2.72755206818135
30,232,232,1,2.22890106145301,0.316496744953685,15.7757099049539,0.33428982971753,15.5072484375,108.71939211389,0.0166418205303038,2.22890106145301,1.60856744134379,2.84923468156223,1.91240431649932,2.54539780640669
31,240,240,1,2.36203562569544,0.358752447769979,18.4500285426941,0.334289833359016,15.5072484375,82.3219915053332,-0.00181831984307872,2.36203562569544,1.65888082806628,3.0651904233246,2.00328317792546,2.72078807346542
32,248,248,1,2.34748906695081,0.54354090597798,21.1243472095662,0.334289829041807,15.5072484375,114.378602304641,0.00175780543735497,2.34748906695081,1.28214889123397,3.41282924266765,1.80394816097283,2.89102997292879
33,256,256,1,2.36155151044965,0.330686009148965,23.7986658419007,0.245746590240539,15.5072484375,72.5763309974534,-0.01516657829664,2.36155151044965,1.71340693251768,3.00969608838162,2.03086550130068,2.69223751959862
34,264,264,1,2.24021888407653,0.592145253936427,25.764638563825,0.216232169667889,15.5072484375,89.7262844495417,-0.0381904192131225,2.24021888407653,1.07961418636113,3.40082358179193,1.6480736301401,2.83236413801296
35,272,272,1,1.93469553037155,0.495258104002431,27.4944959211681,0.216232179854487,15.5072484375,68.9415658426142,0.0370072260764024,1.93469553037155,0.963989646526785,2.90540141421631,1.43943742636912,2.42995363437398
36,280,280,1,2.23075333898277,0.54642637748206,29.224353360004,0.216232169436081,15.5072484375,73.4597117706727,-0.00976605018779374,2.23075333898277,1.15975763911793,3.30174903884761,1.68432696150071,2.77717971646483
37,288,288,1,2.15262493748042,0.572193724147562,30.9542107154927,0.558981665246596,15.5072484375,73.3628397669204,0.053698269432315,2.15262493748042,1.0311252381512,3.27412463680964,1.58043121333286,2.72481866162798
38,296,296,1,2.58221109293894,0.602673677649113,35.4260640374654,0.558981674193516,15.5072484375,45.2567000645219,-0.081045399866015,2.58221109293894,1.40097068474668,3.7634515011312,1.97953741528983,3.18488477058805
39,304,304,1,1.93384789401082,0.778687730408701,39.8979174310136,0.558981662442277,15.5072484375,57.3613524538974,0.01150987961149,1.93384789401082,0.407619942409766,3.46007584561187,1.15516016360212,2.71253562441952
40,312,312,1,2.02592693090274,0.726329510697103,44.3697707305518,0.606121097670678,15.5072484375,53.3504528243522,-0.061551987958715,2.02592693090274,0.602321089936418,3.44953277186906,1.29959742020564,2.75225644159984
41,320,320,1,1.53351102723302,1.01782057823336,49.2187395119172,0.936097156502724,15.5072484375,33.0551298292265,0.04240640877513,1.53351102723302,-0.461417306104366,3.52843936057041,0.51569044899966,2.55133160546638
42,328,328,1,1.87276229743406,0.802180509883427,56.707516763939,0.936097138759999,15.5072484375,31.0288314629942,0.0437960772120788,1.87276229743406,0.300488498062543,3.44503609680558,1.07058178755063,2.67494280731749
43,336,336,1,2.22313091513069,0.894772394933822,64.196293874019,0.936097155250598,15.5072484375,43.412275455351,-0.02406941187795,2.22313091513069,0.469377021060399,3.97688480920098,1.32835852019687,3.11790331006451
44,344,344,1,2.03057562010709,0.962637830168036,71.6850711160238,1.25719507709561,15.5072484375,40.4841971268096,0.033551061612045,2.03057562010709,0.14380547297774,3.91734576723644,1.06793778993905,2.99321345027513
45,352,352,1,2.29898411300345,0.845823454820573,81.7426317327886,1.79235832730928,15.5072484375,39.6742449304176,0.00230052030835376,2.29898411300345,0.641170141555127,3.95679808445177,1.45316065818288,3.14480756782402
46,360,360,1,2.31738827547028,0.760820518917375,96.0814983512629,6.7506716138511,15.5072484375,34.6509612085242,0.0797257739908531,2.31738827547028,0.826180058392225,3.80859649254834,1.55656775655291,3.07820879438766
47,366,1,1,2.44398869448277,0.952140649557601,136.58552803437,0,15.5072484375,39.9284722375521,0,2.44398869448277,0.577793021349872,4.31018436761567,1.49184804492517,3.39612934404037
48,373,8,1,2.44398869448277,0.952140649557601,136.58552803437,2.09285958315765,15.5072484375,35.5036020309381,-0.0314132171111116,2.44398869448277,0.577793021349872,4.31018436761567,1.49184804492517,3.39612934404037
49,381,16,1,2.07705189797145,0.747616709178949,153.328404699631,-1.2839049295502,15.5072484375,34.1702767519309,-0.00423624450738875,2.07705189797145,0.61172314798071,3.54238064796219,1.3294351887925,2.8246686071504
50,389,24,1,2.04316194191234,0.805672895754658,143.057165263229,-1.28390489540989,15.5072484375,52.9822741690737,0.0163005656343475,2.04316194191234,0.464043066233211,3.62228081759147,1.23748904615768,2.848834837667
51,397,32,1,2.17356646698712,0.978829554778287,132.78592609995,-1.28390490976476,15.5072484375,56.9892428177303,-0.096283656745465,2.17356646698712,0.255060539621678,4.09207239435256,1.19473691220883,3.15239602176541
52,405,40,1,1.4032972130234,0.962531538032507,122.514686821832,-1.14066462929052,15.5072484375,47.5058973910272,0.0934135715559925,1.4032972130234,-0.483264601520314,3.28985902756711,0.440765674990893,2.36582875105591
53,413,48,1,2.15060578547134,0.716912386309351,113.389369787508,-0.710943780632453,15.5072484375,52.6338310959319,-0.000459727600976235,2.15060578547134,0.745457508305012,3.55575406263767,1.43369339916199,2.86751817178069
54,421,56,1,2.14692796466353,0.815387047139337,107.701819542448,-0.710943797561853,15.5072484375,74.5601088946222,-0.0508208260493575,2.14692796466353,0.54876935227043,3.74508657705663,1.33154091752419,2.96231501180287
55,429,64,1,1.74036135626867,1.05093603156241,102.014269161953,-0.710943786365313,15.5072484375,57.2654093859662,0.0641520962745063,1.74036135626867,-0.319473265593654,3.80019597813099,0.68942532470626,2.79129738783108
56,437,72,1,2.25357812646472,0.747464373760381,96.3267188710308,0.226287472732343,15.5072484375,69.4756174890431,-0.00956961575005441,2.25357812646472,0.788547953894373,3.71860829903507,1.50611375270434,3.0010425002251
57,445,80,1,2.15840228362391,0.826793174583789,98.1370186528895,0.538697879467616,15.5072484375,80.5717720437362,0.0647312698540455,2.15840228362391,0.537887661439683,3.77891690580814,1.33160910904012,2.9851954582077
58,453,88,1,2.63327539044839,0.69127395574991,102.44660168863,0.53869786340328,15.5072484375,78.1692215201026,-0.0240075907002553,2.63327539044839,1.27837843717857,3.98817234371821,1.94200143469848,3.3245493461983
59,461,96,1,2.4000087827884,0.658314819550573,106.756184595857,0.538697881297132,15.5072484375,95.13845515051,0.0915056564332013,2.4000087827884,1.10971173646928,3.69030582910752,1.74169396323783,3.05832360233897
60,469,104,1,3.09247909283859,0.735312155043919,111.065767646234,-0.873664812822279,15.5072484375,104.748904823739,-0.0126666605032113,3.09247909283859,1.65126726895251,4.53369091672467,2.35716693779467,3.82779124788251
61,477,112,1,2.9911458088129,0.593557554129245,104.076449143656,-1.07543085063501,15.5072484375,94.4951964396446,-0.0453495529690313,2.9911458088129,1.82777300271958,4.15451861490622,2.39758825468366,3.58470336294215
62,485,120,1,2.62834938506065,0.734243654674747,95.4730023385754,-1.07543095266242,15.5072484375,98.2826966550267,0.0606950563962788,2.62834938506065,1.18923182189815,4.06746694822315,1.8941057303859,3.3625930397354
63,493,128,1,3.11390983623088,0.484187706667605,86.869554717276,-1.13895279734294,15.5072484375,121.678490115317,0.00726371428511746,3.11390983623088,2.16490193116237,4.06291774129939,2.62972212956327,3.59809754289849
64,501,136,1,3.17201955051182,0.496053523426408,77.7579323385325,-1.58360611371282,15.5072484375,111.383716556655,-0.00125212384957245,3.17201955051182,2.19975464459606,4.14428445642758,2.67596602708541,3.66807307393823
65,509,144,1,3.16200255971524,0.410696321393846,65.0890834288299,-1.58360611245864,15.5072484375,134.361567166927,-0.023859644626625,3.16200255971524,2.3570377697833,3.96696734964718,2.75130623832139,3.57269888110909
66,517,152,1,2.97112540270224,0.373399505660045,52.4202345291608,-1.58360610932733,15.5072484375,99.5898858550914,-0.0262395491350437,2.97112540270224,2.23926237160855,3.70298843379593,2.59772589704219,3.34452490836228
67,525,160,1,2.76120900962189,0.349337935216386,39.7513856545422,-1.28032281165943,15.5072484375,160.967731038315,-0.0233005277298213,2.76120900962189,2.07650665659777,3.44591136264601,2.4118710744055,3.11054694483828
68,533,168,1,2.57480478778332,0.420982475885913,29.5088031612667,-0.370472914110874,15.5072484375,138.273764299055,-0.0107391805786487,2.57480478778332,1.74967913504693,3.39993044051971,2.15382231189741,2.99578726366923
69,541,176,1,2.48889134315413,0.395616304718143,26.5450198483797,-0.37047292170424,15.5072484375,128.180807331861,-0.0348260910322125,2.48889134315413,1.71348338590657,3.26429930040169,2.09327503843599,2.88450764787227
70,549,184,1,2.21028261489643,0.530562297519762,23.5812364747458,-0.370472917894102,15.5072484375,117.889073247744,0.0183476013644488,2.21028261489643,1.1703805117577,3.25018471803516,1.67972031737667,2.74084491241619
71,557,192,1,2.35706342581202,0.293733056762934,20.617453131593,-0.21775465223318,15.5072484375,116.231174107812,0.0241542138479762,2.35706342581202,1.78134663455667,2.93278021706737,2.06333036904909,2.65079648257495
72,565,200,1,2.55029713659583,0.282694625707936,18.8754159137276,-0.065036385694722,15.5072484375,145.517515694506,0.00670919667878879,2.55029713659583,1.99621567020828,3.10437860298338,2.26760251088789,2.83299176230377
73,573,208,1,2.60397071002614,0.404732368733134,18.3551248281698,-0.0650363869799522,15.5072484375,133.496493020043,0.00433227575555622,2.60397071002614,1.8106952673092,3.39724615274308,2.19923834129301,3.00870307875927
74,581,216,1,2.63862891607059,0.352567923473108,17.8348337323302,-0.0650363870099633,15.5072484375,136.229915592292,-0.0291375730279675,2.63862891607059,1.9475957860633,3.32966204607788,2.28606099259748,2.9911968395437
75,589,224,1,2.40552833184685,0.352589437574237,17.3145426362505,0.259223441712354,15.5072484375,106.404481874126,0.0026717658230713,2.40552833184685,1.71445303420135,3.09660362949235,2.05293889427261,2.75811776942109
76,597,232,1,2.42690245843142,0.350377121497266,19.3883301699493,0.453779333666377,15.5072484375,119.618447138852,-0.0106289849972287,2.42690245843142,1.74016330029678,3.11364161656606,2.07652533693415,2.77727957992869
77,605,240,1,2.34187057845359,0.453930914808719,23.0185648392803,0.453779331377405,15.5072484375,99.2897603424622,-0.0142205551344888,2.34187057845359,1.4521659854285,3.23157517147868,1.88793966364487,2.79580149326231
78,613,248,1,2.22810613737768,0.456019762270582,26.6487994902995,0.453779334237585,15.5072484375,102.621087257324,-0.00455937487786497,2.22810613737768,1.33430740332734,3.12190487142802,1.7720863751071,2.68412589964826
79,621,256,1,2.19163113835476,0.384214754186887,30.2790341642002,0.414530895300626,15.5072484375,91.6881401435717,0.00916097207931251,2.19163113835476,1.43857022014846,2.94469205656106,1.80741638416787,2.57584589254165
80,629,264,1,2.26491891498926,0.625419121348665,33.5952813266052,0.401448087075525,15.5072484375,108.917784144162,-0.0210551113770888,2.26491891498926,1.03909743714588,3.49074039283264,1.6394997936406,2.89033803633793
81,637,272,1,2.09647802397255,0.390781231954729,36.8068660232094,0.401448084720311,15.5072484375,98.7414983895295,-0.00515976129873875,2.09647802397255,1.33054680934128,2.86240923860382,1.70569679201782,2.48725925592728
82,645,280,1,2.05519993358264,0.47278506028613,40.0184507009719,0.401448081913925,15.5072484375,61.5180512428707,0.042750626523145,2.05519993358264,1.12854121542183,2.98185865174345,1.58241487329651,2.52798499386877
83,653,288,1,2.3972049457678,0.589301249917759,43.2300353562833,0.827525661811222,15.5072484375,67.2979103263137,0.0267095734196637,2.3972049457678,1.24217449592899,3.55223539560661,1.80790369585004,2.98650619568556
84,661,296,1,2.61088153312511,0.669979621214503,49.8502406507731,0.82752564746473,15.5072484375,63.856318664317,-0.0704475165824025,2.61088153312511,1.29772147554468,3.92404159070554,1.94090191191061,3.28086115433961
85,669,304,1,2.04730140046589,0.740797516810467,56.4704458304909,0.827525660954435,15.5072484375,46.5349493522065,-0.0673672683872525,2.04730140046589,0.595338267517374,3.49926453341441,1.30650388365542,2.78809891727636
86,677,312,1,1.50836325336787,0.85586090997934,63.0906511181264,0.759382220961988,15.5072484375,33.5031177427678,0.0433948616771987,1.50836325336787,-0.169124130191636,3.18585063692738,0.65250234338853,2.36422416334721
87,685,320,1,1.85552214678546,0.759477079275673,69.1657088858223,0.282378123783399,15.5072484375,56.0404501239823,0.0100637799689325,1.85552214678546,0.366947071405141,3.34409722216578,1.09604506750979,2.61499922606113
88,693,328,1,1.93603238653692,0.801503945018055,71.4247338760895,0.282378121606177,15.5072484375,41.6414079570738,-0.00888234209668625,1.93603238653692,0.365084654301532,3.50698011877231,1.13452844151887,2.73753633155498
89,701,336,1,1.86497364976343,0.697550802868631,73.6837588489389,0.282378115937544,15.5072484375,34.5325032883585,-0.0175179199986425,1.86497364976343,0.497774076140913,3.23217322338595,1.1674228468948,2.56252445263206
90,709,344,1,1.72483028977429,0.843600889529712,75.9427837764393,1.11105448880336,15.5072484375,37.0873392079845,-0.06912839714219,1.72483028977429,0.0713725462960544,3.37828803325253,0.881229400244578,2.568431179304
91,717,352,1,1.17180311263677,1.25683591160949,84.8312196868662,2.49218179039656,15.5072484375,34.1140578929493,0.04896755159822,1.17180311263677,-1.29159527411783,3.63520149939137,-0.08503279897272,2.42863902424626
92,725,360,1,1.56354352542253,0.94248229478506,104.768674010039,-0.140735380526574,15.5072484375,24.5371959020193,0.0746730064129886,1.56354352542253,-0.283721772356187,3.41080882320125,0.62106123063747,2.50602582020759
93,732,1,1,2.08625457031345,0.837423858878136,103.783526346353,0,15.5072484375,24.620194286621,0,2.08625457031345,0.444903806912304,3.7276053337146,1.24883071143531,2.92367842919159
94,739,8,1,2.08625457031345,0.837423858878136,103.783526346353,-0.249778601042916,15.5072484375,42.8293973038628,-0.04957306780265,2.08625457031345,0.444903806912304,3.7276053337146,1.24883071143531,2.92367842919159
95,747,16,1,1.68967002789225,0.814371663416379,101.785297538009,1.70551815966764,15.5072484375,54.0396984175575,-0.0217035187919949,1.68967002789225,0.0935015675961473,3.28583848818835,0.875298364475871,2.50404169130863
96,755,24,1,1.39024808769181,1.0292961655444,115.42944281535,1.70551814786264,15.5072484375,38.2845942680779,0.055039536625609,1.39024808769181,-0.627172396775214,3.40766857215883,0.36095192214741,2.41954425323621
97,763,32,1,1.71884114796085,1.10660937408813,129.073587998252,1.70551814217115,15.5072484375,53.2106679992959,0.0905877292181444,1.71884114796085,-0.450113225251885,3.88779552117358,0.61223177387272,2.82545052204898
98,771,40,1,2.34305688761507,0.857471923405654,142.717733135621,1.72914310185447,15.5072484375,51.7126523974007,-0.025595706973637,2.34305688761507,0.662411917739988,4.02370185749015,1.48558496420942,3.20052881102072
99,779,48,1,2.04577896136088,0.75559335542816,156.550877950457,1.80001778950295,15.5072484375,66.8570724505174,0.0596098799784042,2.04577896136088,0.564815984721686,3.52674193800007,1.29018560593272,2.80137231678904
100,787,56,1,2.43466197277691,0.693170771201779,170.95102026648,1.80001786932769,15.5072484375,70.2229495312977,-0.0525612139671233,2.43466197277691,1.07604726122142,3.7932766843324,1.74149120157513,3.12783274397869
101,795,64,1,1.93329713993763,0.766937784719289,185.351163221102,1.80001780675923,15.5072484375,70.4108062786033,0.0714948296283093,1.93329713993763,0.430099081887824,3.43649519798744,1.16635935521834,2.70023492465692
102,803,72,1,2.43043486117805,0.621097652531651,199.751305675176,-0.27097435054257,15.5072484375,66.4915644359173,0.00315516315968751,2.43043486117805,1.21308346221601,3.64778626014009,1.8093372086464,3.0515325137097
103,811,80,1,2.45567616645555,0.732817720352186,197.583510870835,-0.961305117485061,15.5072484375,96.9080322446189,0.0345042025718299,2.45567616645555,1.01935343456527,3.89199889834583,1.72285844610336,3.18849388680774
104,819,88,1,2.73170978703019,0.621832030475575,189.893069930954,-0.961305060415562,15.5072484375,114.455357708345,-0.0602040408695637,2.73170978703019,1.51291900729806,3.95050056676232,2.10987775655462,3.35354181750576
105,827,96,1,2.25007746007368,0.758093427462537,182.20262944763,-0.961305074298618,15.5072484375,92.0262669309591,0.00710793802913751,2.25007746007368,0.764214342247107,3.73594057790025,1.49198403261114,3.00817088753622
106,835,104,1,2.30694096430678,0.572497552582116,174.512188853241,-4.4266126067357,15.5072484375,121.865696135161,0.0309575241045975,2.30694096430678,1.18484576124583,3.42903616736773,1.73444341172466,2.8794385168889
107,843,112,1,2.55460115714356,0.71002629252192,139.099287999355,-4.92165643730928,15.5072484375,120.072886250553,0.0114114842577575,2.55460115714356,1.1629496238006,3.94625269048652,1.84457486462164,3.26462744966548
108,851,120,1,2.64589303120562,0.672146388430613,99.7260365008812,-4.92165647697322,15.5072484375,74.3471647653066,0.033636304291115,2.64589303120562,1.32848610988162,3.96329995252962,1.97374664277501,3.31803941963623
109,859,128,1,2.91498346553454,0.593570696157165,60.3527846850954,-4.32359772094632,15.5072484375,106.09009519339,0.0174453874191075,2.91498346553454,1.7515849010665,4.07838203000258,2.32141276937738,3.50855416169171
110,867,136,1,3.0545465648874,0.402093221649209,25.7640029175249,-0.137186381967947,15.5072484375,97.0307953035374,0.038589327513795,3.0545465648874,2.26644385045495,3.84264927931985,2.65245334323819,3.45663978653661
111,875,144,1,3.36326118499776,0.477159107104982,24.6665118617813,-0.137186381489854,15.5072484375,157.995980396935,-0.00493725875637374,3.36326118499776,2.428029335072,4.29849303492352,2.88610207789278,3.84042029210274
112,883,152,1,3.32376311494677,0.372231587857648,23.5690208098624,-0.137186381878956,15.5072484375,137.417936004744,-0.02912152815812,3.32376311494677,2.59418920274578,4.05333702714776,2.95153152708912,3.69599470280442
113,891,160,1,3.09079088968181,0.432447938559211,22.4715297548308,-0.136689913841999,15.5072484375,145.426734961303,-0.00529730424719126,3.09079088968181,2.24319293010576,3.93838884925786,2.6583429511226,3.52323882824102
114,899,168,1,3.04841245570428,0.402595986416826,21.3780104440948,-0.13520051646357,15.5072484375,137.617274288868,-0.0157497659307725,3.04841245570428,2.2593243223273,3.83750058908126,2.64581646928745,3.45100844212111
115,907,176,1,2.9224143282581,0.34975437591122,20.2964063123863,-0.135200521729684,15.5072484375,129.8277742292,-0.01078685159317,2.9224143282581,2.23689575147211,3.60793290504409,2.57265995234688,3.27216870416932
116,915,184,1,2.83611951551274,0.421902853312637,19.2148021385488,-0.135200516450115,15.5072484375,128.647958627415,-0.02489221123627,2.83611951551274,2.00918992301997,3.66304910800551,2.4142166622001,3.25802236882538
117,923,192,1,2.63698182562258,0.325030046199156,18.1331980069479,-0.0258629765992788,15.5072484375,125.479314663459,-0.0115388697985238,2.63698182562258,1.99992293507223,3.27404071617293,2.31195177942342,2.96201187182174
118,931,200,1,2.54467086723439,0.333558979775179,17.9262941941536,0.0834745603396296,15.5072484375,118.371191013881,0.00905839045974122,2.54467086723439,1.89089526687504,3.19844646759374,2.21111188745921,2.87822984700957
119,939,208,1,2.61713799091232,0.35705013898737,18.5940906768707,0.0834745614954966,15.5072484375,123.999799043465,-0.0264681252391825,2.61713799091232,1.91731971849707,3.31695626332756,2.26008785192495,2.97418812989969
120,947,216,1,2.40539298899886,0.406657792226895,19.2618871688346,0.0834745598925886,15.5072484375,142.159555404838,0.00122896234378374,2.40539298899886,1.60834371623415,3.20244226176357,1.99873519677197,2.81205078122576
121,955,224,1,2.41522468774913,0.412451769111063,19.9296836479753,0.0961086037444621,15.5072484375,136.872144334686,-0.0128872799717475,2.41522468774913,1.60681922029145,3.22363015520681,2.00277291863807,2.82767645686019
122,963,232,1,2.31212644797515,0.320535927314261,20.698552477931,0.103689031319487,15.5072484375,109.762734329815,-0.00814465753979249,2.31212644797515,1.6838760304392,2.9403768655111,1.99159052066089,2.63266237528941
123,971,240,1,2.24696918765681,0.388647309441808,21.5280647284869,0.103689034765384,15.5072484375,95.335667506975,0.01071960186404,2.24696918765681,1.48522046115087,3.00871791416275,1.858321878215,2.63561649709862
124,979,248,1,2.33272600256913,0.370640130580364,22.35757700661,0.103689029098796,15.5072484375,107.921281877016,-0.00378084226280625,2.33272600256913,1.60627134663162,3.05918065850664,1.96208587198877,2.70336613314949
125,987,256,1,2.30247926446668,0.433944830444441,23.1870892394004,0.354600473366054,15.5072484375,122.605129597211,-0.0290646600969512,2.30247926446668,1.45194739679558,3.15301113213778,1.86853443402224,2.73642409491112
126,995,264,1,2.06996198369107,0.465045516493867,26.0238930263288,0.43823761074493,15.5072484375,88.3430312356819,0.029889776840265,2.06996198369107,1.15847277136309,2.98145119601905,1.6049164671972,2.53500750018494
127,1003,272,1,2.30908019841319,0.434439219692526,29.5297939122882,0.438237620186475,15.5072484375,96.7872390776135,-0.0208870181188813,2.30908019841319,1.45757932781584,3.16058106901054,1.87464097872066,2.74351941810572
128,1011,280,1,2.14198405346214,0.529262005071153,33.03569487378,0.438237613493372,15.5072484375,68.5025739584656,-0.00374063323985504,2.14198405346214,1.10463052352268,3.1793375834016,1.61272204839099,2.67124605853329
129,1019,288,1,2.1120589875433,0.401652522111872,36.541595781727,-0.0527484749443783,15.5072484375,95.8251273806311,-0.00656019059234246,2.1120589875433,1.32482004420403,2.89929793088257,1.71040646543143,2.51371150965517
130,1027,296,1,2.05957746280456,0.794102034512454,36.119607982172,-0.0527484718668827,15.5072484375,49.2437809241567,-0.0122303698222675,2.05957746280456,0.50313747516015,3.61601745044897,1.26547542829211,2.85367949731701
131,1035,304,1,1.96173450422642,0.753058060271889,35.6976202072369,-0.0527484763744752,15.5072484375,58.9175307472828,-0.00513512348862749,1.96173450422642,0.485740706093517,3.43772830235932,1.20867644395453,2.71479256449831
132,1043,312,1,1.9206535163174,0.728312250146456,35.2756323962411,0.291539202484605,15.5072484375,50.2036403652121,-0.0440845137753075,1.9206535163174,0.493161506030346,3.34814552660445,1.19234126617094,2.64896576646386
133,1051,320,1,1.56797740611494,0.963431636373492,37.607946016118,2.70155290940467,15.5072484375,36.4237682418088,0.0383020172557013,1.56797740611494,-0.320348601177104,3.45630341340698,0.604545769741448,2.53140904248843
134,1059,328,1,1.87439354416055,0.910314787708591,59.2203692913554,2.70155290599706,15.5072484375,49.7063085652854,0.07957125953882,1.87439354416055,0.0901765602517117,3.65861052806939,0.964078756451959,2.78470833186914
135,1067,336,1,2.51096362047111,0.749179809618155,80.8327925393319,2.70155291229072,15.5072484375,39.7125806218447,0.0106437934408476,2.51096362047111,1.04257119361953,3.97935604732269,1.76178381085295,3.26014343008926
136,1075,344,1,2.59611396799789,0.873892238091015,102.445215837658,1.49645603185311,15.5072484375,35.3147341044634,0.0195902145306109,2.59611396799789,0.883285181339501,4.30894275465628,1.72222172990688,3.47000620608891
137,1083,352,1,2.64231537882624,0.925409458189203,114.416864092483,-0.512038734965023,15.5072484375,37.8238011135709,-0.0189292924074013,2.64231537882624,0.828512840775402,4.45611791687708,1.71690592063704,3.56772483701544
138,1091,360,1,2.49088103956703,0.781678050686727,110.320554212762,12.5281599224995,15.5072484375,30.0310410951855,0.0637203788051449,2.49088103956703,0.958792060221045,4.02297001891302,1.7092029888803,3.27255909025376
139,1097,1,1,2.35359521876586,0.626670772581487,185.489513747759,0,15.5072484375,29.8898590043439,0,2.35359521876586,1.12532050450615,3.58186993302557,1.72692444618437,2.98026599134735
140,1104,8,1,2.35359521876586,0.626670772581487,185.489513747759,3.6637123678334,15.5072484375,43.5082464178897,0.0381912249856488,2.35359521876586,1.12532050450615,3.58186993302557,1.72692444618437,2.98026599134735
141,1112,16,1,2.5124196721256,0.607282217984647,214.799212690426,0.843803368206636,15.5072484375,40.386684524636,0.0146753587259145,2.5124196721256,1.32214652487569,3.70269281937551,1.90513745414095,3.11970189011025
142,1120,24,1,2.59887956816012,0.660263468035455,221.54963963608,0.843803346413726,15.5072484375,52.7850887205425,-0.0117476537489458,2.59887956816012,1.30476317081063,3.89299596550961,1.93861610012467,3.25914303619557
143,1128,32,1,2.4748841648413,0.658992354221302,228.300066407389,0.843803362920898,15.5072484375,57.605848073613,-0.0730536425299557,2.4748841648413,1.18325915056755,3.76650917911505,1.81589181062,3.1338765190626
144,1136,40,1,1.861315512799,0.899616977080219,235.050493310757,0.644444039944098,15.5072484375,62.8587606557189,0.048358614771638,1.861315512799,0.0980662377217707,3.62456478787623,0.961698535718781,2.76093248987922
145,1144,48,1,2.22648770870707,0.949670861222442,240.206045630309,0.0463661987665702,15.5072484375,52.4394507079351,0.02691311751257,2.22648770870707,0.365132820711084,4.08784259670306,1.27681684748463,3.17615856992951
146,1152,56,1,2.44024962566562,0.926624510490209,240.576975220442,0.0463662117305255,15.5072484375,62.0493465282796,-0.00931421423825029,2.44024962566562,0.62406558510481,4.25643366622643,1.51362511517541,3.36687413615583
147,1160,64,1,2.36419526543991,0.698183286667258,240.947904914286,0.0463662086262282,15.5072484375,75.6563199686208,0.00429807092744344,2.36419526543991,0.995756023572084,3.73263450730774,1.66601197877265,3.06237855210717
148,1168,72,1,2.39704155658297,0.727503274289309,241.318834583296,-3.42693329081762,15.5072484375,83.8632007876821,0.0504563382969075,2.39704155658297,0.971135138975924,3.82294797419002,1.66953828229366,3.12454483087228
149,1176,80,1,2.80069226295823,0.562520763450444,213.903368256755,-4.58469978219939,15.5072484375,107.560191688071,-0.0666211431397413,2.80069226295823,1.69815156659536,3.9032329593211,2.23817149950779,3.36321302640867
150,1184,88,1,2.2677231178403,0.873142216198384,177.22576999916,-4.58469976627163,15.5072484375,77.9075234466258,0.0288132041773263,2.2677231178403,0.556364374091467,3.97908186158913,1.39458090164192,3.14086533403868
151,1192,96,1,2.49822875125891,0.693038551874327,140.548171868987,-4.58469977877204,15.5072484375,117.090022638694,0.0238352812109638,2.49822875125891,1.13987318958523,3.85658431293259,1.80519019938458,3.19126730313324
152,1200,104,1,2.68891100094662,0.510348760997378,103.870573638811,-2.16696824039027,15.5072484375,126.638371171949,0.04305309680193,2.68891100094662,1.68862742939176,3.68919457250148,2.17856223994924,3.199259761944
153,1208,112,1,3.03333577536206,0.637584519995366,86.5348277156884,-1.82157804040446,15.5072484375,76.4446635458558,0.0273598127450975,3.03333577536206,1.78367011617114,4.28300143455298,2.39575125536669,3.67092029535743
154,1216,120,1,3.25221427732284,0.524298121430775,71.9622033924527,-1.82157801243994,15.5072484375,97.1684951742887,-0.011929062797695,3.25221427732284,2.22458995931852,4.27983859532716,2.72791615589207,3.77651239875362
155,1224,128,1,3.15678177494128,0.458913482479379,57.3895792929332,-1.68283074106812,15.5072484375,94.4290983121168,-0.0086207750535075,3.15678177494128,2.2573113492817,4.05625220060086,2.6978682924619,3.61569525742066
156,1232,136,1,3.08781557451322,0.524269564739512,43.9269333643882,-0.711599740373624,15.5072484375,122.390946308599,0.0364669073682937,3.08781557451322,2.06024722762378,4.11538392140266,2.56354600977371,3.61208513925273
157,1240,144,1,3.37955083345957,0.513611582152732,38.2341354413992,-0.711599741544982,15.5072484375,65.9472507571772,-0.03786988109414,3.37955083345957,2.37287213244022,4.38622953447892,2.86593925130684,3.8931624156123
158,1248,152,1,3.07659178470645,0.54727840502322,32.5413375090394,-0.711599743401428,15.5072484375,134.256116263828,0.010077195968615,3.07659178470645,2.00392611086094,4.14925745855196,2.52931337968323,3.62387018972967
159,1256,160,1,3.15720935245537,0.492712787446908,26.848539561828,-0.606343338129412,15.5072484375,117.717229978348,-0.0340675963168238,3.15720935245537,2.19149228905943,4.12292641585131,2.66449656500846,3.64992213990228
160,1264,168,1,2.88466858192078,0.585196642938139,21.9977928567927,-0.290574135816554,15.5072484375,88.9260946470996,0.0204007420598862,2.88466858192078,1.73768316176203,4.03165400207953,2.29947193898264,3.46986522485892
161,1272,176,1,3.04787451839987,0.430886471162623,19.6731997702602,-0.290574142323393,15.5072484375,110.341021886401,-0.0188440270112762,3.04787451839987,2.20333703492113,3.89241200187861,2.61698804723725,3.47876098956249
162,1280,184,1,2.89712230230966,0.475608420924839,17.3486066316731,-0.290574140117194,15.5072484375,148.686809494314,-0.0118379418038487,2.89712230230966,1.96492979729698,3.82931480732234,2.42151388138482,3.3727307232345
163,1288,192,1,2.80241876787887,0.412628804766214,15.0240135107355,-0.150136802212029,15.5072484375,152.092174707525,-0.0325767992304163,2.80241876787887,1.99366631053709,3.61117122522065,2.38978996311266,3.21504757264508
164,1296,200,1,2.54180437403554,0.318357937665088,13.8229190930393,-0.00969946863232618,15.5072484375,128.86211305271,0.000147724466321292,2.54180437403554,1.91782281621197,3.16578593185911,2.22344643637045,2.86016231170063
165,1304,208,1,2.54298616976611,0.430028283172517,13.7453233439807,-0.0096994685081575,15.5072484375,117.235419754242,-0.0249090285058687,2.54298616976611,1.70013073474798,3.38584160478424,2.11295788659359,2.97301445293863
166,1312,216,1,2.34371394171916,0.340329819327175,13.6677275959154,-0.00969946496809282,15.5072484375,129.538048183452,0.00271046639436372,2.34371394171916,1.6766674958379,3.01076038760042,2.00338412239199,2.68404376104634
167,1320,224,1,2.36539767287407,0.339129790137442,13.5901318761707,0.180764600040598,15.5072484375,119.540138243326,-0.00578429971171873,2.36539767287407,1.70070328420468,3.03009206154346,2.02626788273663,2.70452746301151
168,1328,232,1,2.31912327518032,0.578104889697849,15.0362486764955,0.295043038735163,15.5072484375,116.746883738165,-0.0400052564674463,2.31912327518032,1.18603769137254,3.4522088589881,1.74101838548247,2.89722816487817
169,1336,240,1,1.99908122344075,0.487453372446144,17.3965929863768,0.295043041099697,15.5072484375,121.62525636554,0.02557314507371,1.99908122344075,1.04367261344631,2.95448983343519,1.51162785099461,2.48653459588689
170,1344,248,1,2.20366638403043,0.428370028284699,19.7569373151744,0.295043039285678,15.5072484375,100.815305055463,0.010484646098335,2.20366638403043,1.36406112859242,3.04327163946844,1.77529635574573,2.63203641231513
171,1352,256,1,2.28754355281711,0.497290857725537,22.1172816294598,0.512738376574372,15.5072484375,93.6146161540437,-0.0110154152104413,2.28754355281711,1.31285347167506,3.26223363395916,1.79025269509157,2.78483441054265
172,1360,264,1,2.19942023113358,0.517680887919404,26.2191886420548,0.585303491598216,15.5072484375,91.4202161990654,-0.00075368484998128,2.19942023113358,1.18476569081155,3.21407477145561,1.68173934321418,2.71710111905298
173,1368,272,1,2.19339075233373,0.672167844392789,30.9016165748405,0.585303487854281,15.5072484375,91.2796025082968,0.01308736660551,2.19339075233373,0.875941777323864,3.5108397273436,1.52122290794094,2.86555859672652
174,1376,280,1,2.29808968517781,0.454870768184675,35.5840444776747,0.585303489191264,15.5072484375,78.7431252185374,-0.0203821976119975,2.29808968517781,1.40654297953585,3.18963639081977,1.84321891699314,2.75296045336249
175,1384,288,1,2.13503210428183,0.64901693891395,40.2664723912048,0.681351476678004,15.5072484375,59.7786214310411,-0.0239989329602687,2.13503210428183,0.862958904010488,3.40710530455317,1.48601516536788,2.78404904319578
176,1392,296,1,1.94304064059968,0.817705458095003,45.7172842046289,0.681351473782616,15.5072484375,47.4174432789219,-0.000696387813416277,1.94304064059968,0.340337942733474,3.54574333846589,1.12533518250468,2.76074609869468
177,1400,304,1,1.93746953809235,0.686008145646162,51.1680959948898,0.681351474751214,15.5072484375,53.3434666457369,0.0484885815324313,1.93746953809235,0.592893572625872,3.28204550355883,1.25146139244619,2.62347768373851
178,1408,312,1,2.3253781903518,0.542899398306258,56.6189077928995,0.723558988463544,15.5072484375,55.8721549950246,-0.0724963771041,2.3253781903518,1.26129536967153,3.38946101103207,1.78247879204554,2.86827758865806
179,1416,320,1,1.745407173519,0.825868785683504,62.4073797006079,1.01901153780105,15.5072484375,38.130154268219,0.015161368701735,1.745407173519,0.126704353579332,3.36410999345867,0.919538387835496,2.5712759592025
180,1424,328,1,1.86669812313288,0.648343134994278,70.5594720030163,1.01901153054088,15.5072484375,34.221561747351,0.0616401771675787,1.86669812313288,0.595945578544095,3.13745066772166,1.2183549881386,2.51504125812716
181,1432,336,1,2.35981954047351,0.78977888320129,78.7115642473433,1.01901153142671,15.5072484375,37.026322432897,-0.0355901471568,2.35981954047351,0.811852929398982,3.90778615154804,1.57004065727222,3.1495984236748
182,1440,344,1,2.07509836321911,1.04423818942622,86.863656498757,2.1126486961916,15.5072484375,37.6232892934405,-0.0823320630669012,2.07509836321911,0.0283915119437186,4.1218052144945,1.03086017379289,3.11933655264533
183,1448,352,1,1.4164418586839,1.23338630889449,103.76484606829,3.93537727204461,15.5072484375,36.5261243578931,0.100397859469945,1.4164418586839,-1.0009953067493,3.8338790241171,0.18305554978941,2.64982816757839
184,1456,360,1,1.95464285151654,0.980744604323995,135.247864244647,-3.68604441892215,15.5072484375,33.0449664086318,0.0264854627367617,1.95464285151654,0.0323834270415098,3.87690227599157,0.973898247192545,2.93538745584054
185,1462,1,1,2.11355562793711,0.957411904938691,113.131597731114,0,15.5072484375,35.4607539441087,0,2.11355562793711,0.237028294257276,3.99008296161694,1.15614372299842,3.0709675328758
186,1469,8,1,2.11355562793711,0.957411904938691,113.131597731114,0.0693647228429537,15.5072484375,33.856616156264,0.013859160317043,2.11355562793711,0.237028294257276,3.99008296161694,1.15614372299842,3.0709675328758
187,1477,16,1,2.21953583661824,0.858794831557865,113.686515513857,2.46512780332733,15.5072484375,37.1265091421378,0.0201368628360953,2.21953583661824,0.536297966764825,3.90277370647166,1.36074100506038,3.0783306681761
188,1485,24,1,2.22066689778108,1.20875429838753,133.407537940476,2.46512786316377,15.5072484375,55.5273111011756,0.0344349530703062,2.22066689778108,-0.148491527058479,4.58982532262064,1.01191259939355,3.42942119616861
189,1493,32,1,2.35827732499735,0.935489598474159,153.128560845786,2.46512780516097,15.5072484375,59.9035641121486,-0.00581844595063264,2.35827732499735,0.524717711987998,4.1918369380067,1.42278772652319,3.29376692347151
190,1501,40,1,2.19058583739482,1.0040787194188,172.849583287074,2.10030835219141,15.5072484375,46.5120652028245,-0.00995805930954634,2.19058583739482,0.222591547333972,4.15858012745567,1.18650711797602,3.19466455681362
191,1509,48,1,2.01815204043386,1.06130726136009,189.652050104605,1.00584982002362,15.5072484375,56.8326080458498,0.0362997651718828,2.01815204043386,-0.0620101918319165,4.09831427269964,0.95684477907377,3.07945930179395
192,1517,56,1,2.26699633331105,0.691284004051495,197.698848664794,1.00584985855971,15.5072484375,69.2986647695807,-0.0456454834641964,2.26699633331105,0.91207968537012,3.62191298125198,1.57571232925956,2.95828033736255
193,1525,64,1,1.86193668692746,0.931522581041486,205.745647533272,1.00584982839306,15.5072484375,64.9284891062944,0.0476682403604506,1.86193668692746,0.0361524280861476,3.68772094576877,0.930414105885974,2.79345926796895
194,1533,72,1,2.20491762836169,0.826910663476587,213.792446160416,-2.26783725965353,15.5072484375,68.7055431509581,0.0376954290167238,2.20491762836169,0.584172727947579,3.8256625287758,1.3780069648851,3.03182829183828
195,1541,80,1,2.50648106049548,0.791288172086454,195.649748083188,-3.35906631762784,15.5072484375,75.5324910340509,-0.100322231137207,2.50648106049548,0.955556243206031,4.05740587778493,1.71519288840903,3.29776923258193
196,1549,88,1,1.70390321139782,0.976232684828175,168.777217542165,-3.35906626906248,15.5072484375,68.6760522304203,0.0622328019747349,1.70390321139782,-0.209512850865403,3.61731927366104,0.727670526569645,2.680135896226
197,1557,96,1,2.2017656271957,0.631789959874764,141.904687389666,-3.35906633073256,15.5072484375,121.457598687998,0.10084686418951,2.2017656271957,0.963457305841162,3.44007394855024,1.56997566732094,2.83355558707046
198,1565,104,1,3.00854054071178,0.68680151827098,115.032156743805,-2.07885134125544,15.5072484375,90.959676746559,-0.0329916232692387,3.00854054071178,1.66240956490066,4.3546715165229,2.3217390224408,3.69534205898276
199,1573,112,1,2.74460755455787,0.504058348507134,98.4013460137616,-1.89596345977859,15.5072484375,78.0321695509543,0.0335472443033488,2.74460755455787,1.75665319148389,3.73256191763185,2.24054920605074,3.248665903065
200,1581,120,1,3.01298550898466,0.598240956812942,83.2336383355328,-1.89596346948089,15.5072484375,111.405137984144,0.0481805707261425,3.01298550898466,1.84043323363129,4.18553778433803,2.41474455217172,3.6112264657976
201,1589,128,1,3.3984300747938,0.679790157833263,68.0659305796857,-1.7783931636438,15.5072484375,81.8794663343297,-0.053002288709755,3.3984300747938,2.0660413654406,4.730818784147,2.71863991696054,4.07822023262706
202,1597,136,1,2.97441176511576,0.654478511425346,53.8387852705353,-0.955400946899829,15.5072484375,141.386205728394,-0.0517213204425363,2.97441176511576,1.69163388272208,4.25718964750944,2.31993325369041,3.62889027654111
203,1605,144,1,2.56064120157547,0.646984736842033,46.1955776953367,-0.955400957241657,15.5072484375,153.15110876867,-0.00742328380640251,2.56064120157547,1.29255111736509,3.82873128578585,1.91365646473344,3.2076259384175
204,1613,152,1,2.50125493112425,0.579960588400824,38.5523700374034,-0.955400940908334,15.5072484375,138.187740882884,0.006573812303885,2.50125493112425,1.36453217785864,3.63797768438987,1.92129434272343,3.08121551952507
205,1621,160,1,2.55384542955533,0.479453039540204,30.9091625101368,-0.800026016560277,15.5072484375,136.500451497945,-0.011963511730305,2.55384542955533,1.61411747205653,3.49357338705413,2.07439239001513,3.03329846909553
206,1629,168,1,2.45813733571289,0.656179043174771,24.5089543776546,-0.333901198381142,15.5072484375,89.0032602396349,-0.0118358501765838,2.45813733571289,1.17202641109034,3.74424826033544,1.80195829253812,3.11431637888766
207,1637,176,1,2.36345053430022,0.49797440537108,21.8377447906054,-0.333901200420743,15.5072484375,105.691636703384,0.00782433506306503,2.36345053430022,1.3874206997729,3.33948036882754,1.86547612892914,2.8614249396713
208,1645,184,1,2.42604521480474,0.532012247770928,19.1665351872395,-0.333901200752913,15.5072484375,102.047009589469,0.0161751517822787,2.42604521480474,1.38330120917372,3.46878922043576,1.89403296703381,2.95805746257567
209,1653,192,1,2.55544642906297,0.406700154237814,16.4953255812162,-0.142088486847154,15.5072484375,145.003576233588,-0.0118659224832887,2.55544642906297,1.75831412675685,3.35257873136909,2.14874627482516,2.96214658330078
210,1661,200,1,2.46051904919666,0.347234961866021,15.3586176864389,0.0497242232743198,15.5072484375,137.327287625481,0.0101484740942262,2.46051904919666,1.77993852393926,3.14109957445406,2.11328408733064,2.80775401106268
211,1669,208,1,2.54170684195047,0.387392742611094,15.7564114726335,0.0497242212668072,15.5072484375,130.042188261068,-0.03490933457294,2.54170684195047,1.78241706643273,3.30099661746821,2.15431409933938,2.92909958456156
212,1677,216,1,2.26243216536695,0.38152661040736,16.154205242768,0.0497242250645304,15.5072484375,140.531609536503,-0.0141154360913288,2.26243216536695,1.51464000896852,3.01022432176538,1.88090555495959,2.64395877577431
213,1685,224,1,2.14950867663632,0.399003373479726,16.5519990432842,0.197187135711107,15.5072484375,137.126297111379,0.0363607813104925,2.14950867663632,1.36746206461606,2.93155528865658,1.75050530315659,2.54851205011605
214,1693,232,1,2.44039492712026,0.382046456901498,18.1294961289731,0.285664885101019,15.5072484375,107.93241192837,-0.0293809961100088,2.44039492712026,1.69158387159332,3.1892059826472,2.05834847021876,2.82244138402176
215,1701,240,1,2.20534695824019,0.440756371598509,20.4148152097812,0.285664882332901,15.5072484375,108.269434593171,-0.020533328190375,2.20534695824019,1.34146446990711,3.06922944657327,1.76459058664168,2.6461033298387
216,1709,248,1,2.04108033271719,0.523717662725082,22.7001342684444,0.285664879030874,15.5072484375,103.795336458058,0.0180168210788313,2.04108033271719,1.01459371377603,3.06756695165835,1.51736266999211,2.56479799544227
217,1717,256,1,2.18521490134784,0.600248389702262,24.9854533006914,0.692009255797078,15.5072484375,101.896906013784,-0.0500420614929863,2.18521490134784,1.00872805753141,3.36170174516427,1.58496651164558,2.7854632910501
218,1725,264,1,1.78487840940395,0.709326302843212,30.521527347068,0.827457385636457,15.5072484375,79.3795178959923,0.0518974359927125,1.78487840940395,0.394598855831255,3.17515796297665,1.07555210656074,2.49420471224716
219,1733,272,1,2.20005789734565,0.649824209473306,37.1411864321597,0.827457388287629,15.5072484375,82.9233034733264,-0.00311251975206251,2.20005789734565,0.92640244677797,3.47371334791333,1.55023368787234,2.84988210681896
220,1741,280,1,2.17515773932915,0.565643307348484,43.7608455384607,0.827457380139569,15.5072484375,67.8800891673631,-0.00985509411089748,2.17515773932915,1.06649685692612,3.28381862173218,1.60951443198067,2.74080104667763
221,1749,288,1,2.09631698644197,0.698809614362897,50.3805045795773,1.23465733351601,15.5072484375,67.2134534248304,0.00912173127726745,2.09631698644197,0.726650142290692,3.46598383059325,1.39750737207907,2.79512660080487
222,1757,296,1,2.16929083666011,0.755558675923701,60.2577632477053,1.23465732352601,15.5072484375,60.0952784087967,0.0117182632428951,2.16929083666011,0.688395831849656,3.65018584147056,1.41373216073641,2.92484951258381
223,1765,304,1,2.26303694260327,0.800936225715966,70.1350218359134,1.23465733435212,15.5072484375,41.3915658168491,-0.0347963059103188,2.26303694260327,0.693201940199977,3.83287194500656,1.4621007168873,3.06397316831924
224,1773,312,1,1.98466649532072,0.835563108608617,80.0122805107303,1.20846316020524,15.5072484375,52.6106495521952,0.0287472250047588,1.98466649532072,0.346962802447831,3.62237018819361,1.1491033867121,2.82022960392934
225,1781,320,1,2.21464429535879,0.676413985093387,89.6799857923723,1.0251040359835,15.5072484375,57.4399932433145,0.00306911118296873,2.21464429535879,0.888872884575752,3.54041570614183,1.5382303102654,2.89105828045218
226,1789,328,1,2.23919718482254,0.758685036205323,97.8808180802402,1.02510401771713,15.5072484375,45.0568198129537,0.0270813514895084,2.23919718482254,0.752174513860107,3.72621985578497,1.48051214861722,2.99788222102786
227,1797,336,1,2.37538951056224,0.805565899260383,106.081650221977,1.0251040281645,15.5072484375,32.4912893955331,-0.0385730734556584,2.37538951056224,0.796480348011889,3.95429867311259,1.56982361130186,3.18095540982262
228,1805,344,1,1.99234070599813,1.09850084029067,114.282482447293,0.541658386045874,15.5072484375,37.7008221963654,-0.0284627816195637,1.99234070599813,-0.160720940971583,4.14540235296784,0.89383986570746,3.0908415462888
229,1813,352,1,1.72742247951082,1.1745574987466,118.61574953566,-0.26408436559554,15.5072484375,31.0877753165786,0.0623800825310225,1.72742247951082,-0.574710218032516,4.02955517705416,0.55286498076422,2.90197997825742
230,1821,360,1,2.226463139759,1.13290372596621,116.503074610896,0,15.5072484375,32.6771951596789,0,2.226463139759,0.00597183686522795,4.44695444265277,1.09355941379279,3.35936686572521
