tc,days,years,latmin,lonmin,latmax,lonmax,stDevPC
1,1,1998,40,-45,45,-35,7.50972080651006
2,9,1998,40,-45,45,-35,6.20212315041268
3,17,1998,40,-45,45,-35,5.7769568950647
4,25,1998,40,-45,45,-35,6.91795416024006
5,33,1998,40,-45,45,-35,6.69381305603962
6,41,1998,40,-45,45,-35,6.42703738297985
7,49,1998,40,-45,45,-35,9.05125846844783
8,57,1998,40,-45,45,-35,7.44587646468483
9,65,1998,40,-45,45,-35,6.78803459881046
10,73,1998,40,-45,45,-35,7.51266482066061
11,81,1998,40,-45,45,-35,7.44559452677908
12,89,1998,40,-45,45,-35,10.1252435265644
13,97,1998,40,-45,45,-35,15.899970175913
14,105,1998,40,-45,45,-35,16.5619947727522
15,113,1998,40,-45,45,-35,12.0958936659252
16,121,1998,40,-45,45,-35,16.8606580645933
17,129,1998,40,-45,45,-35,13.3839085450696
18,137,1998,40,-45,45,-35,11.8985311318161
19,145,1998,40,-45,45,-35,10.400113630472
20,153,1998,40,-45,45,-35,10.5728135957294
21,161,1998,40,-45,45,-35,8.75209877464209
22,169,1998,40,-45,45,-35,5.6105194141015
23,177,1998,40,-45,45,-35,4.93240885344442
24,185,1998,40,-45,45,-35,3.92164687915924
25,193,1998,40,-45,45,-35,4.13391647460224
26,201,1998,40,-45,45,-35,5.05250617696879
27,209,1998,40,-45,45,-35,5.88396952351353
28,217,1998,40,-45,45,-35,5.77917018199034
29,225,1998,40,-45,45,-35,4.47993509608316
30,233,1998,40,-45,45,-35,5.41156163409387
31,241,1998,40,-45,45,-35,6.51587421981615
32,249,1998,40,-45,45,-35,7.48550297134465
33,257,1998,40,-45,45,-35,8.28647247682389
34,265,1998,40,-45,45,-35,5.88188865388011
35,273,1998,40,-45,45,-35,7.02187961434067
36,281,1998,40,-45,45,-35,6.28742443456739
37,289,1998,40,-45,45,-35,6.47344668666471
38,297,1998,40,-45,45,-35,7.25724264978845
39,305,1998,40,-45,45,-35,8.75793102897998
40,313,1998,40,-45,45,-35,6.82761164370857
41,321,1998,40,-45,45,-35,7.04382267236845
42,329,1998,40,-45,45,-35,7.39193254118597
43,337,1998,40,-45,45,-35,6.74940895495286
44,345,1998,40,-45,45,-35,7.4736081612463
45,353,1998,40,-45,45,-35,11.0841391560045
46,361,1998,40,-45,45,-35,21.5806744444543
47,1,1999,40,-45,45,-35,12.0504186441651
48,9,1999,40,-45,45,-35,11.2034581036991
49,17,1999,40,-45,45,-35,7.55242199336522
50,25,1999,40,-45,45,-35,8.72547766921075
51,33,1999,40,-45,45,-35,6.68941646361846
52,41,1999,40,-45,45,-35,5.71902644206963
53,49,1999,40,-45,45,-35,7.90118527638585
54,57,1999,40,-45,45,-35,7.16123465316513
55,65,1999,40,-45,45,-35,8.03901848712594
56,73,1999,40,-45,45,-35,10.15819825161
57,81,1999,40,-45,45,-35,11.9863745405004
58,89,1999,40,-45,45,-35,10.5696969858951
59,97,1999,40,-45,45,-35,19.1265675744395
60,105,1999,40,-45,45,-35,16.8673394830711
61,113,1999,40,-45,45,-35,11.4077093982734
62,121,1999,40,-45,45,-35,10.0533227431573
63,129,1999,40,-45,45,-35,13.3440182258234
64,137,1999,40,-45,45,-35,10.7103086021516
65,145,1999,40,-45,45,-35,7.56105707875315
66,153,1999,40,-45,45,-35,6.45015599865676
67,161,1999,40,-45,45,-35,6.21941995846884
68,169,1999,40,-45,45,-35,5.11833942728846
69,177,1999,40,-45,45,-35,4.84614340138214
70,185,1999,40,-45,45,-35,4.49931050734211
71,193,1999,40,-45,45,-35,4.22740743345988
72,201,1999,40,-45,45,-35,5.20609836029146
73,209,1999,40,-45,45,-35,6.92181043490633
74,217,1999,40,-45,45,-35,6.00101749506475
75,225,1999,40,-45,45,-35,5.80887543553423
76,233,1999,40,-45,45,-35,6.64022268338224
77,241,1999,40,-45,45,-35,6.15394783089666
78,249,1999,40,-45,45,-35,5.53671719358485
79,257,1999,40,-45,45,-35,6.22767148595315
80,265,1999,40,-45,45,-35,6.10804255115314
81,273,1999,40,-45,45,-35,5.1647265073625
82,281,1999,40,-45,45,-35,6.48691655758487
83,289,1999,40,-45,45,-35,9.82934826947302
84,297,1999,40,-45,45,-35,11.7745604723996
85,305,1999,40,-45,45,-35,6.10621459752163
86,313,1999,40,-45,45,-35,5.65593235704915
87,321,1999,40,-45,45,-35,6.16919348600109
88,329,1999,40,-45,45,-35,5.93446948111797
89,337,1999,40,-45,45,-35,5.29347970287304
90,345,1999,40,-45,45,-35,8.71565179599143
91,353,1999,40,-45,45,-35,7.57448298452898
92,361,1999,40,-45,45,-35,5.33421549529553
93,1,2000,40,-45,45,-35,6.93422964502995
94,9,2000,40,-45,45,-35,5.7540859869566
95,17,2000,40,-45,45,-35,7.31763938572651
96,25,2000,40,-45,45,-35,8.0041957954661
97,33,2000,40,-45,45,-35,9.99619262026043
98,41,2000,40,-45,45,-35,6.1088316338142
99,49,2000,40,-45,45,-35,6.61639388513219
100,57,2000,40,-45,45,-35,6.71257069373878
101,65,2000,40,-45,45,-35,8.94398458035941
102,73,2000,40,-45,45,-35,14.5003276372989
103,81,2000,40,-45,45,-35,13.0254112569143
104,89,2000,40,-45,45,-35,9.627974204465
105,97,2000,40,-45,45,-35,8.63596912214039
106,105,2000,40,-45,45,-35,12.0684240081444
107,113,2000,40,-45,45,-35,10.4602746171127
108,121,2000,40,-45,45,-35,11.8968278799489
109,129,2000,40,-45,45,-35,10.9724314013358
110,137,2000,40,-45,45,-35,14.3479631126566
111,145,2000,40,-45,45,-35,11.8799619527791
112,153,2000,40,-45,45,-35,9.75768939209842
113,161,2000,40,-45,45,-35,8.53733253624332
114,169,2000,40,-45,45,-35,8.98047627669502
115,177,2000,40,-45,45,-35,9.16260243024949
116,185,2000,40,-45,45,-35,12.6860003356154
117,193,2000,40,-45,45,-35,20.4768957509963
118,201,2000,40,-45,45,-35,24.8541223110321
119,209,2000,40,-45,45,-35,17.9309742718781
120,217,2000,40,-45,45,-35,7.17479887956096
121,225,2000,40,-45,45,-35,5.09040969442438
122,233,2000,40,-45,45,-35,4.64396968258348
123,241,2000,40,-45,45,-35,4.61526027478817
124,249,2000,40,-45,45,-35,6.13091786268576
125,257,2000,40,-45,45,-35,4.49909583099339
126,265,2000,40,-45,45,-35,5.46062677704593
127,273,2000,40,-45,45,-35,5.33533089495124
128,281,2000,40,-45,45,-35,4.36064848510453
129,289,2000,40,-45,45,-35,6.43067375498564
130,297,2000,40,-45,45,-35,6.28583204553992
131,305,2000,40,-45,45,-35,5.48045059372584
132,313,2000,40,-45,45,-35,7.01194192324499
133,321,2000,40,-45,45,-35,8.04043070268518
134,329,2000,40,-45,45,-35,7.26123040981012
135,337,2000,40,-45,45,-35,8.35777263936169
136,345,2000,40,-45,45,-35,11.6563072240582
137,353,2000,40,-45,45,-35,7.89071114578391
138,361,2000,40,-45,45,-35,12.7805723038597
139,1,2001,40,-45,45,-35,7.48067490988055
140,9,2001,40,-45,45,-35,12.4068558965707
141,17,2001,40,-45,45,-35,12.6804991100311
142,25,2001,40,-45,45,-35,10.4796778549429
143,33,2001,40,-45,45,-35,8.56406344523939
144,41,2001,40,-45,45,-35,8.28069030785372
145,49,2001,40,-45,45,-35,9.52551162082253
146,57,2001,40,-45,45,-35,7.83075988172213
147,65,2001,40,-45,45,-35,7.91978633230532
148,73,2001,40,-45,45,-35,7.72658407159642
149,81,2001,40,-45,45,-35,6.41234317011843
150,89,2001,40,-45,45,-35,7.40510008954259
151,97,2001,40,-45,45,-35,9.51710942772966
152,105,2001,40,-45,45,-35,15.0818614505152
153,113,2001,40,-45,45,-35,13.208636246851
154,121,2001,40,-45,45,-35,10.3461364349377
155,129,2001,40,-45,45,-35,13.0106510280774
156,137,2001,40,-45,45,-35,14.1394090300633
157,145,2001,40,-45,45,-35,12.453070696011
158,153,2001,40,-45,45,-35,12.4366153341354
159,161,2001,40,-45,45,-35,11.0995008462297
160,169,2001,40,-45,45,-35,9.93940579307285
161,177,2001,40,-45,45,-35,9.1208579992062
162,185,2001,40,-45,45,-35,7.76603508033467
163,193,2001,40,-45,45,-35,4.49341845229595
164,201,2001,40,-45,45,-35,5.3192698415798
165,209,2001,40,-45,45,-35,4.80015593334834
166,217,2001,40,-45,45,-35,7.00492014840941
167,225,2001,40,-45,45,-35,9.73312507881503
168,233,2001,40,-45,45,-35,7.63869416891986
169,241,2001,40,-45,45,-35,5.89123270151136
170,249,2001,40,-45,45,-35,6.2107534478652
171,257,2001,40,-45,45,-35,6.02722926364501
172,265,2001,40,-45,45,-35,8.13081094124063
173,273,2001,40,-45,45,-35,6.81660862866521
174,281,2001,40,-45,45,-35,6.12039462666823
175,289,2001,40,-45,45,-35,7.12273465859318
176,297,2001,40,-45,45,-35,6.84518014502545
177,305,2001,40,-45,45,-35,5.79382996699445
178,313,2001,40,-45,45,-35,7.31120154776769
179,321,2001,40,-45,45,-35,9.81042178276469
180,329,2001,40,-45,45,-35,8.50225487392696
181,337,2001,40,-45,45,-35,6.25451742092373
182,345,2001,40,-45,45,-35,7.83921568195482
183,353,2001,40,-45,45,-35,7.73649533155201
184,361,2001,40,-45,45,-35,5.90427868025026
185,1,2002,40,-45,45,-35,7.3006867240442
186,9,2002,40,-45,45,-35,8.69392763372432
187,17,2002,40,-45,45,-35,15.8678956918656
188,25,2002,40,-45,45,-35,20.4971724950461
189,33,2002,40,-45,45,-35,11.0313515130061
190,41,2002,40,-45,45,-35,10.1183922712972
191,49,2002,40,-45,45,-35,6.09944264570177
192,57,2002,40,-45,45,-35,7.47516344705967
193,65,2002,40,-45,45,-35,7.11375364135842
194,73,2002,40,-45,45,-35,9.44287087600087
195,81,2002,40,-45,45,-35,7.64170664079159
196,89,2002,40,-45,45,-35,7.97918271796506
197,97,2002,40,-45,45,-35,14.4232752249105
198,105,2002,40,-45,45,-35,8.60920719112992
199,113,2002,40,-45,45,-35,12.9964927043181
200,121,2002,40,-45,45,-35,18.5791635572571
201,129,2002,40,-45,45,-35,12.5623655645406
202,137,2002,40,-45,45,-35,10.449119997884
203,145,2002,40,-45,45,-35,10.1781975234755
204,153,2002,40,-45,45,-35,8.18082542757892
205,161,2002,40,-45,45,-35,7.64622248560839
206,169,2002,40,-45,45,-35,6.82771106800773
207,177,2002,40,-45,45,-35,9.60901737092447
208,185,2002,40,-45,45,-35,8.86416251250213
209,193,2002,40,-45,45,-35,5.39851338301254
210,201,2002,40,-45,45,-35,4.73079332490612
211,209,2002,40,-45,45,-35,4.20300501923993
212,217,2002,40,-45,45,-35,4.1178426529108
213,225,2002,40,-45,45,-35,6.11426680004597
214,233,2002,40,-45,45,-35,4.86948613109844
215,241,2002,40,-45,45,-35,6.39069127996777
216,249,2002,40,-45,45,-35,8.05246416222768
217,257,2002,40,-45,45,-35,8.83691669616075
218,265,2002,40,-45,45,-35,8.43931095729568
219,273,2002,40,-45,45,-35,5.63682781888353
220,281,2002,40,-45,45,-35,6.79049584484268
221,289,2002,40,-45,45,-35,9.51274633812669
222,297,2002,40,-45,45,-35,7.21952823618754
223,305,2002,40,-45,45,-35,12.2243906463402
224,313,2002,40,-45,45,-35,9.07719067464148
225,321,2002,40,-45,45,-35,7.36654189283528
226,329,2002,40,-45,45,-35,9.36914570841384
227,337,2002,40,-45,45,-35,11.404303140747
228,345,2002,40,-45,45,-35,8.13172795813386
229,353,2002,40,-45,45,-35,7.46883344593338
230,361,2002,40,-45,45,-35,7.54345339383907
1,1,1998,45,-45,50,-35,6.48789893429726
2,9,1998,45,-45,50,-35,6.29166511773503
3,17,1998,45,-45,50,-35,7.59064134066985
4,25,1998,45,-45,50,-35,5.79857132656037
5,33,1998,45,-45,50,-35,5.70733890498842
6,41,1998,45,-45,50,-35,5.89436314834544
7,49,1998,45,-45,50,-35,6.61702370788123
8,57,1998,45,-45,50,-35,7.73034235567061
9,65,1998,45,-45,50,-35,6.65673456079053
10,73,1998,45,-45,50,-35,6.66454469425925
11,81,1998,45,-45,50,-35,6.65860999075962
12,89,1998,45,-45,50,-35,7.90634419722909
13,97,1998,45,-45,50,-35,10.8426521623951
14,105,1998,45,-45,50,-35,13.1109449534131
15,113,1998,45,-45,50,-35,12.5485608897279
16,121,1998,45,-45,50,-35,25.3193463389026
17,129,1998,45,-45,50,-35,14.470183671562
18,137,1998,45,-45,50,-35,15.0633319803882
19,145,1998,45,-45,50,-35,15.4836258695591
20,153,1998,45,-45,50,-35,17.6013096087993
21,161,1998,45,-45,50,-35,16.2107751942462
22,169,1998,45,-45,50,-35,14.8462610383233
23,177,1998,45,-45,50,-35,11.0300973526761
24,185,1998,45,-45,50,-35,6.99085906413023
25,193,1998,45,-45,50,-35,6.6425521869741
26,201,1998,45,-45,50,-35,5.77141813347129
27,209,1998,45,-45,50,-35,7.79912097553486
28,217,1998,45,-45,50,-35,9.89393120960676
29,225,1998,45,-45,50,-35,8.50608487617588
30,233,1998,45,-45,50,-35,8.38714276060166
31,241,1998,45,-45,50,-35,9.91079294505276
32,249,1998,45,-45,50,-35,9.4540811249831
33,257,1998,45,-45,50,-35,9.06852055977141
34,265,1998,45,-45,50,-35,8.22401616325483
35,273,1998,45,-45,50,-35,8.49624398988428
36,281,1998,45,-45,50,-35,7.91720462572698
37,289,1998,45,-45,50,-35,7.03077144204378
38,297,1998,45,-45,50,-35,12.1294189162952
39,305,1998,45,-45,50,-35,13.9948530051787
40,313,1998,45,-45,50,-35,5.89612298619351
41,321,1998,45,-45,50,-35,6.71720164412936
42,329,1998,45,-45,50,-35,7.14483442951864
43,337,1998,45,-45,50,-35,7.24207915874414
44,345,1998,45,-45,50,-35,7.70512421221279
45,353,1998,45,-45,50,-35,14.9605425155963
46,361,1998,45,-45,50,-35,18.2931635575438
47,1,1999,45,-45,50,-35,9.70622214239854
48,9,1999,45,-45,50,-35,23.3771183281663
49,17,1999,45,-45,50,-35,7.45002923374649
50,25,1999,45,-45,50,-35,5.96270061254616
51,33,1999,45,-45,50,-35,6.59309463093297
52,41,1999,45,-45,50,-35,6.2190676606261
53,49,1999,45,-45,50,-35,7.95352947697873
54,57,1999,45,-45,50,-35,6.91171854934185
55,65,1999,45,-45,50,-35,7.20914622952085
56,73,1999,45,-45,50,-35,8.85945226731377
57,81,1999,45,-45,50,-35,11.2619298021512
58,89,1999,45,-45,50,-35,11.7372354486124
59,97,1999,45,-45,50,-35,20.3564442645222
60,105,1999,45,-45,50,-35,26.3980315245985
61,113,1999,45,-45,50,-35,14.4625339356681
62,121,1999,45,-45,50,-35,12.8856198149764
63,129,1999,45,-45,50,-35,14.446569321364
64,137,1999,45,-45,50,-35,17.9417929474131
65,145,1999,45,-45,50,-35,15.2647215881235
66,153,1999,45,-45,50,-35,15.4353332652929
67,161,1999,45,-45,50,-35,13.5481739245824
68,169,1999,45,-45,50,-35,9.68369233044078
69,177,1999,45,-45,50,-35,7.55198381244614
70,185,1999,45,-45,50,-35,11.5687265790312
71,193,1999,45,-45,50,-35,8.16631022240277
72,201,1999,45,-45,50,-35,7.34152115839742
73,209,1999,45,-45,50,-35,11.1592861261809
74,217,1999,45,-45,50,-35,11.470880860144
75,225,1999,45,-45,50,-35,11.2801665017868
76,233,1999,45,-45,50,-35,13.0656948424666
77,241,1999,45,-45,50,-35,9.82706928097699
78,249,1999,45,-45,50,-35,8.95492248753203
79,257,1999,45,-45,50,-35,7.78359145184465
80,265,1999,45,-45,50,-35,8.25177304307455
81,273,1999,45,-45,50,-35,7.87162241583632
82,281,1999,45,-45,50,-35,10.9512556839449
83,289,1999,45,-45,50,-35,10.8374294609771
84,297,1999,45,-45,50,-35,9.52323289770553
85,305,1999,45,-45,50,-35,6.41226516901209
86,313,1999,45,-45,50,-35,5.54161765368032
87,321,1999,45,-45,50,-35,6.46385907067599
88,329,1999,45,-45,50,-35,7.66468798774049
89,337,1999,45,-45,50,-35,6.56637086765801
90,345,1999,45,-45,50,-35,20.4490504482825
91,353,1999,45,-45,50,-35,18.1686926047334
92,361,1999,45,-45,50,-35,5.95793487564891
93,1,2000,45,-45,50,-35,8.35359520098123
94,9,2000,45,-45,50,-35,7.7806444680234
95,17,2000,45,-45,50,-35,7.37652998616612
96,25,2000,45,-45,50,-35,9.15673468692375
97,33,2000,45,-45,50,-35,7.72180769612895
98,41,2000,45,-45,50,-35,6.54555796841126
99,49,2000,45,-45,50,-35,9.32347435304869
100,57,2000,45,-45,50,-35,9.33471196893067
101,65,2000,45,-45,50,-35,13.3887908958374
102,73,2000,45,-45,50,-35,11.2819539204096
103,81,2000,45,-45,50,-35,12.9682929362177
104,89,2000,45,-45,50,-35,12.4379317946068
105,97,2000,45,-45,50,-35,11.7111833972713
106,105,2000,45,-45,50,-35,11.0668511205263
107,113,2000,45,-45,50,-35,11.663800173754
108,121,2000,45,-45,50,-35,14.2783496926979
109,129,2000,45,-45,50,-35,16.1975399217658
110,137,2000,45,-45,50,-35,20.6869129962661
111,145,2000,45,-45,50,-35,22.6011876046558
112,153,2000,45,-45,50,-35,15.9005064359827
113,161,2000,45,-45,50,-35,16.4043283212487
114,169,2000,45,-45,50,-35,22.5345173325246
115,177,2000,45,-45,50,-35,23.8162123323115
116,185,2000,45,-45,50,-35,22.61441631472
117,193,2000,45,-45,50,-35,30.8237675965674
118,201,2000,45,-45,50,-35,29.8570831163106
119,209,2000,45,-45,50,-35,16.8540643456423
120,217,2000,45,-45,50,-35,9.15026055492343
121,225,2000,45,-45,50,-35,10.1376509082275
122,233,2000,45,-45,50,-35,8.3400980023125
123,241,2000,45,-45,50,-35,8.85466736514554
124,249,2000,45,-45,50,-35,8.8646615901422
125,257,2000,45,-45,50,-35,7.52315999600971
126,265,2000,45,-45,50,-35,7.86650247942334
127,273,2000,45,-45,50,-35,7.41067648472505
128,281,2000,45,-45,50,-35,7.67620948802957
129,289,2000,45,-45,50,-35,8.0602009804152
130,297,2000,45,-45,50,-35,7.87378656199113
131,305,2000,45,-45,50,-35,7.55283394822222
132,313,2000,45,-45,50,-35,7.70594947707075
133,321,2000,45,-45,50,-35,8.07395071282432
134,329,2000,45,-45,50,-35,8.55459191010025
135,337,2000,45,-45,50,-35,8.30735690124026
136,345,2000,45,-45,50,-35,9.7693635578228
137,353,2000,45,-45,50,-35,10.7081199999944
138,361,2000,45,-45,50,-35,12.0066374237788
139,1,2001,45,-45,50,-35,7.40095952629061
140,9,2001,45,-45,50,-35,7.71409731931265
141,17,2001,45,-45,50,-35,8.78032981064834
142,25,2001,45,-45,50,-35,8.44827052984791
143,33,2001,45,-45,50,-35,9.23067195764095
144,41,2001,45,-45,50,-35,8.79411057715095
145,49,2001,45,-45,50,-35,6.45820144561437
146,57,2001,45,-45,50,-35,7.38247085474822
147,65,2001,45,-45,50,-35,7.66845147204901
148,73,2001,45,-45,50,-35,6.69027731630358
149,81,2001,45,-45,50,-35,6.88129370842961
150,89,2001,45,-45,50,-35,7.27650813290285
151,97,2001,45,-45,50,-35,6.58896334163654
152,105,2001,45,-45,50,-35,12.2266394580542
153,113,2001,45,-45,50,-35,11.2947408016565
154,121,2001,45,-45,50,-35,11.903340471874
155,129,2001,45,-45,50,-35,13.5444867873555
156,137,2001,45,-45,50,-35,16.2271165800494
157,145,2001,45,-45,50,-35,18.8069487496537
158,153,2001,45,-45,50,-35,21.3514342664079
159,161,2001,45,-45,50,-35,14.9093307876895
160,169,2001,45,-45,50,-35,13.4798203212972
161,177,2001,45,-45,50,-35,12.5322713956908
162,185,2001,45,-45,50,-35,13.7945114052462
163,193,2001,45,-45,50,-35,9.25861419842896
164,201,2001,45,-45,50,-35,7.7585703356863
165,209,2001,45,-45,50,-35,6.9656890788035
166,217,2001,45,-45,50,-35,15.710489129518
167,225,2001,45,-45,50,-35,18.410476497204
168,233,2001,45,-45,50,-35,13.0325983898253
169,241,2001,45,-45,50,-35,10.6356903241422
170,249,2001,45,-45,50,-35,8.25649789962617
171,257,2001,45,-45,50,-35,7.96632803740276
172,265,2001,45,-45,50,-35,14.1454289774553
173,273,2001,45,-45,50,-35,7.72990345395471
174,281,2001,45,-45,50,-35,7.98451015177109
175,289,2001,45,-45,50,-35,7.86867306930096
176,297,2001,45,-45,50,-35,8.54584703897417
177,305,2001,45,-45,50,-35,6.8042171797508
178,313,2001,45,-45,50,-35,10.9207350500818
179,321,2001,45,-45,50,-35,15.691176252751
180,329,2001,45,-45,50,-35,6.65780589263944
181,337,2001,45,-45,50,-35,6.22404677389227
182,345,2001,45,-45,50,-35,6.40451841523864
183,353,2001,45,-45,50,-35,5.8636293519832
184,361,2001,45,-45,50,-35,4.97115282992053
185,1,2002,45,-45,50,-35,7.27047522172812
186,9,2002,45,-45,50,-35,7.82223608546919
187,17,2002,45,-45,50,-35,13.1501983268143
188,25,2002,45,-45,50,-35,24.3595702189117
189,33,2002,45,-45,50,-35,12.1303757437696
190,41,2002,45,-45,50,-35,10.9421093587887
191,49,2002,45,-45,50,-35,6.82808055395945
192,57,2002,45,-45,50,-35,8.34808767012463
193,65,2002,45,-45,50,-35,9.10259686974493
194,73,2002,45,-45,50,-35,7.75934496813376
195,81,2002,45,-45,50,-35,8.39045318963509
196,89,2002,45,-45,50,-35,7.51663142570651
197,97,2002,45,-45,50,-35,9.54668205272722
198,105,2002,45,-45,50,-35,10.9150782182762
199,113,2002,45,-45,50,-35,9.45945238098733
200,121,2002,45,-45,50,-35,17.4418850403619
201,129,2002,45,-45,50,-35,11.907482633946
202,137,2002,45,-45,50,-35,10.8326848693358
203,145,2002,45,-45,50,-35,12.3079008433072
204,153,2002,45,-45,50,-35,10.5402931560226
205,161,2002,45,-45,50,-35,9.66992697744996
206,169,2002,45,-45,50,-35,12.3837005495576
207,177,2002,45,-45,50,-35,14.6384493841331
208,185,2002,45,-45,50,-35,12.1364486512191
209,193,2002,45,-45,50,-35,11.1434830598501
210,201,2002,45,-45,50,-35,7.30417428970594
211,209,2002,45,-45,50,-35,8.24108850887556
212,217,2002,45,-45,50,-35,7.90483022783803
213,225,2002,45,-45,50,-35,11.7093634463304
214,233,2002,45,-45,50,-35,8.16706863030471
215,241,2002,45,-45,50,-35,8.92345948881192
216,249,2002,45,-45,50,-35,13.6487717916515
217,257,2002,45,-45,50,-35,18.1477134755167
218,265,2002,45,-45,50,-35,15.1067158567034
219,273,2002,45,-45,50,-35,9.40556908442345
220,281,2002,45,-45,50,-35,8.3968875346453
221,289,2002,45,-45,50,-35,19.0634148767483
222,297,2002,45,-45,50,-35,8.38956321907052
223,305,2002,45,-45,50,-35,7.75965550612149
224,313,2002,45,-45,50,-35,12.529183031945
225,321,2002,45,-45,50,-35,6.36128151876701
226,329,2002,45,-45,50,-35,7.64192229109878
227,337,2002,45,-45,50,-35,7.66064968364242
228,345,2002,45,-45,50,-35,8.37958795912334
229,353,2002,45,-45,50,-35,7.64022134232682
230,361,2002,45,-45,50,-35,8.03437577045076
1,1,1998,50,-45,55,-35,6.26488474751105
2,9,1998,50,-45,55,-35,6.3012508863543
3,17,1998,50,-45,55,-35,5.86553695076078
4,25,1998,50,-45,55,-35,5.97384081001432
5,33,1998,50,-45,55,-35,6.05568336601024
6,41,1998,50,-45,55,-35,6.00062067731824
7,49,1998,50,-45,55,-35,6.510696740523
8,57,1998,50,-45,55,-35,6.75708583936283
9,65,1998,50,-45,55,-35,7.19418371231421
10,73,1998,50,-45,55,-35,6.46613998354831
11,81,1998,50,-45,55,-35,5.88495131445273
12,89,1998,50,-45,55,-35,7.54982486031375
13,97,1998,50,-45,55,-35,9.46801352663681
14,105,1998,50,-45,55,-35,9.37894291729855
15,113,1998,50,-45,55,-35,10.424582426062
16,121,1998,50,-45,55,-35,15.8762764851617
17,129,1998,50,-45,55,-35,13.4021947751348
18,137,1998,50,-45,55,-35,13.7318322653124
19,145,1998,50,-45,55,-35,18.5454277515149
20,153,1998,50,-45,55,-35,21.3679210454448
21,161,1998,50,-45,55,-35,25.5177258807478
22,169,1998,50,-45,55,-35,31.3897027767716
23,177,1998,50,-45,55,-35,18.8465588823242
24,185,1998,50,-45,55,-35,11.4124861773268
25,193,1998,50,-45,55,-35,11.8186372163748
26,201,1998,50,-45,55,-35,9.6830607267123
27,209,1998,50,-45,55,-35,7.91722682668058
28,217,1998,50,-45,55,-35,8.16101825856527
29,225,1998,50,-45,55,-35,9.30965856235135
30,233,1998,50,-45,55,-35,9.34995081948645
31,241,1998,50,-45,55,-35,10.7546327670581
32,249,1998,50,-45,55,-35,9.16488864622851
33,257,1998,50,-45,55,-35,7.67461958380078
34,265,1998,50,-45,55,-35,6.73372277077062
35,273,1998,50,-45,55,-35,8.51103578496752
36,281,1998,50,-45,55,-35,10.0394045265813
37,289,1998,50,-45,55,-35,7.15774004371641
38,297,1998,50,-45,55,-35,8.97446584547344
39,305,1998,50,-45,55,-35,7.54873408905535
40,313,1998,50,-45,55,-35,7.90213150781213
41,321,1998,50,-45,55,-35,6.68838490549705
42,329,1998,50,-45,55,-35,7.07517678132048
43,337,1998,50,-45,55,-35,7.31322102712321
44,345,1998,50,-45,55,-35,7.77828296711512
45,353,1998,50,-45,55,-35,15.5855866794797
46,361,1998,50,-45,55,-35,17.3303997352186
47,1,1999,50,-45,55,-35,9.25822326404746
48,9,1999,50,-45,55,-35,25.6121863413074
49,17,1999,50,-45,55,-35,4.64840493330274
50,25,1999,50,-45,55,-35,5.35999621179287
51,33,1999,50,-45,55,-35,6.80768931765597
52,41,1999,50,-45,55,-35,5.21331562701156
53,49,1999,50,-45,55,-35,8.56203048626324
54,57,1999,50,-45,55,-35,7.63797797485492
55,65,1999,50,-45,55,-35,7.57571914777502
56,73,1999,50,-45,55,-35,8.47583615288465
57,81,1999,50,-45,55,-35,7.76300325355634
58,89,1999,50,-45,55,-35,8.30290908788246
59,97,1999,50,-45,55,-35,10.443927774491
60,105,1999,50,-45,55,-35,12.3112629706819
61,113,1999,50,-45,55,-35,10.2524709815741
62,121,1999,50,-45,55,-35,9.3808503792996
63,129,1999,50,-45,55,-35,10.7361842099835
64,137,1999,50,-45,55,-35,20.0662945128513
65,145,1999,50,-45,55,-35,16.2814510821469
66,153,1999,50,-45,55,-35,17.0565450819064
67,161,1999,50,-45,55,-35,17.5693395271353
68,169,1999,50,-45,55,-35,16.4290387072428
69,177,1999,50,-45,55,-35,12.3363352847999
70,185,1999,50,-45,55,-35,10.1403953986964
71,193,1999,50,-45,55,-35,10.0052216497994
72,201,1999,50,-45,55,-35,8.75661991700664
73,209,1999,50,-45,55,-35,12.2729129550806
74,217,1999,50,-45,55,-35,16.7630054191714
75,225,1999,50,-45,55,-35,13.9364985298036
76,233,1999,50,-45,55,-35,18.2929763383495
77,241,1999,50,-45,55,-35,10.4232576312251
78,249,1999,50,-45,55,-35,10.0781520756305
79,257,1999,50,-45,55,-35,6.27998084833713
80,265,1999,50,-45,55,-35,7.56352452115099
81,273,1999,50,-45,55,-35,6.95575171081376
82,281,1999,50,-45,55,-35,16.4587359920907
83,289,1999,50,-45,55,-35,11.5645715910372
84,297,1999,50,-45,55,-35,10.4167715372496
85,305,1999,50,-45,55,-35,8.38787187340055
86,313,1999,50,-45,55,-35,5.47299651665683
87,321,1999,50,-45,55,-35,3.50329648257757
88,329,1999,50,-45,55,-35,7.98717922986125
89,337,1999,50,-45,55,-35,6.82918603281077
90,345,1999,50,-45,55,-35,22.5823695030811
91,353,1999,50,-45,55,-35,20.0957040604309
92,361,1999,50,-45,55,-35,6.03808456435351
93,1,2000,50,-45,55,-35,8.55149547178132
94,9,2000,50,-45,55,-35,8.13229854514791
95,17,2000,50,-45,55,-35,5.47376175304804
96,25,2000,50,-45,55,-35,7.30680968789366
97,33,2000,50,-45,55,-35,7.04989298455685
98,41,2000,50,-45,55,-35,7.82674669473956
99,49,2000,50,-45,55,-35,11.599343661464
100,57,2000,50,-45,55,-35,8.33544684904237
101,65,2000,50,-45,55,-35,7.91953075008847
102,73,2000,50,-45,55,-35,8.12035537528733
103,81,2000,50,-45,55,-35,8.17629542157619
104,89,2000,50,-45,55,-35,10.9761869432711
105,97,2000,50,-45,55,-35,11.7004845459199
106,105,2000,50,-45,55,-35,11.2664507170654
107,113,2000,50,-45,55,-35,11.2618920470997
108,121,2000,50,-45,55,-35,11.6960453685601
109,129,2000,50,-45,55,-35,12.1811488155888
110,137,2000,50,-45,55,-35,15.5032416228205
111,145,2000,50,-45,55,-35,20.8177447925287
112,153,2000,50,-45,55,-35,14.4409555133161
113,161,2000,50,-45,55,-35,15.3315640078805
114,169,2000,50,-45,55,-35,20.2510317710331
115,177,2000,50,-45,55,-35,22.004196228367
116,185,2000,50,-45,55,-35,26.3861238725747
117,193,2000,50,-45,55,-35,21.2922923191166
118,201,2000,50,-45,55,-35,17.8420892873523
119,209,2000,50,-45,55,-35,13.2121026355473
120,217,2000,50,-45,55,-35,11.8010564730889
121,225,2000,50,-45,55,-35,10.6441620279382
122,233,2000,50,-45,55,-35,10.5085936978005
123,241,2000,50,-45,55,-35,11.0872145014423
124,249,2000,50,-45,55,-35,7.26360702676769
125,257,2000,50,-45,55,-35,6.97003550831859
126,265,2000,50,-45,55,-35,6.98992391909236
127,273,2000,50,-45,55,-35,8.22532376729845
128,281,2000,50,-45,55,-35,7.94882293874215
129,289,2000,50,-45,55,-35,6.92751130038817
130,297,2000,50,-45,55,-35,8.84245704174781
131,305,2000,50,-45,55,-35,8.21834265676027
132,313,2000,50,-45,55,-35,8.14018306882216
133,321,2000,50,-45,55,-35,5.25676955258117
134,329,2000,50,-45,55,-35,8.78018883543349
135,337,2000,50,-45,55,-35,8.2293992917373
136,345,2000,50,-45,55,-35,9.29570970460787
137,353,2000,50,-45,55,-35,11.1985127183343
138,361,2000,50,-45,55,-35,11.6879997529178
139,1,2001,50,-45,55,-35,7.31347894719849
140,9,2001,50,-45,55,-35,6.6992973630396
141,17,2001,50,-45,55,-35,7.34266820328422
142,25,2001,50,-45,55,-35,7.59608645628778
143,33,2001,50,-45,55,-35,14.7337469964332
144,41,2001,50,-45,55,-35,7.37663495837947
145,49,2001,50,-45,55,-35,4.80293667252858
146,57,2001,50,-45,55,-35,6.42397226965628
147,65,2001,50,-45,55,-35,7.50828327971258
148,73,2001,50,-45,55,-35,5.84181612199355
149,81,2001,50,-45,55,-35,7.29324267133596
150,89,2001,50,-45,55,-35,7.01556543563528
151,97,2001,50,-45,55,-35,5.6840277387407
152,105,2001,50,-45,55,-35,8.91226367701298
153,113,2001,50,-45,55,-35,6.82409132230752
154,121,2001,50,-45,55,-35,10.2651081540136
155,129,2001,50,-45,55,-35,13.9521884221206
156,137,2001,50,-45,55,-35,16.7807292993547
157,145,2001,50,-45,55,-35,27.1587513370352
158,153,2001,50,-45,55,-35,30.2955208636476
159,161,2001,50,-45,55,-35,17.370065669931
160,169,2001,50,-45,55,-35,12.6735256587576
161,177,2001,50,-45,55,-35,14.9467524885952
162,185,2001,50,-45,55,-35,15.6411633857468
163,193,2001,50,-45,55,-35,12.3302464405106
164,201,2001,50,-45,55,-35,9.18878142426209
165,209,2001,50,-45,55,-35,8.93705363234178
166,217,2001,50,-45,55,-35,10.3296945766722
167,225,2001,50,-45,55,-35,10.3104033935273
168,233,2001,50,-45,55,-35,9.28200581454004
169,241,2001,50,-45,55,-35,8.35359428592777
170,249,2001,50,-45,55,-35,9.78092944595013
171,257,2001,50,-45,55,-35,7.77481511820278
172,265,2001,50,-45,55,-35,31.3340568840076
173,273,2001,50,-45,55,-35,6.59720003674995
174,281,2001,50,-45,55,-35,9.5096546062486
175,289,2001,50,-45,55,-35,7.50871171298111
176,297,2001,50,-45,55,-35,6.97891473478136
177,305,2001,50,-45,55,-35,6.47033834128182
178,313,2001,50,-45,55,-35,7.09065498357839
179,321,2001,50,-45,55,-35,6.07310009450143
180,329,2001,50,-45,55,-35,6.25808982691456
181,337,2001,50,-45,55,-35,6.21091972460085
182,345,2001,50,-45,55,-35,6.13320435507252
183,353,2001,50,-45,55,-35,5.50251105826917
184,361,2001,50,-45,55,-35,4.87154094704867
185,1,2002,50,-45,55,-35,7.22775307261933
186,9,2002,50,-45,55,-35,7.56131457590081
187,17,2002,50,-45,55,-35,8.47313234442199
188,25,2002,50,-45,55,-35,10.8290986556442
189,33,2002,50,-45,55,-35,8.87784986150034
190,41,2002,50,-45,55,-35,8.53648643386216
191,49,2002,50,-45,55,-35,8.27168133490223
192,57,2002,50,-45,55,-35,9.88030493127849
193,65,2002,50,-45,55,-35,11.2268067518945
194,73,2002,50,-45,55,-35,6.59508089119261
195,81,2002,50,-45,55,-35,7.08742300054462
196,89,2002,50,-45,55,-35,7.8234202107896
197,97,2002,50,-45,55,-35,7.5006597797986
198,105,2002,50,-45,55,-35,8.45686562172413
199,113,2002,50,-45,55,-35,6.85799813352611
200,121,2002,50,-45,55,-35,9.01968450937786
201,129,2002,50,-45,55,-35,9.70828170444977
202,137,2002,50,-45,55,-35,14.2390330237881
203,145,2002,50,-45,55,-35,12.3744101030547
204,153,2002,50,-45,55,-35,10.1018181033037
205,161,2002,50,-45,55,-35,11.533677816617
206,169,2002,50,-45,55,-35,14.0281485194792
207,177,2002,50,-45,55,-35,15.6717294733412
208,185,2002,50,-45,55,-35,16.3589481192906
209,193,2002,50,-45,55,-35,18.1465265680216
210,201,2002,50,-45,55,-35,13.0982618359192
211,209,2002,50,-45,55,-35,12.1553619622551
212,217,2002,50,-45,55,-35,12.198117247287
213,225,2002,50,-45,55,-35,13.4535946228723
214,233,2002,50,-45,55,-35,9.28778896681027
215,241,2002,50,-45,55,-35,8.11277061155495
216,249,2002,50,-45,55,-35,7.89503477073797
217,257,2002,50,-45,55,-35,9.85063937208654
218,265,2002,50,-45,55,-35,6.6114986969792
219,273,2002,50,-45,55,-35,15.5417172088995
220,281,2002,50,-45,55,-35,6.67030518743516
221,289,2002,50,-45,55,-35,8.53222532864139
222,297,2002,50,-45,55,-35,11.1907441189667
223,305,2002,50,-45,55,-35,6.59283815737025
224,313,2002,50,-45,55,-35,6.900188217957
225,321,2002,50,-45,55,-35,5.51036616688119
226,329,2002,50,-45,55,-35,7.27960258440937
227,337,2002,50,-45,55,-35,7.23796751432905
228,345,2002,50,-45,55,-35,8.39420210849567
229,353,2002,50,-45,55,-35,7.64733392570679
230,361,2002,50,-45,55,-35,8.08794860674005
1,1,1998,40,-35,45,-25,6.90015800240334
2,9,1998,40,-35,45,-25,5.28804518290783
3,17,1998,40,-35,45,-25,9.29514617573243
4,25,1998,40,-35,45,-25,6.02877067640071
5,33,1998,40,-35,45,-25,7.17239975966343
6,41,1998,40,-35,45,-25,5.718400876018
7,49,1998,40,-35,45,-25,9.44319788985507
8,57,1998,40,-35,45,-25,6.18531773621493
9,65,1998,40,-35,45,-25,8.4422863275453
10,73,1998,40,-35,45,-25,8.30040253316631
11,81,1998,40,-35,45,-25,8.28114815278697
12,89,1998,40,-35,45,-25,8.29999298009528
13,97,1998,40,-35,45,-25,13.4048725332624
14,105,1998,40,-35,45,-25,13.5343130474031
15,113,1998,40,-35,45,-25,10.4999666383461
16,121,1998,40,-35,45,-25,17.621757006095
17,129,1998,40,-35,45,-25,12.616319444725
18,137,1998,40,-35,45,-25,15.7719707781234
19,145,1998,40,-35,45,-25,13.7052924989237
20,153,1998,40,-35,45,-25,11.3438558969903
21,161,1998,40,-35,45,-25,9.3285351986982
22,169,1998,40,-35,45,-25,7.42857157924454
23,177,1998,40,-35,45,-25,5.35822179776008
24,185,1998,40,-35,45,-25,4.60323487140479
25,193,1998,40,-35,45,-25,4.13421688805736
26,201,1998,40,-35,45,-25,4.68276285019801
27,209,1998,40,-35,45,-25,4.33598712811787
28,217,1998,40,-35,45,-25,4.12089514938316
29,225,1998,40,-35,45,-25,2.85369327397111
30,233,1998,40,-35,45,-25,3.91746444566785
31,241,1998,40,-35,45,-25,5.16255615791038
32,249,1998,40,-35,45,-25,3.69262630711271
33,257,1998,40,-35,45,-25,4.78365451413539
34,265,1998,40,-35,45,-25,5.30729382547684
35,273,1998,40,-35,45,-25,4.89223999876466
36,281,1998,40,-35,45,-25,3.17628177481632
37,289,1998,40,-35,45,-25,5.80291342768799
38,297,1998,40,-35,45,-25,5.62613634328224
39,305,1998,40,-35,45,-25,7.39787609149518
40,313,1998,40,-35,45,-25,5.37008816759987
41,321,1998,40,-35,45,-25,6.01578873710234
42,329,1998,40,-35,45,-25,5.62300888926964
43,337,1998,40,-35,45,-25,6.56204641754449
44,345,1998,40,-35,45,-25,8.28919258475949
45,353,1998,40,-35,45,-25,8.51551349194737
46,361,1998,40,-35,45,-25,15.5529240952524
47,1,1999,40,-35,45,-25,11.8658705084651
48,9,1999,40,-35,45,-25,8.22949416642856
49,17,1999,40,-35,45,-25,6.2066415058043
50,25,1999,40,-35,45,-25,6.07622986039993
51,33,1999,40,-35,45,-25,5.63519348806968
52,41,1999,40,-35,45,-25,6.28307718430671
53,49,1999,40,-35,45,-25,7.51570437208255
54,57,1999,40,-35,45,-25,8.00857484077918
55,65,1999,40,-35,45,-25,7.38766514840913
56,73,1999,40,-35,45,-25,7.78401690382102
57,81,1999,40,-35,45,-25,9.00201498878897
58,89,1999,40,-35,45,-25,6.71174051048604
59,97,1999,40,-35,45,-25,18.4780652503255
60,105,1999,40,-35,45,-25,16.2712369671213
61,113,1999,40,-35,45,-25,9.37557050322181
62,121,1999,40,-35,45,-25,9.42650328126281
63,129,1999,40,-35,45,-25,13.7288932815549
64,137,1999,40,-35,45,-25,12.1525605727797
65,145,1999,40,-35,45,-25,9.57213320806851
66,153,1999,40,-35,45,-25,8.36345459106306
67,161,1999,40,-35,45,-25,7.51092554305262
68,169,1999,40,-35,45,-25,7.02239948711699
69,177,1999,40,-35,45,-25,6.29839457767439
70,185,1999,40,-35,45,-25,4.52742630337328
71,193,1999,40,-35,45,-25,4.01320415112418
72,201,1999,40,-35,45,-25,4.93575170644018
73,209,1999,40,-35,45,-25,6.3549665456741
74,217,1999,40,-35,45,-25,5.21322994575798
75,225,1999,40,-35,45,-25,4.26725058606391
76,233,1999,40,-35,45,-25,4.49562794726821
77,241,1999,40,-35,45,-25,3.17685137924076
78,249,1999,40,-35,45,-25,5.06566607909993
79,257,1999,40,-35,45,-25,5.80879830680099
80,265,1999,40,-35,45,-25,4.31219811451652
81,273,1999,40,-35,45,-25,4.43834719635892
82,281,1999,40,-35,45,-25,5.36343020345627
83,289,1999,40,-35,45,-25,7.85057641433526
84,297,1999,40,-35,45,-25,11.1158410062157
85,305,1999,40,-35,45,-25,6.7770302755008
86,313,1999,40,-35,45,-25,5.47486595919153
87,321,1999,40,-35,45,-25,4.44730638894152
88,329,1999,40,-35,45,-25,6.42143719389937
89,337,1999,40,-35,45,-25,4.40833702586773
90,345,1999,40,-35,45,-25,6.67918630991568
91,353,1999,40,-35,45,-25,9.03478776480905
92,361,1999,40,-35,45,-25,5.40631255218359
93,1,2000,40,-35,45,-25,7.46760929211632
94,9,2000,40,-35,45,-25,5.80608452008721
95,17,2000,40,-35,45,-25,4.70816095040694
96,25,2000,40,-35,45,-25,5.68535314332184
97,33,2000,40,-35,45,-25,6.62348808336917
98,41,2000,40,-35,45,-25,5.39436342976506
99,49,2000,40,-35,45,-25,6.35738876965469
100,57,2000,40,-35,45,-25,8.60264200470698
101,65,2000,40,-35,45,-25,11.7528297059155
102,73,2000,40,-35,45,-25,16.3543049645914
103,81,2000,40,-35,45,-25,9.92576663863554
104,89,2000,40,-35,45,-25,8.3502087935911
105,97,2000,40,-35,45,-25,6.82788136196837
106,105,2000,40,-35,45,-25,8.18624810351197
107,113,2000,40,-35,45,-25,8.05580694018058
108,121,2000,40,-35,45,-25,9.88813440174684
109,129,2000,40,-35,45,-25,11.6276555744767
110,137,2000,40,-35,45,-25,11.7519829253214
111,145,2000,40,-35,45,-25,10.3847980607975
112,153,2000,40,-35,45,-25,7.86833820140264
113,161,2000,40,-35,45,-25,8.80948897027813
114,169,2000,40,-35,45,-25,6.57777296947722
115,177,2000,40,-35,45,-25,7.45785978490645
116,185,2000,40,-35,45,-25,5.27657343867671
117,193,2000,40,-35,45,-25,5.76466857059404
118,201,2000,40,-35,45,-25,5.54101149582134
119,209,2000,40,-35,45,-25,3.90740488079787
120,217,2000,40,-35,45,-25,4.3118892326743
121,225,2000,40,-35,45,-25,3.97296682436427
122,233,2000,40,-35,45,-25,4.76525914014573
123,241,2000,40,-35,45,-25,3.41464761199997
124,249,2000,40,-35,45,-25,4.72754697853961
125,257,2000,40,-35,45,-25,5.2950341472116
126,265,2000,40,-35,45,-25,5.68473062793968
127,273,2000,40,-35,45,-25,4.28945389305316
128,281,2000,40,-35,45,-25,4.16884825921347
129,289,2000,40,-35,45,-25,5.89053497160277
130,297,2000,40,-35,45,-25,5.73516601342606
131,305,2000,40,-35,45,-25,5.25093498937744
132,313,2000,40,-35,45,-25,6.91179894209604
133,321,2000,40,-35,45,-25,7.84236474112112
134,329,2000,40,-35,45,-25,6.88932854227149
135,337,2000,40,-35,45,-25,7.05544369481497
136,345,2000,40,-35,45,-25,7.25907148699769
137,353,2000,40,-35,45,-25,6.55198601021714
138,361,2000,40,-35,45,-25,4.73217327339718
139,1,2001,40,-35,45,-25,4.88783398729438
140,9,2001,40,-35,45,-25,5.82613119274492
141,17,2001,40,-35,45,-25,7.30170298468745
142,25,2001,40,-35,45,-25,5.97003663568487
143,33,2001,40,-35,45,-25,7.57958329274711
144,41,2001,40,-35,45,-25,6.39222473846491
145,49,2001,40,-35,45,-25,8.73680051157496
146,57,2001,40,-35,45,-25,6.76403652508927
147,65,2001,40,-35,45,-25,6.49456526499665
148,73,2001,40,-35,45,-25,5.53202548328717
149,81,2001,40,-35,45,-25,6.59253387856954
150,89,2001,40,-35,45,-25,6.43784782049808
151,97,2001,40,-35,45,-25,8.89851248461876
152,105,2001,40,-35,45,-25,18.7668975796292
153,113,2001,40,-35,45,-25,11.7396515879719
154,121,2001,40,-35,45,-25,13.8661470096386
155,129,2001,40,-35,45,-25,12.8728709656868
156,137,2001,40,-35,45,-25,12.883701231857
157,145,2001,40,-35,45,-25,11.0362036016596
158,153,2001,40,-35,45,-25,11.448372880754
159,161,2001,40,-35,45,-25,8.62363284589451
160,169,2001,40,-35,45,-25,8.76156200272757
161,177,2001,40,-35,45,-25,7.67049388718867
162,185,2001,40,-35,45,-25,8.34746989152642
163,193,2001,40,-35,45,-25,4.81210034818712
164,201,2001,40,-35,45,-25,5.29008757907143
165,209,2001,40,-35,45,-25,3.90052251657257
166,217,2001,40,-35,45,-25,3.42920911932714
167,225,2001,40,-35,45,-25,5.67399241246345
168,233,2001,40,-35,45,-25,5.17401944852908
169,241,2001,40,-35,45,-25,3.66866006649591
170,249,2001,40,-35,45,-25,5.00276267675814
171,257,2001,40,-35,45,-25,4.78769767822538
172,265,2001,40,-35,45,-25,6.16719108865328
173,273,2001,40,-35,45,-25,5.76592232780197
174,281,2001,40,-35,45,-25,4.49542771590872
175,289,2001,40,-35,45,-25,6.68708833898271
176,297,2001,40,-35,45,-25,6.05643403251527
177,305,2001,40,-35,45,-25,5.02381537622037
178,313,2001,40,-35,45,-25,6.26514171684575
179,321,2001,40,-35,45,-25,5.3069335303347
180,329,2001,40,-35,45,-25,8.33413759586475
181,337,2001,40,-35,45,-25,5.65718786132246
182,345,2001,40,-35,45,-25,6.45659859801431
183,353,2001,40,-35,45,-25,7.15578277149074
184,361,2001,40,-35,45,-25,5.48812223007782
185,1,2002,40,-35,45,-25,6.01657739624885
186,9,2002,40,-35,45,-25,5.15052439260132
187,17,2002,40,-35,45,-25,8.20352541480212
188,25,2002,40,-35,45,-25,6.76814565543683
189,33,2002,40,-35,45,-25,7.39294733748061
190,41,2002,40,-35,45,-25,7.09641419876659
191,49,2002,40,-35,45,-25,4.89698102887378
192,57,2002,40,-35,45,-25,6.7649625249752
193,65,2002,40,-35,45,-25,5.72815308473384
194,73,2002,40,-35,45,-25,7.15332304494807
195,81,2002,40,-35,45,-25,6.55219101664929
196,89,2002,40,-35,45,-25,7.37925776812784
197,97,2002,40,-35,45,-25,11.936905253666
198,105,2002,40,-35,45,-25,7.50194439087065
199,113,2002,40,-35,45,-25,15.0053996547298
200,121,2002,40,-35,45,-25,17.8946185031269
201,129,2002,40,-35,45,-25,14.3572253186525
202,137,2002,40,-35,45,-25,10.5035688748939
203,145,2002,40,-35,45,-25,9.49350022806734
204,153,2002,40,-35,45,-25,8.01409932053922
205,161,2002,40,-35,45,-25,8.79605338454395
206,169,2002,40,-35,45,-25,7.31844238356936
207,177,2002,40,-35,45,-25,10.3669015085186
208,185,2002,40,-35,45,-25,8.96738540044907
209,193,2002,40,-35,45,-25,6.06053891674118
210,201,2002,40,-35,45,-25,4.52810306620514
211,209,2002,40,-35,45,-25,4.33725678572656
212,217,2002,40,-35,45,-25,4.2679758684193
213,225,2002,40,-35,45,-25,5.3856139465385
214,233,2002,40,-35,45,-25,12.0334563125804
215,241,2002,40,-35,45,-25,4.06511608626378
216,249,2002,40,-35,45,-25,5.44849877418585
217,257,2002,40,-35,45,-25,5.10769468559523
218,265,2002,40,-35,45,-25,16.1002766144976
219,273,2002,40,-35,45,-25,5.11854820212214
220,281,2002,40,-35,45,-25,6.04120634102183
221,289,2002,40,-35,45,-25,7.57730209005318
222,297,2002,40,-35,45,-25,8.24766613701537
223,305,2002,40,-35,45,-25,10.3246969557156
224,313,2002,40,-35,45,-25,7.45418777612486
225,321,2002,40,-35,45,-25,8.46351636315154
226,329,2002,40,-35,45,-25,8.22941792510114
227,337,2002,40,-35,45,-25,6.48104786201863
228,345,2002,40,-35,45,-25,6.81004607375391
229,353,2002,40,-35,45,-25,6.56773388358714
230,361,2002,40,-35,45,-25,5.94958540597955
1,1,1998,45,-35,50,-25,5.54251826106725
2,9,1998,45,-35,50,-25,7.04559348399176
3,17,1998,45,-35,50,-25,6.38478525429456
4,25,1998,45,-35,50,-25,5.63824952995656
5,33,1998,45,-35,50,-25,7.27307955301446
6,41,1998,45,-35,50,-25,4.91568937214736
7,49,1998,45,-35,50,-25,5.83891759119852
8,57,1998,45,-35,50,-25,5.74358737359276
9,65,1998,45,-35,50,-25,7.24446630977707
10,73,1998,45,-35,50,-25,8.78866121610294
11,81,1998,45,-35,50,-25,7.54528565231149
12,89,1998,45,-35,50,-25,8.24292160090856
13,97,1998,45,-35,50,-25,10.6519524520436
14,105,1998,45,-35,50,-25,12.2983410423691
15,113,1998,45,-35,50,-25,11.3781559190014
16,121,1998,45,-35,50,-25,29.3441145534209
17,129,1998,45,-35,50,-25,14.1805993642064
18,137,1998,45,-35,50,-25,21.4583850138159
19,145,1998,45,-35,50,-25,18.1881775002876
20,153,1998,45,-35,50,-25,17.4312782798447
21,161,1998,45,-35,50,-25,17.3056844586851
22,169,1998,45,-35,50,-25,16.7269952191576
23,177,1998,45,-35,50,-25,10.6324442127872
24,185,1998,45,-35,50,-25,9.34133768281556
25,193,1998,45,-35,50,-25,8.77436463020483
26,201,1998,45,-35,50,-25,6.98010575951364
27,209,1998,45,-35,50,-25,6.4132470717212
28,217,1998,45,-35,50,-25,7.01800871801948
29,225,1998,45,-35,50,-25,5.51102702325625
30,233,1998,45,-35,50,-25,5.22894712428177
31,241,1998,45,-35,50,-25,7.37897097111623
32,249,1998,45,-35,50,-25,6.28728561746493
33,257,1998,45,-35,50,-25,6.9136496107936
34,265,1998,45,-35,50,-25,9.89375857013544
35,273,1998,45,-35,50,-25,6.45783778742981
36,281,1998,45,-35,50,-25,5.37178824427931
37,289,1998,45,-35,50,-25,5.64793282465762
38,297,1998,45,-35,50,-25,7.88763304269297
39,305,1998,45,-35,50,-25,10.2317932139333
40,313,1998,45,-35,50,-25,5.19800397387313
41,321,1998,45,-35,50,-25,7.16430749879922
42,329,1998,45,-35,50,-25,6.60646323594879
43,337,1998,45,-35,50,-25,6.81726004453399
44,345,1998,45,-35,50,-25,6.08227234939511
45,353,1998,45,-35,50,-25,12.0944117378001
46,361,1998,45,-35,50,-25,11.3334483575987
47,1,1999,45,-35,50,-25,7.48758840964567
48,9,1999,45,-35,50,-25,6.96242495192666
49,17,1999,45,-35,50,-25,6.83094246046053
50,25,1999,45,-35,50,-25,5.98828466377489
51,33,1999,45,-35,50,-25,5.30605794741913
52,41,1999,45,-35,50,-25,4.9450081605659
53,49,1999,45,-35,50,-25,6.62524355872436
54,57,1999,45,-35,50,-25,7.61299840523362
55,65,1999,45,-35,50,-25,7.52826971663388
56,73,1999,45,-35,50,-25,7.53284311344795
57,81,1999,45,-35,50,-25,10.4658245864528
58,89,1999,45,-35,50,-25,6.17608003909553
59,97,1999,45,-35,50,-25,17.9351917790927
60,105,1999,45,-35,50,-25,24.164919679081
61,113,1999,45,-35,50,-25,15.3682690212343
62,121,1999,45,-35,50,-25,12.2142000361727
63,129,1999,45,-35,50,-25,12.8613832700922
64,137,1999,45,-35,50,-25,18.5298970876891
65,145,1999,45,-35,50,-25,15.010222384342
66,153,1999,45,-35,50,-25,15.1227820093461
67,161,1999,45,-35,50,-25,16.5239167697342
68,169,1999,45,-35,50,-25,15.1300386436655
69,177,1999,45,-35,50,-25,11.8369772660818
70,185,1999,45,-35,50,-25,10.4794046840776
71,193,1999,45,-35,50,-25,9.42523617893441
72,201,1999,45,-35,50,-25,6.96411816975811
73,209,1999,45,-35,50,-25,7.57282234585714
74,217,1999,45,-35,50,-25,7.10217838910593
75,225,1999,45,-35,50,-25,6.83991021979026
76,233,1999,45,-35,50,-25,7.98082577025137
77,241,1999,45,-35,50,-25,5.38497686127261
78,249,1999,45,-35,50,-25,7.91040264690249
79,257,1999,45,-35,50,-25,6.51452465278324
80,265,1999,45,-35,50,-25,5.47639948056014
81,273,1999,45,-35,50,-25,5.66117478674324
82,281,1999,45,-35,50,-25,8.72000662978806
83,289,1999,45,-35,50,-25,8.20344328001063
84,297,1999,45,-35,50,-25,9.94199379574901
85,305,1999,45,-35,50,-25,8.02392710104488
86,313,1999,45,-35,50,-25,4.84438017018912
87,321,1999,45,-35,50,-25,4.82621920939888
88,329,1999,45,-35,50,-25,6.67768927927721
89,337,1999,45,-35,50,-25,5.11705781076505
90,345,1999,45,-35,50,-25,18.2578411237801
91,353,1999,45,-35,50,-25,17.9575146616026
92,361,1999,45,-35,50,-25,5.05560748279346
93,1,2000,45,-35,50,-25,7.11248914443238
94,9,2000,45,-35,50,-25,5.45969604600504
95,17,2000,45,-35,50,-25,5.59294344827309
96,25,2000,45,-35,50,-25,7.65518148175818
97,33,2000,45,-35,50,-25,7.17935501174868
98,41,2000,45,-35,50,-25,5.69742291806695
99,49,2000,45,-35,50,-25,8.9870161649762
100,57,2000,45,-35,50,-25,8.95486815635996
101,65,2000,45,-35,50,-25,13.6489898994705
102,73,2000,45,-35,50,-25,13.3064027200861
103,81,2000,45,-35,50,-25,12.9433087093885
104,89,2000,45,-35,50,-25,13.4856734909139
105,97,2000,45,-35,50,-25,13.2133035987654
106,105,2000,45,-35,50,-25,9.00300713517318
107,113,2000,45,-35,50,-25,9.05479886986553
108,121,2000,45,-35,50,-25,9.94456276905087
109,129,2000,45,-35,50,-25,14.2183725702607
110,137,2000,45,-35,50,-25,15.1445309786103
111,145,2000,45,-35,50,-25,14.9603512131046
112,153,2000,45,-35,50,-25,10.3282369710907
113,161,2000,45,-35,50,-25,9.53361681304423
114,169,2000,45,-35,50,-25,9.77088911590033
115,177,2000,45,-35,50,-25,12.5155650404112
116,185,2000,45,-35,50,-25,10.530841932168
117,193,2000,45,-35,50,-25,7.82547500565422
118,201,2000,45,-35,50,-25,7.85662404010862
119,209,2000,45,-35,50,-25,7.17242798777039
120,217,2000,45,-35,50,-25,6.38933762976821
121,225,2000,45,-35,50,-25,7.01733001616582
122,233,2000,45,-35,50,-25,5.45310016800808
123,241,2000,45,-35,50,-25,6.59219778661411
124,249,2000,45,-35,50,-25,6.04894906688349
125,257,2000,45,-35,50,-25,6.24840706392359
126,265,2000,45,-35,50,-25,6.50444392350009
127,273,2000,45,-35,50,-25,6.66583264271018
128,281,2000,45,-35,50,-25,6.2493360856844
129,289,2000,45,-35,50,-25,7.96191882969735
130,297,2000,45,-35,50,-25,7.01523004436447
131,305,2000,45,-35,50,-25,6.95019504626895
132,313,2000,45,-35,50,-25,7.71524021232627
133,321,2000,45,-35,50,-25,9.38507199098725
134,329,2000,45,-35,50,-25,10.2899388798761
135,337,2000,45,-35,50,-25,7.10392118216845
136,345,2000,45,-35,50,-25,6.61989705631358
137,353,2000,45,-35,50,-25,5.23451855348686
138,361,2000,45,-35,50,-25,5.04146794507209
139,1,2001,45,-35,50,-25,5.45873447839228
140,9,2001,45,-35,50,-25,5.61187890309569
141,17,2001,45,-35,50,-25,7.45246290527629
142,25,2001,45,-35,50,-25,6.26080021294278
143,33,2001,45,-35,50,-25,9.58829296760044
144,41,2001,45,-35,50,-25,6.24325143736012
145,49,2001,45,-35,50,-25,6.93209308604295
146,57,2001,45,-35,50,-25,7.33401565391148
147,65,2001,45,-35,50,-25,5.87962091801407
148,73,2001,45,-35,50,-25,5.65921446025117
149,81,2001,45,-35,50,-25,7.07594074311192
150,89,2001,45,-35,50,-25,7.54955503697012
151,97,2001,45,-35,50,-25,6.78723051198067
152,105,2001,45,-35,50,-25,29.606406824039
153,113,2001,45,-35,50,-25,15.513142254366
154,121,2001,45,-35,50,-25,22.4028837570088
155,129,2001,45,-35,50,-25,14.0700309549811
156,137,2001,45,-35,50,-25,15.6681334487894
157,145,2001,45,-35,50,-25,19.2225239131177
158,153,2001,45,-35,50,-25,21.6698803608743
159,161,2001,45,-35,50,-25,11.9373152228535
160,169,2001,45,-35,50,-25,10.9442275053073
161,177,2001,45,-35,50,-25,11.1801745828575
162,185,2001,45,-35,50,-25,11.0919160769699
163,193,2001,45,-35,50,-25,9.45209811125777
164,201,2001,45,-35,50,-25,7.61619786154658
165,209,2001,45,-35,50,-25,7.94625947475145
166,217,2001,45,-35,50,-25,6.94476100423085
167,225,2001,45,-35,50,-25,8.58573054771743
168,233,2001,45,-35,50,-25,7.72787844569084
169,241,2001,45,-35,50,-25,5.15159996882551
170,249,2001,45,-35,50,-25,5.32838880887673
171,257,2001,45,-35,50,-25,5.71252346905666
172,265,2001,45,-35,50,-25,11.5008218058346
173,273,2001,45,-35,50,-25,6.17036956782575
174,281,2001,45,-35,50,-25,5.87274560422389
175,289,2001,45,-35,50,-25,6.53103182642114
176,297,2001,45,-35,50,-25,6.10627049335112
177,305,2001,45,-35,50,-25,5.70402087690068
178,313,2001,45,-35,50,-25,8.83831352762276
179,321,2001,45,-35,50,-25,5.47605395020838
180,329,2001,45,-35,50,-25,7.43116329183384
181,337,2001,45,-35,50,-25,6.55554109480027
182,345,2001,45,-35,50,-25,5.56038904988463
183,353,2001,45,-35,50,-25,6.55404076851791
184,361,2001,45,-35,50,-25,3.81046449227088
185,1,2002,45,-35,50,-25,6.00546404532313
186,9,2002,45,-35,50,-25,6.97637842461792
187,17,2002,45,-35,50,-25,10.5338457522829
188,25,2002,45,-35,50,-25,8.4161743166006
189,33,2002,45,-35,50,-25,6.80963375923213
190,41,2002,45,-35,50,-25,6.18625421114679
191,49,2002,45,-35,50,-25,5.14353529420791
192,57,2002,45,-35,50,-25,7.74288739898756
193,65,2002,45,-35,50,-25,6.29327524281602
194,73,2002,45,-35,50,-25,6.34822589843864
195,81,2002,45,-35,50,-25,6.42439097468805
196,89,2002,45,-35,50,-25,7.34207950558265
197,97,2002,45,-35,50,-25,7.15406144891962
198,105,2002,45,-35,50,-25,7.24039304070854
199,113,2002,45,-35,50,-25,8.7968419295641
200,121,2002,45,-35,50,-25,14.1284537871365
201,129,2002,45,-35,50,-25,16.662243593154
202,137,2002,45,-35,50,-25,9.68722404314792
203,145,2002,45,-35,50,-25,10.1850184858689
204,153,2002,45,-35,50,-25,10.0388680743899
205,161,2002,45,-35,50,-25,8.77780677215009
206,169,2002,45,-35,50,-25,10.1518851583007
207,177,2002,45,-35,50,-25,13.91498809931
208,185,2002,45,-35,50,-25,12.3921285925361
209,193,2002,45,-35,50,-25,11.5685575570816
210,201,2002,45,-35,50,-25,9.56026075923984
211,209,2002,45,-35,50,-25,11.118669081086
212,217,2002,45,-35,50,-25,12.3034771855166
213,225,2002,45,-35,50,-25,14.3895856665084
214,233,2002,45,-35,50,-25,10.8557843805873
215,241,2002,45,-35,50,-25,6.68765564060296
216,249,2002,45,-35,50,-25,6.5102977572551
217,257,2002,45,-35,50,-25,6.14343248309058
218,265,2002,45,-35,50,-25,7.72059507368594
219,273,2002,45,-35,50,-25,7.8901898603044
220,281,2002,45,-35,50,-25,7.46125430536273
221,289,2002,45,-35,50,-25,11.4675711241484
222,297,2002,45,-35,50,-25,19.4726594635136
223,305,2002,45,-35,50,-25,6.94800085042125
224,313,2002,45,-35,50,-25,13.264190143027
225,321,2002,45,-35,50,-25,14.1026838419087
226,329,2002,45,-35,50,-25,7.04201340053134
227,337,2002,45,-35,50,-25,5.49823633521347
228,345,2002,45,-35,50,-25,6.44915239715479
229,353,2002,45,-35,50,-25,5.61560031850318
230,361,2002,45,-35,50,-25,5.91438475561468
1,1,1998,50,-35,55,-25,5.27709429054509
2,9,1998,50,-35,55,-25,7.39184826834281
3,17,1998,50,-35,55,-25,5.81515839849153
4,25,1998,50,-35,55,-25,5.82697647579834
5,33,1998,50,-35,55,-25,6.76485344522922
6,41,1998,50,-35,55,-25,5.67391369305096
7,49,1998,50,-35,55,-25,6.08444915909071
8,57,1998,50,-35,55,-25,7.3707479560969
9,65,1998,50,-35,55,-25,7.20752366455479
10,73,1998,50,-35,55,-25,7.88776447986903
11,81,1998,50,-35,55,-25,6.35170084900648
12,89,1998,50,-35,55,-25,7.32342794965161
13,97,1998,50,-35,55,-25,12.5720432294274
14,105,1998,50,-35,55,-25,10.7557737715042
15,113,1998,50,-35,55,-25,12.1546476143333
16,121,1998,50,-35,55,-25,20.9070825486984
17,129,1998,50,-35,55,-25,15.6568512880854
18,137,1998,50,-35,55,-25,19.2188941267402
19,145,1998,50,-35,55,-25,20.2033712375628
20,153,1998,50,-35,55,-25,24.428563243285
21,161,1998,50,-35,55,-25,28.9522319512564
22,169,1998,50,-35,55,-25,31.0076603785651
23,177,1998,50,-35,55,-25,19.1191611505137
24,185,1998,50,-35,55,-25,14.5343374865769
25,193,1998,50,-35,55,-25,14.5541339727513
26,201,1998,50,-35,55,-25,13.542489377232
27,209,1998,50,-35,55,-25,9.86567532312013
28,217,1998,50,-35,55,-25,9.01682209458044
29,225,1998,50,-35,55,-25,12.0104127737401
30,233,1998,50,-35,55,-25,9.53443210260032
31,241,1998,50,-35,55,-25,9.92265151273945
32,249,1998,50,-35,55,-25,11.1427969591949
33,257,1998,50,-35,55,-25,6.84843310329627
34,265,1998,50,-35,55,-25,19.2111539512835
35,273,1998,50,-35,55,-25,7.4734646485568
36,281,1998,50,-35,55,-25,8.88284355674609
37,289,1998,50,-35,55,-25,6.89825279721719
38,297,1998,50,-35,55,-25,10.7775360032485
39,305,1998,50,-35,55,-25,7.53860054066719
40,313,1998,50,-35,55,-25,6.61639028338416
41,321,1998,50,-35,55,-25,7.38020016185175
42,329,1998,50,-35,55,-25,6.78028371885598
43,337,1998,50,-35,55,-25,6.81537692979123
44,345,1998,50,-35,55,-25,5.64480540139336
45,353,1998,50,-35,55,-25,12.7268645124236
46,361,1998,50,-35,55,-25,10.4291048543657
47,1,1999,50,-35,55,-25,6.6159120579325
48,9,1999,50,-35,55,-25,6.75652203691742
49,17,1999,50,-35,55,-25,5.04672710318835
50,25,1999,50,-35,55,-25,5.88205303462143
51,33,1999,50,-35,55,-25,6.53497957301146
52,41,1999,50,-35,55,-25,4.57650023412534
53,49,1999,50,-35,55,-25,8.33492809283735
54,57,1999,50,-35,55,-25,7.42257139366245
55,65,1999,50,-35,55,-25,7.55241022092894
56,73,1999,50,-35,55,-25,8.09203138864556
57,81,1999,50,-35,55,-25,8.22545506622311
58,89,1999,50,-35,55,-25,7.74840707247422
59,97,1999,50,-35,55,-25,10.0409736887023
60,105,1999,50,-35,55,-25,11.8682667504392
61,113,1999,50,-35,55,-25,13.7684551907904
62,121,1999,50,-35,55,-25,11.0272208657819
63,129,1999,50,-35,55,-25,10.6325666867211
64,137,1999,50,-35,55,-25,14.9728376777523
65,145,1999,50,-35,55,-25,15.0301122433946
66,153,1999,50,-35,55,-25,17.2302616498865
67,161,1999,50,-35,55,-25,19.0006570576966
68,169,1999,50,-35,55,-25,18.6758714364042
69,177,1999,50,-35,55,-25,14.8110972514147
70,185,1999,50,-35,55,-25,11.3621371991922
71,193,1999,50,-35,55,-25,11.9638158733712
72,201,1999,50,-35,55,-25,9.89139009738327
73,209,1999,50,-35,55,-25,11.432327671704
74,217,1999,50,-35,55,-25,19.0751920179049
75,225,1999,50,-35,55,-25,18.0478859121831
76,233,1999,50,-35,55,-25,20.5061583470405
77,241,1999,50,-35,55,-25,10.0614644058829
78,249,1999,50,-35,55,-25,11.6965094067183
79,257,1999,50,-35,55,-25,7.75866454582411
80,265,1999,50,-35,55,-25,6.54396736095692
81,273,1999,50,-35,55,-25,7.04989024399736
82,281,1999,50,-35,55,-25,9.91947850835559
83,289,1999,50,-35,55,-25,9.91950814140677
84,297,1999,50,-35,55,-25,9.88783848611069
85,305,1999,50,-35,55,-25,8.08811015622607
86,313,1999,50,-35,55,-25,6.05718501122926
87,321,1999,50,-35,55,-25,4.31314198347785
88,329,1999,50,-35,55,-25,6.73201390597228
89,337,1999,50,-35,55,-25,5.23900125959261
90,345,1999,50,-35,55,-25,20.3952043074109
91,353,1999,50,-35,55,-25,19.5195029875789
92,361,1999,50,-35,55,-25,4.95292689709213
93,1,2000,50,-35,55,-25,6.9991011731417
94,9,2000,50,-35,55,-25,5.35888873611107
95,17,2000,50,-35,55,-25,4.75740350663849
96,25,2000,50,-35,55,-25,5.4786934480529
97,33,2000,50,-35,55,-25,7.22190439402096
98,41,2000,50,-35,55,-25,6.7222871886558
99,49,2000,50,-35,55,-25,11.6584847043024
100,57,2000,50,-35,55,-25,6.84023777561346
101,65,2000,50,-35,55,-25,6.44694906864003
102,73,2000,50,-35,55,-25,8.83475465318446
103,81,2000,50,-35,55,-25,11.7162695878743
104,89,2000,50,-35,55,-25,12.5056104420576
105,97,2000,50,-35,55,-25,16.552397158435
106,105,2000,50,-35,55,-25,12.4984435570457
107,113,2000,50,-35,55,-25,10.0729692224913
108,121,2000,50,-35,55,-25,11.465612848262
109,129,2000,50,-35,55,-25,10.3752901726759
110,137,2000,50,-35,55,-25,13.0773247363147
111,145,2000,50,-35,55,-25,12.2842203440545
112,153,2000,50,-35,55,-25,11.7043027832382
113,161,2000,50,-35,55,-25,10.6446537405908
114,169,2000,50,-35,55,-25,9.87951160842219
115,177,2000,50,-35,55,-25,15.1688898007025
116,185,2000,50,-35,55,-25,19.0520017035009
117,193,2000,50,-35,55,-25,9.42706604331357
118,201,2000,50,-35,55,-25,12.19598255208
119,209,2000,50,-35,55,-25,10.0957420746592
120,217,2000,50,-35,55,-25,10.7141353251673
121,225,2000,50,-35,55,-25,9.92863830186744
122,233,2000,50,-35,55,-25,8.59428806802449
123,241,2000,50,-35,55,-25,9.18256637752504
124,249,2000,50,-35,55,-25,6.66810030497567
125,257,2000,50,-35,55,-25,7.99136927436201
126,265,2000,50,-35,55,-25,6.65730766582439
127,273,2000,50,-35,55,-25,7.62739289291934
128,281,2000,50,-35,55,-25,7.55631765249096
129,289,2000,50,-35,55,-25,6.78141102945229
130,297,2000,50,-35,55,-25,8.43297380269121
131,305,2000,50,-35,55,-25,8.04855650433159
132,313,2000,50,-35,55,-25,7.76849809560505
133,321,2000,50,-35,55,-25,5.12890730703823
134,329,2000,50,-35,55,-25,10.8877782750324
135,337,2000,50,-35,55,-25,7.09127037611856
136,345,2000,50,-35,55,-25,6.4811858516303
137,353,2000,50,-35,55,-25,4.96069043591067
138,361,2000,50,-35,55,-25,5.11763890110891
139,1,2001,50,-35,55,-25,5.59241410613981
140,9,2001,50,-35,55,-25,5.58149638354667
141,17,2001,50,-35,55,-25,6.77085509297594
142,25,2001,50,-35,55,-25,6.1919989231914
143,33,2001,50,-35,55,-25,13.594664592686
144,41,2001,50,-35,55,-25,6.56333468956958
145,49,2001,50,-35,55,-25,5.65291273821687
146,57,2001,50,-35,55,-25,6.54676802726041
147,65,2001,50,-35,55,-25,7.50021980746692
148,73,2001,50,-35,55,-25,5.41948985078607
149,81,2001,50,-35,55,-25,7.9480565974278
150,89,2001,50,-35,55,-25,7.87279445553063
151,97,2001,50,-35,55,-25,5.89477851641468
152,105,2001,50,-35,55,-25,15.0477937093811
153,113,2001,50,-35,55,-25,11.2695626877443
154,121,2001,50,-35,55,-25,13.0863226483773
155,129,2001,50,-35,55,-25,12.9212476916724
156,137,2001,50,-35,55,-25,13.1261065690241
157,145,2001,50,-35,55,-25,20.3193478010525
158,153,2001,50,-35,55,-25,31.0811256072158
159,161,2001,50,-35,55,-25,17.7949378086994
160,169,2001,50,-35,55,-25,13.2110499248184
161,177,2001,50,-35,55,-25,18.5784431356083
162,185,2001,50,-35,55,-25,15.3960418205045
163,193,2001,50,-35,55,-25,15.2070902913955
164,201,2001,50,-35,55,-25,10.6487229089038
165,209,2001,50,-35,55,-25,12.1110903432406
166,217,2001,50,-35,55,-25,10.3537326251029
167,225,2001,50,-35,55,-25,11.6244069943207
168,233,2001,50,-35,55,-25,10.2144740986301
169,241,2001,50,-35,55,-25,6.94548947408856
170,249,2001,50,-35,55,-25,6.78296984841319
171,257,2001,50,-35,55,-25,8.92418337084911
172,265,2001,50,-35,55,-25,16.9474211309094
173,273,2001,50,-35,55,-25,7.04438050602382
174,281,2001,50,-35,55,-25,8.26845370057831
175,289,2001,50,-35,55,-25,7.12951430709926
176,297,2001,50,-35,55,-25,6.6771933312512
177,305,2001,50,-35,55,-25,6.43115940289933
178,313,2001,50,-35,55,-25,5.93704799335642
179,321,2001,50,-35,55,-25,4.38394443303756
180,329,2001,50,-35,55,-25,7.35182358575543
181,337,2001,50,-35,55,-25,6.74036160901159
182,345,2001,50,-35,55,-25,5.39855313766042
183,353,2001,50,-35,55,-25,6.42715011154948
184,361,2001,50,-35,55,-25,3.62101609901205
185,1,2002,50,-35,55,-25,5.99000685719611
186,9,2002,50,-35,55,-25,7.30194883031914
187,17,2002,50,-35,55,-25,6.49416650554713
188,25,2002,50,-35,55,-25,6.63606919686255
189,33,2002,50,-35,55,-25,6.52756185299057
190,41,2002,50,-35,55,-25,6.68139386327862
191,49,2002,50,-35,55,-25,6.21280737217883
192,57,2002,50,-35,55,-25,6.82304852191198
193,65,2002,50,-35,55,-25,6.87116039623908
194,73,2002,50,-35,55,-25,5.65090418988649
195,81,2002,50,-35,55,-25,6.64870252303335
196,89,2002,50,-35,55,-25,7.70153640202065
197,97,2002,50,-35,55,-25,7.30141811226392
198,105,2002,50,-35,55,-25,5.64124236167397
199,113,2002,50,-35,55,-25,6.77141888277119
200,121,2002,50,-35,55,-25,10.4621107133961
201,129,2002,50,-35,55,-25,12.067337371031
202,137,2002,50,-35,55,-25,12.6336120115696
203,145,2002,50,-35,55,-25,11.4743689731153
204,153,2002,50,-35,55,-25,10.7049972928263
205,161,2002,50,-35,55,-25,11.0810625400735
206,169,2002,50,-35,55,-25,15.3762940414879
207,177,2002,50,-35,55,-25,17.0466099442648
208,185,2002,50,-35,55,-25,18.3432327635663
209,193,2002,50,-35,55,-25,19.4373897675923
210,201,2002,50,-35,55,-25,17.2928772725458
211,209,2002,50,-35,55,-25,17.4699952581512
212,217,2002,50,-35,55,-25,26.3911515751449
213,225,2002,50,-35,55,-25,31.0531975253035
214,233,2002,50,-35,55,-25,16.2350196693771
215,241,2002,50,-35,55,-25,8.72921278061552
216,249,2002,50,-35,55,-25,6.61630818780138
217,257,2002,50,-35,55,-25,8.06636196086664
218,265,2002,50,-35,55,-25,6.57696083834552
219,273,2002,50,-35,55,-25,15.3314032049142
220,281,2002,50,-35,55,-25,7.35912584598219
221,289,2002,50,-35,55,-25,7.42645811222316
222,297,2002,50,-35,55,-25,16.8249640030441
223,305,2002,50,-35,55,-25,6.2267894028777
224,313,2002,50,-35,55,-25,7.54166828887356
225,321,2002,50,-35,55,-25,6.6656335973203
226,329,2002,50,-35,55,-25,6.79634342288757
227,337,2002,50,-35,55,-25,5.4367971303672
228,345,2002,50,-35,55,-25,6.37915096436896
229,353,2002,50,-35,55,-25,5.40662196400648
230,361,2002,50,-35,55,-25,5.88155894430226
1,1,1998,40,-25,45,-15,6.08193646591539
2,9,1998,40,-25,45,-15,6.17448170818654
3,17,1998,40,-25,45,-15,20.9025623527645
4,25,1998,40,-25,45,-15,6.94067253219448
5,33,1998,40,-25,45,-15,5.95615576331165
6,41,1998,40,-25,45,-15,6.64600623758831
7,49,1998,40,-25,45,-15,6.87936650642975
8,57,1998,40,-25,45,-15,5.65714510555321
9,65,1998,40,-25,45,-15,9.65020833991216
10,73,1998,40,-25,45,-15,8.90139859727731
11,81,1998,40,-25,45,-15,8.02768124852092
12,89,1998,40,-25,45,-15,7.60723295278029
13,97,1998,40,-25,45,-15,7.90054708616232
14,105,1998,40,-25,45,-15,7.97644377522664
15,113,1998,40,-25,45,-15,10.4593474584473
16,121,1998,40,-25,45,-15,11.2258267784932
17,129,1998,40,-25,45,-15,12.2153537274069
18,137,1998,40,-25,45,-15,17.3447958939235
19,145,1998,40,-25,45,-15,14.0329406341819
20,153,1998,40,-25,45,-15,10.3353773074594
21,161,1998,40,-25,45,-15,9.65859327747764
22,169,1998,40,-25,45,-15,8.68707604769563
23,177,1998,40,-25,45,-15,6.87469970224289
24,185,1998,40,-25,45,-15,5.56258171217246
25,193,1998,40,-25,45,-15,5.01341567962601
26,201,1998,40,-25,45,-15,5.20022967108816
27,209,1998,40,-25,45,-15,4.32400498720954
28,217,1998,40,-25,45,-15,4.40875115536112
29,225,1998,40,-25,45,-15,3.93072389175101
30,233,1998,40,-25,45,-15,3.97122194109386
31,241,1998,40,-25,45,-15,5.26254129286405
32,249,1998,40,-25,45,-15,4.64456235434291
33,257,1998,40,-25,45,-15,3.77155802152169
34,265,1998,40,-25,45,-15,6.3257785749554
35,273,1998,40,-25,45,-15,5.00815486307095
36,281,1998,40,-25,45,-15,3.98232935219611
37,289,1998,40,-25,45,-15,5.57111815271836
38,297,1998,40,-25,45,-15,4.80742498980992
39,305,1998,40,-25,45,-15,6.20902411035459
40,313,1998,40,-25,45,-15,5.57176772567346
41,321,1998,40,-25,45,-15,6.70894973563321
42,329,1998,40,-25,45,-15,4.94014347583761
43,337,1998,40,-25,45,-15,5.49768641039671
44,345,1998,40,-25,45,-15,7.23404073184314
45,353,1998,40,-25,45,-15,7.47929206852844
46,361,1998,40,-25,45,-15,9.92924570678893
47,1,1999,40,-25,45,-15,9.59745895204527
48,9,1999,40,-25,45,-15,6.51515083099211
49,17,1999,40,-25,45,-15,6.75794578495645
50,25,1999,40,-25,45,-15,6.25719153799884
51,33,1999,40,-25,45,-15,6.59201218616332
52,41,1999,40,-25,45,-15,8.52545889916535
53,49,1999,40,-25,45,-15,7.15143434732758
54,57,1999,40,-25,45,-15,8.18880093731255
55,65,1999,40,-25,45,-15,7.68578811152561
56,73,1999,40,-25,45,-15,7.22246484931275
57,81,1999,40,-25,45,-15,9.01501289765686
58,89,1999,40,-25,45,-15,9.70841548108774
59,97,1999,40,-25,45,-15,15.7281384149354
60,105,1999,40,-25,45,-15,10.6911780355169
61,113,1999,40,-25,45,-15,9.56703875947442
62,121,1999,40,-25,45,-15,11.275337652327
63,129,1999,40,-25,45,-15,11.1687828151452
64,137,1999,40,-25,45,-15,11.3085110905708
65,145,1999,40,-25,45,-15,11.2027157158519
66,153,1999,40,-25,45,-15,9.66408758803452
67,161,1999,40,-25,45,-15,8.96991429864798
68,169,1999,40,-25,45,-15,8.59648871987421
69,177,1999,40,-25,45,-15,7.41433156235144
70,185,1999,40,-25,45,-15,5.61042598284914
71,193,1999,40,-25,45,-15,4.69331209164914
72,201,1999,40,-25,45,-15,5.83292112347408
73,209,1999,40,-25,45,-15,5.473443407059
74,217,1999,40,-25,45,-15,5.36563107995535
75,225,1999,40,-25,45,-15,4.62835212651556
76,233,1999,40,-25,45,-15,5.07863697953709
77,241,1999,40,-25,45,-15,5.59319886827419
78,249,1999,40,-25,45,-15,5.26984586629811
79,257,1999,40,-25,45,-15,6.12924165582081
80,265,1999,40,-25,45,-15,5.22811528074106
81,273,1999,40,-25,45,-15,5.52014272153049
82,281,1999,40,-25,45,-15,5.26901251663216
83,289,1999,40,-25,45,-15,6.74723407214324
84,297,1999,40,-25,45,-15,6.2661942032393
85,305,1999,40,-25,45,-15,7.57262427965538
86,313,1999,40,-25,45,-15,7.74027955126662
87,321,1999,40,-25,45,-15,11.3948360671756
88,329,1999,40,-25,45,-15,6.7833462632075
89,337,1999,40,-25,45,-15,4.75265896910102
90,345,1999,40,-25,45,-15,5.25612764648777
91,353,1999,40,-25,45,-15,7.42060040099928
92,361,1999,40,-25,45,-15,6.76359172938799
93,1,2000,40,-25,45,-15,6.75134708087324
94,9,2000,40,-25,45,-15,6.12372048511698
95,17,2000,40,-25,45,-15,8.76147677067298
96,25,2000,40,-25,45,-15,5.28610428797012
97,33,2000,40,-25,45,-15,6.29020904694181
98,41,2000,40,-25,45,-15,6.35917137168311
99,49,2000,40,-25,45,-15,6.65200815819253
100,57,2000,40,-25,45,-15,8.4142750304875
101,65,2000,40,-25,45,-15,13.9184633353936
102,73,2000,40,-25,45,-15,12.8380810342326
103,81,2000,40,-25,45,-15,8.35520267704929
104,89,2000,40,-25,45,-15,10.4462794703353
105,97,2000,40,-25,45,-15,7.5841166505507
106,105,2000,40,-25,45,-15,7.1442922407705
107,113,2000,40,-25,45,-15,13.120202562139
108,121,2000,40,-25,45,-15,10.2117697735863
109,129,2000,40,-25,45,-15,10.7460579554144
110,137,2000,40,-25,45,-15,10.4227157701852
111,145,2000,40,-25,45,-15,7.62800820390943
112,153,2000,40,-25,45,-15,6.82253008526467
113,161,2000,40,-25,45,-15,7.66388173220627
114,169,2000,40,-25,45,-15,6.04840544793251
115,177,2000,40,-25,45,-15,7.40148342958448
116,185,2000,40,-25,45,-15,6.87686477585423
117,193,2000,40,-25,45,-15,6.46761041005374
118,201,2000,40,-25,45,-15,5.62374176394718
119,209,2000,40,-25,45,-15,3.87678544644846
120,217,2000,40,-25,45,-15,4.74946427977324
121,225,2000,40,-25,45,-15,4.5293466643042
122,233,2000,40,-25,45,-15,6.10979954648617
123,241,2000,40,-25,45,-15,3.75149823323262
124,249,2000,40,-25,45,-15,3.44084710993399
125,257,2000,40,-25,45,-15,6.10965470781309
126,265,2000,40,-25,45,-15,5.78896896397607
127,273,2000,40,-25,45,-15,4.73392896180531
128,281,2000,40,-25,45,-15,5.01493351338748
129,289,2000,40,-25,45,-15,5.93416097998021
130,297,2000,40,-25,45,-15,5.68943582184179
131,305,2000,40,-25,45,-15,7.13267135765495
132,313,2000,40,-25,45,-15,6.05846898262461
133,321,2000,40,-25,45,-15,5.90154050669674
134,329,2000,40,-25,45,-15,5.60339806914896
135,337,2000,40,-25,45,-15,6.08257960601743
136,345,2000,40,-25,45,-15,5.99470257367608
137,353,2000,40,-25,45,-15,6.73279220953322
138,361,2000,40,-25,45,-15,8.70815940984768
139,1,2001,40,-25,45,-15,5.4354003290227
140,9,2001,40,-25,45,-15,6.32890748591035
141,17,2001,40,-25,45,-15,8.21963027625044
142,25,2001,40,-25,45,-15,6.86530351933989
143,33,2001,40,-25,45,-15,8.13185132913782
144,41,2001,40,-25,45,-15,5.26489490736993
145,49,2001,40,-25,45,-15,8.63085583955975
146,57,2001,40,-25,45,-15,6.8684241507505
147,65,2001,40,-25,45,-15,6.41036764874735
148,73,2001,40,-25,45,-15,7.21192953533535
149,81,2001,40,-25,45,-15,9.41230504825225
150,89,2001,40,-25,45,-15,8.22803055438879
151,97,2001,40,-25,45,-15,12.1232753441006
152,105,2001,40,-25,45,-15,20.1875375107233
153,113,2001,40,-25,45,-15,9.7646223498904
154,121,2001,40,-25,45,-15,13.3163703709433
155,129,2001,40,-25,45,-15,9.78521681888271
156,137,2001,40,-25,45,-15,15.6476147863387
157,145,2001,40,-25,45,-15,9.57304312805614
158,153,2001,40,-25,45,-15,9.57315880186239
159,161,2001,40,-25,45,-15,7.33676928664785
160,169,2001,40,-25,45,-15,6.90676913699439
161,177,2001,40,-25,45,-15,5.8434757577053
162,185,2001,40,-25,45,-15,8.21657507644925
163,193,2001,40,-25,45,-15,5.97869631829363
164,201,2001,40,-25,45,-15,5.11404472273996
165,209,2001,40,-25,45,-15,5.21691946547459
166,217,2001,40,-25,45,-15,3.88101044151586
167,225,2001,40,-25,45,-15,5.0218529971711
168,233,2001,40,-25,45,-15,4.53712409753884
169,241,2001,40,-25,45,-15,4.22115497762673
170,249,2001,40,-25,45,-15,5.2205140739674
171,257,2001,40,-25,45,-15,5.26687817132222
172,265,2001,40,-25,45,-15,7.1959506160785
173,273,2001,40,-25,45,-15,6.70771683176872
174,281,2001,40,-25,45,-15,5.06892757362226
175,289,2001,40,-25,45,-15,5.6846912525938
176,297,2001,40,-25,45,-15,6.05356507628589
177,305,2001,40,-25,45,-15,6.73963995474741
178,313,2001,40,-25,45,-15,10.3926795989105
179,321,2001,40,-25,45,-15,6.3428506286169
180,329,2001,40,-25,45,-15,9.35475760007887
181,337,2001,40,-25,45,-15,5.91249989147674
182,345,2001,40,-25,45,-15,5.04477461104997
183,353,2001,40,-25,45,-15,7.11736937974933
184,361,2001,40,-25,45,-15,5.73064546641188
185,1,2002,40,-25,45,-15,7.17076659096987
186,9,2002,40,-25,45,-15,4.34434957397498
187,17,2002,40,-25,45,-15,6.79038922399449
188,25,2002,40,-25,45,-15,5.81210177352609
189,33,2002,40,-25,45,-15,6.48503394030215
190,41,2002,40,-25,45,-15,7.09627898894272
191,49,2002,40,-25,45,-15,5.81081709951228
192,57,2002,40,-25,45,-15,7.55146189124893
193,65,2002,40,-25,45,-15,5.96199023860951
194,73,2002,40,-25,45,-15,6.53470205271364
195,81,2002,40,-25,45,-15,8.03716001426447
196,89,2002,40,-25,45,-15,9.94299476664839
197,97,2002,40,-25,45,-15,9.54473274452299
198,105,2002,40,-25,45,-15,18.4982747489264
199,113,2002,40,-25,45,-15,22.1084700326154
200,121,2002,40,-25,45,-15,18.5822534798031
201,129,2002,40,-25,45,-15,15.3333921684658
202,137,2002,40,-25,45,-15,9.69495744793688
203,145,2002,40,-25,45,-15,9.01319791684651
204,153,2002,40,-25,45,-15,8.83711815441827
205,161,2002,40,-25,45,-15,8.23253262412578
206,169,2002,40,-25,45,-15,6.3417782468772
207,177,2002,40,-25,45,-15,7.33107781543635
208,185,2002,40,-25,45,-15,6.47636610592401
209,193,2002,40,-25,45,-15,5.90258183446679
210,201,2002,40,-25,45,-15,5.57314838109729
211,209,2002,40,-25,45,-15,4.70663393495373
212,217,2002,40,-25,45,-15,4.97528478107619
213,225,2002,40,-25,45,-15,4.49604182276765
214,233,2002,40,-25,45,-15,12.0863786668631
215,241,2002,40,-25,45,-15,4.42959755341553
216,249,2002,40,-25,45,-15,5.32781527077691
217,257,2002,40,-25,45,-15,5.66207218219426
218,265,2002,40,-25,45,-15,14.9782079734147
219,273,2002,40,-25,45,-15,5.04947598291805
220,281,2002,40,-25,45,-15,8.34856998650089
221,289,2002,40,-25,45,-15,6.81068229942038
222,297,2002,40,-25,45,-15,7.28136645810267
223,305,2002,40,-25,45,-15,4.73756383533038
224,313,2002,40,-25,45,-15,6.2036554963585
225,321,2002,40,-25,45,-15,15.5031451422629
226,329,2002,40,-25,45,-15,7.6617341168323
227,337,2002,40,-25,45,-15,9.1212844858097
228,345,2002,40,-25,45,-15,5.62560624720997
229,353,2002,40,-25,45,-15,5.58996460188154
230,361,2002,40,-25,45,-15,6.07327132356743
1,1,1998,45,-25,50,-15,5.32717930992111
2,9,1998,45,-25,50,-15,7.78677475331419
3,17,1998,45,-25,50,-15,9.13792367885627
4,25,1998,45,-25,50,-15,8.18469029142279
5,33,1998,45,-25,50,-15,8.48363173945721
6,41,1998,45,-25,50,-15,5.51252564341563
7,49,1998,45,-25,50,-15,6.20252439944289
8,57,1998,45,-25,50,-15,6.21560984724537
9,65,1998,45,-25,50,-15,7.60856660577776
10,73,1998,45,-25,50,-15,9.48746328445171
11,81,1998,45,-25,50,-15,7.81559416402772
12,89,1998,45,-25,50,-15,8.09694645989391
13,97,1998,45,-25,50,-15,8.84637065580463
14,105,1998,45,-25,50,-15,7.34488316095061
15,113,1998,45,-25,50,-15,8.04546885054157
16,121,1998,45,-25,50,-15,14.6365513868562
17,129,1998,45,-25,50,-15,16.9800241324535
18,137,1998,45,-25,50,-15,33.3550836377267
19,145,1998,45,-25,50,-15,23.0072239305323
20,153,1998,45,-25,50,-15,22.163925120984
21,161,1998,45,-25,50,-15,24.8884325499079
22,169,1998,45,-25,50,-15,20.9704260178036
23,177,1998,45,-25,50,-15,12.8240871430967
24,185,1998,45,-25,50,-15,11.8398803861301
25,193,1998,45,-25,50,-15,10.5941106348186
26,201,1998,45,-25,50,-15,9.62045659228005
27,209,1998,45,-25,50,-15,7.99627471890758
28,217,1998,45,-25,50,-15,7.83919712802999
29,225,1998,45,-25,50,-15,8.23197369647989
30,233,1998,45,-25,50,-15,6.06991056344564
31,241,1998,45,-25,50,-15,7.21443825568408
32,249,1998,45,-25,50,-15,6.81161822544716
33,257,1998,45,-25,50,-15,5.91767618397051
34,265,1998,45,-25,50,-15,10.0022741819352
35,273,1998,45,-25,50,-15,6.85602743485099
36,281,1998,45,-25,50,-15,5.42657396216643
37,289,1998,45,-25,50,-15,6.5676315635577
38,297,1998,45,-25,50,-15,6.79777541540228
39,305,1998,45,-25,50,-15,6.39043457053797
40,313,1998,45,-25,50,-15,6.93691346750933
41,321,1998,45,-25,50,-15,13.2587020658666
42,329,1998,45,-25,50,-15,5.75285328452331
43,337,1998,45,-25,50,-15,6.19970014564423
44,345,1998,45,-25,50,-15,5.8703958675402
45,353,1998,45,-25,50,-15,7.83281300816822
46,361,1998,45,-25,50,-15,9.29126324742106
47,1,1999,45,-25,50,-15,7.79135384900437
48,9,1999,45,-25,50,-15,9.13641181159084
49,17,1999,45,-25,50,-15,9.92708213748306
50,25,1999,45,-25,50,-15,7.35451718131302
51,33,1999,45,-25,50,-15,6.10733262374634
52,41,1999,45,-25,50,-15,11.8884446268948
53,49,1999,45,-25,50,-15,6.70987273856587
54,57,1999,45,-25,50,-15,8.60396303219197
55,65,1999,45,-25,50,-15,10.5344424236405
56,73,1999,45,-25,50,-15,6.03475431359962
57,81,1999,45,-25,50,-15,9.02503370441537
58,89,1999,45,-25,50,-15,6.83112024754616
59,97,1999,45,-25,50,-15,14.2462380805106
60,105,1999,45,-25,50,-15,9.76314756172833
61,113,1999,45,-25,50,-15,9.81035196558434
62,121,1999,45,-25,50,-15,11.1571571463534
63,129,1999,45,-25,50,-15,11.3982638602943
64,137,1999,45,-25,50,-15,21.0002853239633
65,145,1999,45,-25,50,-15,16.1018478113698
66,153,1999,45,-25,50,-15,14.4884184436477
67,161,1999,45,-25,50,-15,20.9691334938329
68,169,1999,45,-25,50,-15,19.8224066313423
69,177,1999,45,-25,50,-15,16.1928693144986
70,185,1999,45,-25,50,-15,12.041452606984
71,193,1999,45,-25,50,-15,10.8818602962063
72,201,1999,45,-25,50,-15,8.08499824348563
73,209,1999,45,-25,50,-15,8.18042172980776
74,217,1999,45,-25,50,-15,8.64607258639037
75,225,1999,45,-25,50,-15,8.12039634486515
76,233,1999,45,-25,50,-15,8.49744859085761
77,241,1999,45,-25,50,-15,5.8359663882436
78,249,1999,45,-25,50,-15,8.72207660047647
79,257,1999,45,-25,50,-15,8.02881035045735
80,265,1999,45,-25,50,-15,8.32562339881995
81,273,1999,45,-25,50,-15,6.42609620590465
82,281,1999,45,-25,50,-15,6.88731077771976
83,289,1999,45,-25,50,-15,7.93401662600525
84,297,1999,45,-25,50,-15,9.00820457502164
85,305,1999,45,-25,50,-15,9.60641284574263
86,313,1999,45,-25,50,-15,6.43687979261611
87,321,1999,45,-25,50,-15,6.11479332628349
88,329,1999,45,-25,50,-15,7.0825162587324
89,337,1999,45,-25,50,-15,4.78047162337525
90,345,1999,45,-25,50,-15,5.24369363435827
91,353,1999,45,-25,50,-15,5.63902436823708
92,361,1999,45,-25,50,-15,4.594111985388
93,1,2000,45,-25,50,-15,4.79509466609057
94,9,2000,45,-25,50,-15,6.1029110048068
95,17,2000,45,-25,50,-15,20.4688043205632
96,25,2000,45,-25,50,-15,7.39577862611928
97,33,2000,45,-25,50,-15,11.0758905984139
98,41,2000,45,-25,50,-15,12.2266695339735
99,49,2000,45,-25,50,-15,12.849130233529
100,57,2000,45,-25,50,-15,7.88588271323018
101,65,2000,45,-25,50,-15,11.3000063893312
102,73,2000,45,-25,50,-15,10.7568998906608
103,81,2000,45,-25,50,-15,9.23754273961811
104,89,2000,45,-25,50,-15,11.1447590785101
105,97,2000,45,-25,50,-15,10.9872229225697
106,105,2000,45,-25,50,-15,7.99661238521025
107,113,2000,45,-25,50,-15,8.90011001724088
108,121,2000,45,-25,50,-15,15.8299372937085
109,129,2000,45,-25,50,-15,22.0080615476951
110,137,2000,45,-25,50,-15,15.8183552693629
111,145,2000,45,-25,50,-15,11.3158761242877
112,153,2000,45,-25,50,-15,10.475352929608
113,161,2000,45,-25,50,-15,9.3687291806628
114,169,2000,45,-25,50,-15,9.03488435149016
115,177,2000,45,-25,50,-15,12.4495139167922
116,185,2000,45,-25,50,-15,11.4515186903855
117,193,2000,45,-25,50,-15,8.39449072579529
118,201,2000,45,-25,50,-15,7.33657543762463
119,209,2000,45,-25,50,-15,6.98658640934585
120,217,2000,45,-25,50,-15,6.16083956405646
121,225,2000,45,-25,50,-15,8.84353753509304
122,233,2000,45,-25,50,-15,5.82119251341155
123,241,2000,45,-25,50,-15,6.19154650062832
124,249,2000,45,-25,50,-15,5.64448455965836
125,257,2000,45,-25,50,-15,6.8779306307165
126,265,2000,45,-25,50,-15,7.09516095822779
127,273,2000,45,-25,50,-15,6.45033981553581
128,281,2000,45,-25,50,-15,5.38975121312883
129,289,2000,45,-25,50,-15,8.32548526156289
130,297,2000,45,-25,50,-15,6.49165465112669
131,305,2000,45,-25,50,-15,8.51241492731172
132,313,2000,45,-25,50,-15,7.44149974130156
133,321,2000,45,-25,50,-15,7.30795408013089
134,329,2000,45,-25,50,-15,8.15513787585311
135,337,2000,45,-25,50,-15,5.28069171001754
136,345,2000,45,-25,50,-15,6.26512119992355
137,353,2000,45,-25,50,-15,7.41243877847939
138,361,2000,45,-25,50,-15,10.2854244908099
139,1,2001,45,-25,50,-15,4.72686869332878
140,9,2001,45,-25,50,-15,4.68201608736536
141,17,2001,45,-25,50,-15,7.46561814040463
142,25,2001,45,-25,50,-15,8.06852481620541
143,33,2001,45,-25,50,-15,10.7983195255297
144,41,2001,45,-25,50,-15,7.95267767511482
145,49,2001,45,-25,50,-15,8.02480864567856
146,57,2001,45,-25,50,-15,7.75205558427699
147,65,2001,45,-25,50,-15,6.53093418480913
148,73,2001,45,-25,50,-15,13.7864570443365
149,81,2001,45,-25,50,-15,8.83747011740987
150,89,2001,45,-25,50,-15,8.54551729776959
151,97,2001,45,-25,50,-15,11.134409709959
152,105,2001,45,-25,50,-15,50.8818071326572
153,113,2001,45,-25,50,-15,17.125591401932
154,121,2001,45,-25,50,-15,22.303383865275
155,129,2001,45,-25,50,-15,13.8785822891173
156,137,2001,45,-25,50,-15,34.7685512718368
157,145,2001,45,-25,50,-15,20.710731002953
158,153,2001,45,-25,50,-15,21.2209146097047
159,161,2001,45,-25,50,-15,12.966019430914
160,169,2001,45,-25,50,-15,14.0996952050333
161,177,2001,45,-25,50,-15,12.0223003111083
162,185,2001,45,-25,50,-15,10.1286640598907
163,193,2001,45,-25,50,-15,11.7634603759538
164,201,2001,45,-25,50,-15,7.8813670852729
165,209,2001,45,-25,50,-15,7.69800797625756
166,217,2001,45,-25,50,-15,7.07664275006651
167,225,2001,45,-25,50,-15,8.02056669013475
168,233,2001,45,-25,50,-15,6.43082848045114
169,241,2001,45,-25,50,-15,5.00933112092906
170,249,2001,45,-25,50,-15,5.61262904979519
171,257,2001,45,-25,50,-15,5.74871287807728
172,265,2001,45,-25,50,-15,10.9625022546516
173,273,2001,45,-25,50,-15,13.0636681229774
174,281,2001,45,-25,50,-15,5.81506605217133
175,289,2001,45,-25,50,-15,6.57749217208784
176,297,2001,45,-25,50,-15,6.32321625811093
177,305,2001,45,-25,50,-15,8.53677047278931
178,313,2001,45,-25,50,-15,6.24941893250902
179,321,2001,45,-25,50,-15,5.04878092487588
180,329,2001,45,-25,50,-15,6.26432863323001
181,337,2001,45,-25,50,-15,6.26109083149738
182,345,2001,45,-25,50,-15,5.9099843111739
183,353,2001,45,-25,50,-15,9.05687647224616
184,361,2001,45,-25,50,-15,4.9131147698466
185,1,2002,45,-25,50,-15,4.68412252831126
186,9,2002,45,-25,50,-15,5.18972338301404
187,17,2002,45,-25,50,-15,10.2792603320389
188,25,2002,45,-25,50,-15,9.49452559510143
189,33,2002,45,-25,50,-15,9.66026803246852
190,41,2002,45,-25,50,-15,10.4235365038844
191,49,2002,45,-25,50,-15,8.26319349272232
192,57,2002,45,-25,50,-15,10.2040400605623
193,65,2002,45,-25,50,-15,6.39648898020994
194,73,2002,45,-25,50,-15,8.19117205947542
195,81,2002,45,-25,50,-15,9.88803769242339
196,89,2002,45,-25,50,-15,10.1732400158269
197,97,2002,45,-25,50,-15,8.11496551780167
198,105,2002,45,-25,50,-15,12.4866860456074
199,113,2002,45,-25,50,-15,15.5625860593895
200,121,2002,45,-25,50,-15,16.367423717125
201,129,2002,45,-25,50,-15,19.9046527172206
202,137,2002,45,-25,50,-15,12.5827255506604
203,145,2002,45,-25,50,-15,11.902414403357
204,153,2002,45,-25,50,-15,16.6113760478583
205,161,2002,45,-25,50,-15,12.8410459791514
206,169,2002,45,-25,50,-15,11.4197945940905
207,177,2002,45,-25,50,-15,11.870708636112
208,185,2002,45,-25,50,-15,11.4394990746776
209,193,2002,45,-25,50,-15,10.5147314807831
210,201,2002,45,-25,50,-15,11.2078892377015
211,209,2002,45,-25,50,-15,10.0060843937094
212,217,2002,45,-25,50,-15,12.0076854978906
213,225,2002,45,-25,50,-15,10.8723119606525
214,233,2002,45,-25,50,-15,10.4367483331198
215,241,2002,45,-25,50,-15,7.09448379328842
216,249,2002,45,-25,50,-15,7.22132479361624
217,257,2002,45,-25,50,-15,5.57898249806723
218,265,2002,45,-25,50,-15,8.04100851926961
219,273,2002,45,-25,50,-15,6.43297475047612
220,281,2002,45,-25,50,-15,8.75392696849585
221,289,2002,45,-25,50,-15,12.241177599178
222,297,2002,45,-25,50,-15,19.0502679439583
223,305,2002,45,-25,50,-15,6.31986150726327
224,313,2002,45,-25,50,-15,7.00169794400449
225,321,2002,45,-25,50,-15,16.5460395091231
226,329,2002,45,-25,50,-15,6.15386536773463
227,337,2002,45,-25,50,-15,5.71691056026016
228,345,2002,45,-25,50,-15,4.8273353866897
229,353,2002,45,-25,50,-15,5.62284658075386
230,361,2002,45,-25,50,-15,6.69829430079715
1,1,1998,50,-25,55,-15,5.16710085644378
2,9,1998,50,-25,55,-15,8.08321114290264
3,17,1998,50,-25,55,-15,12.0242490087703
4,25,1998,50,-25,55,-15,14.1800830791131
5,33,1998,50,-25,55,-15,10.5049293979694
6,41,1998,50,-25,55,-15,7.92763397888011
7,49,1998,50,-25,55,-15,7.22123826144086
8,57,1998,50,-25,55,-15,9.04005295276467
9,65,1998,50,-25,55,-15,8.76304046559898
10,73,1998,50,-25,55,-15,10.7712596536745
11,81,1998,50,-25,55,-15,9.18586037193575
12,89,1998,50,-25,55,-15,7.34827993937776
13,97,1998,50,-25,55,-15,11.2516730905371
14,105,1998,50,-25,55,-15,8.97203117397915
15,113,1998,50,-25,55,-15,10.4936563411746
16,121,1998,50,-25,55,-15,15.9039720924473
17,129,1998,50,-25,55,-15,20.9308376501781
18,137,1998,50,-25,55,-15,32.3150688492903
19,145,1998,50,-25,55,-15,25.6270279837216
20,153,1998,50,-25,55,-15,26.3486861294471
21,161,1998,50,-25,55,-15,27.0097651902129
22,169,1998,50,-25,55,-15,22.1320837510889
23,177,1998,50,-25,55,-15,14.703643592165
24,185,1998,50,-25,55,-15,14.1060432780528
25,193,1998,50,-25,55,-15,14.5481736389849
26,201,1998,50,-25,55,-15,14.9407068562375
27,209,1998,50,-25,55,-15,12.0527149647673
28,217,1998,50,-25,55,-15,11.3684850666458
29,225,1998,50,-25,55,-15,14.9663127971217
30,233,1998,50,-25,55,-15,11.439216788842
31,241,1998,50,-25,55,-15,9.97253882921155
32,249,1998,50,-25,55,-15,12.8714682320061
33,257,1998,50,-25,55,-15,7.68607027357846
34,265,1998,50,-25,55,-15,22.1066750462641
35,273,1998,50,-25,55,-15,9.01795774937583
36,281,1998,50,-25,55,-15,8.26561851175166
37,289,1998,50,-25,55,-15,7.4682992266557
38,297,1998,50,-25,55,-15,11.1779211461155
39,305,1998,50,-25,55,-15,8.571544006148
40,313,1998,50,-25,55,-15,10.3815311259185
41,321,1998,50,-25,55,-15,14.5114718035561
42,329,1998,50,-25,55,-15,5.91117178268772
43,337,1998,50,-25,55,-15,6.29072538596214
44,345,1998,50,-25,55,-15,5.52687452306822
45,353,1998,50,-25,55,-15,7.89642352516702
46,361,1998,50,-25,55,-15,9.17756497315147
47,1,1999,50,-25,55,-15,7.37486279448577
48,9,1999,50,-25,55,-15,9.63319423230866
49,17,1999,50,-25,55,-15,9.41024671521738
50,25,1999,50,-25,55,-15,9.11919827515935
51,33,1999,50,-25,55,-15,8.6487900810754
52,41,1999,50,-25,55,-15,9.97649186105075
53,49,1999,50,-25,55,-15,8.47451245738565
54,57,1999,50,-25,55,-15,9.00564515519142
55,65,1999,50,-25,55,-15,10.500205571064
56,73,1999,50,-25,55,-15,8.44300737011354
57,81,1999,50,-25,55,-15,8.8429769921828
58,89,1999,50,-25,55,-15,6.77688745921204
59,97,1999,50,-25,55,-15,8.57264860399993
60,105,1999,50,-25,55,-15,8.25895103898708
61,113,1999,50,-25,55,-15,11.6261976302769
62,121,1999,50,-25,55,-15,12.9922102609469
63,129,1999,50,-25,55,-15,11.7254221610866
64,137,1999,50,-25,55,-15,18.973124349761
65,145,1999,50,-25,55,-15,18.7595984667674
66,153,1999,50,-25,55,-15,17.1128073038922
67,161,1999,50,-25,55,-15,19.5433870589604
68,169,1999,50,-25,55,-15,20.6064551021966
69,177,1999,50,-25,55,-15,17.2366128534386
70,185,1999,50,-25,55,-15,17.4398935574376
71,193,1999,50,-25,55,-15,16.2416160827575
72,201,1999,50,-25,55,-15,14.4859678607948
73,209,1999,50,-25,55,-15,17.0760863902954
74,217,1999,50,-25,55,-15,19.0433682887677
75,225,1999,50,-25,55,-15,17.5497748283044
76,233,1999,50,-25,55,-15,15.0986139490447
77,241,1999,50,-25,55,-15,9.97623641288623
78,249,1999,50,-25,55,-15,12.3286184911226
79,257,1999,50,-25,55,-15,11.0899080025808
80,265,1999,50,-25,55,-15,7.13900263680566
81,273,1999,50,-25,55,-15,8.01184967885825
82,281,1999,50,-25,55,-15,7.65411504230617
83,289,1999,50,-25,55,-15,11.4297964720651
84,297,1999,50,-25,55,-15,9.16592691763879
85,305,1999,50,-25,55,-15,10.4506946189523
86,313,1999,50,-25,55,-15,8.48193758839884
87,321,1999,50,-25,55,-15,5.94658285532417
88,329,1999,50,-25,55,-15,7.12218581548951
89,337,1999,50,-25,55,-15,4.77889592427748
90,345,1999,50,-25,55,-15,5.24279720911764
91,353,1999,50,-25,55,-15,5.24001803385369
92,361,1999,50,-25,55,-15,4.14328308880815
93,1,2000,50,-25,55,-15,4.38697308213174
94,9,2000,50,-25,55,-15,6.07555390735184
95,17,2000,50,-25,55,-15,9.94068151823232
96,25,2000,50,-25,55,-15,6.99664640877794
97,33,2000,50,-25,55,-15,27.6255243465841
98,41,2000,50,-25,55,-15,34.8075114004784
99,49,2000,50,-25,55,-15,20.845339617654
100,57,2000,50,-25,55,-15,10.0444582445305
101,65,2000,50,-25,55,-15,8.70240840852546
102,73,2000,50,-25,55,-15,8.61657962836431
103,81,2000,50,-25,55,-15,11.8775791001233
104,89,2000,50,-25,55,-15,12.3574443215146
105,97,2000,50,-25,55,-15,14.4831007159968
106,105,2000,50,-25,55,-15,10.3592820501062
107,113,2000,50,-25,55,-15,9.66976561552807
108,121,2000,50,-25,55,-15,33.6582411939026
109,129,2000,50,-25,55,-15,66.1641314972196
110,137,2000,50,-25,55,-15,22.5011865329899
111,145,2000,50,-25,55,-15,18.4898083690598
112,153,2000,50,-25,55,-15,16.7686172963108
113,161,2000,50,-25,55,-15,11.2458183885936
114,169,2000,50,-25,55,-15,11.8913508673496
115,177,2000,50,-25,55,-15,18.3141057232665
116,185,2000,50,-25,55,-15,20.6343674328602
117,193,2000,50,-25,55,-15,10.4136540176898
118,201,2000,50,-25,55,-15,12.9744776059764
119,209,2000,50,-25,55,-15,10.9680426966651
120,217,2000,50,-25,55,-15,11.5019556784007
121,225,2000,50,-25,55,-15,14.7946707405532
122,233,2000,50,-25,55,-15,8.53021333651635
123,241,2000,50,-25,55,-15,8.47971127708824
124,249,2000,50,-25,55,-15,8.19454077707571
125,257,2000,50,-25,55,-15,9.71541907997367
126,265,2000,50,-25,55,-15,7.90890679182313
127,273,2000,50,-25,55,-15,7.62187475465225
128,281,2000,50,-25,55,-15,8.44651654824559
129,289,2000,50,-25,55,-15,8.86432738458028
130,297,2000,50,-25,55,-15,8.34840671671098
131,305,2000,50,-25,55,-15,9.05066579063873
132,313,2000,50,-25,55,-15,8.8352457483112
133,321,2000,50,-25,55,-15,4.92829399849571
134,329,2000,50,-25,55,-15,8.60653604645979
135,337,2000,50,-25,55,-15,5.13476578963716
136,345,2000,50,-25,55,-15,6.31902607033794
137,353,2000,50,-25,55,-15,7.56369210843038
138,361,2000,50,-25,55,-15,10.5078470761086
139,1,2001,50,-25,55,-15,4.67035746190262
140,9,2001,50,-25,55,-15,4.37896506070252
141,17,2001,50,-25,55,-15,6.8270138481664
142,25,2001,50,-25,55,-15,10.1899185019474
143,33,2001,50,-25,55,-15,15.6370904487949
144,41,2001,50,-25,55,-15,23.6192275910776
145,49,2001,50,-25,55,-15,12.6204076482885
146,57,2001,50,-25,55,-15,9.8142653032503
147,65,2001,50,-25,55,-15,10.2710637085091
148,73,2001,50,-25,55,-15,11.5259401289723
149,81,2001,50,-25,55,-15,9.96149527424802
150,89,2001,50,-25,55,-15,9.8784766557159
151,97,2001,50,-25,55,-15,8.97422481595174
152,105,2001,50,-25,55,-15,28.5242195780848
153,113,2001,50,-25,55,-15,15.1015156130974
154,121,2001,50,-25,55,-15,14.2444527318278
155,129,2001,50,-25,55,-15,14.976062099714
156,137,2001,50,-25,55,-15,24.4063158054466
157,145,2001,50,-25,55,-15,23.7444981806778
158,153,2001,50,-25,55,-15,47.3941889706023
159,161,2001,50,-25,55,-15,35.1846348704639
160,169,2001,50,-25,55,-15,20.6610902597081
161,177,2001,50,-25,55,-15,20.089123589682
162,185,2001,50,-25,55,-15,13.2562451552182
163,193,2001,50,-25,55,-15,14.5608362251233
164,201,2001,50,-25,55,-15,11.4010210158942
165,209,2001,50,-25,55,-15,13.3502007370925
166,217,2001,50,-25,55,-15,12.4804655660514
167,225,2001,50,-25,55,-15,12.8836268236266
168,233,2001,50,-25,55,-15,11.2514422393135
169,241,2001,50,-25,55,-15,8.94314952146144
170,249,2001,50,-25,55,-15,8.4754942956018
171,257,2001,50,-25,55,-15,9.45328827736983
172,265,2001,50,-25,55,-15,16.283886677036
173,273,2001,50,-25,55,-15,8.62915381125016
174,281,2001,50,-25,55,-15,10.1146185620326
175,289,2001,50,-25,55,-15,7.98572117042558
176,297,2001,50,-25,55,-15,6.75108756257615
177,305,2001,50,-25,55,-15,6.49968231314194
178,313,2001,50,-25,55,-15,5.62453930720758
179,321,2001,50,-25,55,-15,4.30436674210684
180,329,2001,50,-25,55,-15,5.73398968442906
181,337,2001,50,-25,55,-15,6.34047417521708
182,345,2001,50,-25,55,-15,6.08958995160552
183,353,2001,50,-25,55,-15,9.40481308073173
184,361,2001,50,-25,55,-15,4.80870366450671
185,1,2002,50,-25,55,-15,4.15940655629924
186,9,2002,50,-25,55,-15,5.35723083365903
187,17,2002,50,-25,55,-15,9.29676682191734
188,25,2002,50,-25,55,-15,12.6976503285243
189,33,2002,50,-25,55,-15,16.3743660562371
190,41,2002,50,-25,55,-15,26.0044361026673
191,49,2002,50,-25,55,-15,21.8565190573281
192,57,2002,50,-25,55,-15,19.4376877110944
193,65,2002,50,-25,55,-15,10.9685389259295
194,73,2002,50,-25,55,-15,13.9771408431364
195,81,2002,50,-25,55,-15,10.9580989646777
196,89,2002,50,-25,55,-15,8.59009502361845
197,97,2002,50,-25,55,-15,8.08755856846561
198,105,2002,50,-25,55,-15,9.02703187101534
199,113,2002,50,-25,55,-15,11.4622267507805
200,121,2002,50,-25,55,-15,14.7530388267291
201,129,2002,50,-25,55,-15,25.9084699148676
202,137,2002,50,-25,55,-15,18.2977186190265
203,145,2002,50,-25,55,-15,14.9591501337939
204,153,2002,50,-25,55,-15,23.0095546962025
205,161,2002,50,-25,55,-15,18.0674126033364
206,169,2002,50,-25,55,-15,19.5949047409922
207,177,2002,50,-25,55,-15,17.469736361906
208,185,2002,50,-25,55,-15,17.7945335256978
209,193,2002,50,-25,55,-15,16.1474245268654
210,201,2002,50,-25,55,-15,20.0002905732054
211,209,2002,50,-25,55,-15,14.5971901922527
212,217,2002,50,-25,55,-15,23.0553810623929
213,225,2002,50,-25,55,-15,26.3225846421937
214,233,2002,50,-25,55,-15,17.9830317809575
215,241,2002,50,-25,55,-15,9.81455888263815
216,249,2002,50,-25,55,-15,7.83011717426186
217,257,2002,50,-25,55,-15,7.62636675257892
218,265,2002,50,-25,55,-15,9.24798934065717
219,273,2002,50,-25,55,-15,9.73384954994713
220,281,2002,50,-25,55,-15,9.12766122961603
221,289,2002,50,-25,55,-15,8.9735415540837
222,297,2002,50,-25,55,-15,17.7907011668986
223,305,2002,50,-25,55,-15,6.5328393991812
224,313,2002,50,-25,55,-15,6.85350802486444
225,321,2002,50,-25,55,-15,6.99438308030333
226,329,2002,50,-25,55,-15,5.80040037210445
227,337,2002,50,-25,55,-15,5.14515347266809
228,345,2002,50,-25,55,-15,4.66438311544735
229,353,2002,50,-25,55,-15,5.62066732313155
230,361,2002,50,-25,55,-15,6.83422219345668
